ticker,date,image_path,window_start,window_end
AAPL,2022-01-31,D:\full-stack2\data\charts\AAPL\2022-01-31.png,2022-01-03,2022-01-31
AAPL,2022-02-01,D:\full-stack2\data\charts\AAPL\2022-02-01.png,2022-01-04,2022-02-01
AAPL,2022-02-02,D:\full-stack2\data\charts\AAPL\2022-02-02.png,2022-01-05,2022-02-02
AAPL,2022-02-03,D:\full-stack2\data\charts\AAPL\2022-02-03.png,2022-01-06,2022-02-03
AAPL,2022-02-04,D:\full-stack2\data\charts\AAPL\2022-02-04.png,2022-01-07,2022-02-04
AAPL,2022-02-07,D:\full-stack2\data\charts\AAPL\2022-02-07.png,2022-01-10,2022-02-07
AAPL,2022-02-08,D:\full-stack2\data\charts\AAPL\2022-02-08.png,2022-01-11,2022-02-08
AAPL,2022-02-09,D:\full-stack2\data\charts\AAPL\2022-02-09.png,2022-01-12,2022-02-09
AAPL,2022-02-10,D:\full-stack2\data\charts\AAPL\2022-02-10.png,2022-01-13,2022-02-10
AAPL,2022-02-11,D:\full-stack2\data\charts\AAPL\2022-02-11.png,2022-01-14,2022-02-11
AAPL,2022-02-14,D:\full-stack2\data\charts\AAPL\2022-02-14.png,2022-01-18,2022-02-14
AAPL,2022-02-15,D:\full-stack2\data\charts\AAPL\2022-02-15.png,2022-01-19,2022-02-15
AAPL,2022-02-16,D:\full-stack2\data\charts\AAPL\2022-02-16.png,2022-01-20,2022-02-16
AAPL,2022-02-17,D:\full-stack2\data\charts\AAPL\2022-02-17.png,2022-01-21,2022-02-17
AAPL,2022-02-18,D:\full-stack2\data\charts\AAPL\2022-02-18.png,2022-01-24,2022-02-18
AAPL,2022-02-22,D:\full-stack2\data\charts\AAPL\2022-02-22.png,2022-01-25,2022-02-22
AAPL,2022-02-23,D:\full-stack2\data\charts\AAPL\2022-02-23.png,2022-01-26,2022-02-23
AAPL,2022-02-24,D:\full-stack2\data\charts\AAPL\2022-02-24.png,2022-01-27,2022-02-24
AAPL,2022-02-25,D:\full-stack2\data\charts\AAPL\2022-02-25.png,2022-01-28,2022-02-25
AAPL,2022-02-28,D:\full-stack2\data\charts\AAPL\2022-02-28.png,2022-01-31,2022-02-28
AAPL,2022-03-01,D:\full-stack2\data\charts\AAPL\2022-03-01.png,2022-02-01,2022-03-01
AAPL,2022-03-02,D:\full-stack2\data\charts\AAPL\2022-03-02.png,2022-02-02,2022-03-02
AAPL,2022-03-03,D:\full-stack2\data\charts\AAPL\2022-03-03.png,2022-02-03,2022-03-03
AAPL,2022-03-04,D:\full-stack2\data\charts\AAPL\2022-03-04.png,2022-02-04,2022-03-04
AAPL,2022-03-07,D:\full-stack2\data\charts\AAPL\2022-03-07.png,2022-02-07,2022-03-07
AAPL,2022-03-08,D:\full-stack2\data\charts\AAPL\2022-03-08.png,2022-02-08,2022-03-08
AAPL,2022-03-09,D:\full-stack2\data\charts\AAPL\2022-03-09.png,2022-02-09,2022-03-09
AAPL,2022-03-10,D:\full-stack2\data\charts\AAPL\2022-03-10.png,2022-02-10,2022-03-10
AAPL,2022-03-11,D:\full-stack2\data\charts\AAPL\2022-03-11.png,2022-02-11,2022-03-11
AAPL,2022-03-14,D:\full-stack2\data\charts\AAPL\2022-03-14.png,2022-02-14,2022-03-14
AAPL,2022-03-15,D:\full-stack2\data\charts\AAPL\2022-03-15.png,2022-02-15,2022-03-15
AAPL,2022-03-16,D:\full-stack2\data\charts\AAPL\2022-03-16.png,2022-02-16,2022-03-16
AAPL,2022-03-17,D:\full-stack2\data\charts\AAPL\2022-03-17.png,2022-02-17,2022-03-17
AAPL,2022-03-18,D:\full-stack2\data\charts\AAPL\2022-03-18.png,2022-02-18,2022-03-18
AAPL,2022-03-21,D:\full-stack2\data\charts\AAPL\2022-03-21.png,2022-02-22,2022-03-21
AAPL,2022-03-22,D:\full-stack2\data\charts\AAPL\2022-03-22.png,2022-02-23,2022-03-22
AAPL,2022-03-23,D:\full-stack2\data\charts\AAPL\2022-03-23.png,2022-02-24,2022-03-23
AAPL,2022-03-24,D:\full-stack2\data\charts\AAPL\2022-03-24.png,2022-02-25,2022-03-24
AAPL,2022-03-25,D:\full-stack2\data\charts\AAPL\2022-03-25.png,2022-02-28,2022-03-25
AAPL,2022-03-28,D:\full-stack2\data\charts\AAPL\2022-03-28.png,2022-03-01,2022-03-28
AAPL,2022-03-29,D:\full-stack2\data\charts\AAPL\2022-03-29.png,2022-03-02,2022-03-29
AAPL,2022-03-30,D:\full-stack2\data\charts\AAPL\2022-03-30.png,2022-03-03,2022-03-30
AAPL,2022-03-31,D:\full-stack2\data\charts\AAPL\2022-03-31.png,2022-03-04,2022-03-31
AAPL,2022-04-01,D:\full-stack2\data\charts\AAPL\2022-04-01.png,2022-03-07,2022-04-01
AAPL,2022-04-04,D:\full-stack2\data\charts\AAPL\2022-04-04.png,2022-03-08,2022-04-04
AAPL,2022-04-05,D:\full-stack2\data\charts\AAPL\2022-04-05.png,2022-03-09,2022-04-05
AAPL,2022-04-06,D:\full-stack2\data\charts\AAPL\2022-04-06.png,2022-03-10,2022-04-06
AAPL,2022-04-07,D:\full-stack2\data\charts\AAPL\2022-04-07.png,2022-03-11,2022-04-07
AAPL,2022-04-08,D:\full-stack2\data\charts\AAPL\2022-04-08.png,2022-03-14,2022-04-08
AAPL,2022-04-11,D:\full-stack2\data\charts\AAPL\2022-04-11.png,2022-03-15,2022-04-11
AAPL,2022-04-12,D:\full-stack2\data\charts\AAPL\2022-04-12.png,2022-03-16,2022-04-12
AAPL,2022-04-13,D:\full-stack2\data\charts\AAPL\2022-04-13.png,2022-03-17,2022-04-13
AAPL,2022-04-14,D:\full-stack2\data\charts\AAPL\2022-04-14.png,2022-03-18,2022-04-14
AAPL,2022-04-18,D:\full-stack2\data\charts\AAPL\2022-04-18.png,2022-03-21,2022-04-18
AAPL,2022-04-19,D:\full-stack2\data\charts\AAPL\2022-04-19.png,2022-03-22,2022-04-19
AAPL,2022-04-20,D:\full-stack2\data\charts\AAPL\2022-04-20.png,2022-03-23,2022-04-20
AAPL,2022-04-21,D:\full-stack2\data\charts\AAPL\2022-04-21.png,2022-03-24,2022-04-21
AAPL,2022-04-22,D:\full-stack2\data\charts\AAPL\2022-04-22.png,2022-03-25,2022-04-22
AAPL,2022-04-25,D:\full-stack2\data\charts\AAPL\2022-04-25.png,2022-03-28,2022-04-25
AAPL,2022-04-26,D:\full-stack2\data\charts\AAPL\2022-04-26.png,2022-03-29,2022-04-26
AAPL,2022-04-27,D:\full-stack2\data\charts\AAPL\2022-04-27.png,2022-03-30,2022-04-27
AAPL,2022-04-28,D:\full-stack2\data\charts\AAPL\2022-04-28.png,2022-03-31,2022-04-28
AAPL,2022-04-29,D:\full-stack2\data\charts\AAPL\2022-04-29.png,2022-04-01,2022-04-29
AAPL,2022-05-02,D:\full-stack2\data\charts\AAPL\2022-05-02.png,2022-04-04,2022-05-02
AAPL,2022-05-03,D:\full-stack2\data\charts\AAPL\2022-05-03.png,2022-04-05,2022-05-03
AAPL,2022-05-04,D:\full-stack2\data\charts\AAPL\2022-05-04.png,2022-04-06,2022-05-04
AAPL,2022-05-05,D:\full-stack2\data\charts\AAPL\2022-05-05.png,2022-04-07,2022-05-05
AAPL,2022-05-06,D:\full-stack2\data\charts\AAPL\2022-05-06.png,2022-04-08,2022-05-06
AAPL,2022-05-09,D:\full-stack2\data\charts\AAPL\2022-05-09.png,2022-04-11,2022-05-09
AAPL,2022-05-10,D:\full-stack2\data\charts\AAPL\2022-05-10.png,2022-04-12,2022-05-10
AAPL,2022-05-11,D:\full-stack2\data\charts\AAPL\2022-05-11.png,2022-04-13,2022-05-11
AAPL,2022-05-12,D:\full-stack2\data\charts\AAPL\2022-05-12.png,2022-04-14,2022-05-12
AAPL,2022-05-13,D:\full-stack2\data\charts\AAPL\2022-05-13.png,2022-04-18,2022-05-13
AAPL,2022-05-16,D:\full-stack2\data\charts\AAPL\2022-05-16.png,2022-04-19,2022-05-16
AAPL,2022-05-17,D:\full-stack2\data\charts\AAPL\2022-05-17.png,2022-04-20,2022-05-17
AAPL,2022-05-18,D:\full-stack2\data\charts\AAPL\2022-05-18.png,2022-04-21,2022-05-18
AAPL,2022-05-19,D:\full-stack2\data\charts\AAPL\2022-05-19.png,2022-04-22,2022-05-19
AAPL,2022-05-20,D:\full-stack2\data\charts\AAPL\2022-05-20.png,2022-04-25,2022-05-20
AAPL,2022-05-23,D:\full-stack2\data\charts\AAPL\2022-05-23.png,2022-04-26,2022-05-23
AAPL,2022-05-24,D:\full-stack2\data\charts\AAPL\2022-05-24.png,2022-04-27,2022-05-24
AAPL,2022-05-25,D:\full-stack2\data\charts\AAPL\2022-05-25.png,2022-04-28,2022-05-25
AAPL,2022-05-26,D:\full-stack2\data\charts\AAPL\2022-05-26.png,2022-04-29,2022-05-26
AAPL,2022-05-27,D:\full-stack2\data\charts\AAPL\2022-05-27.png,2022-05-02,2022-05-27
AAPL,2022-05-31,D:\full-stack2\data\charts\AAPL\2022-05-31.png,2022-05-03,2022-05-31
AAPL,2022-06-01,D:\full-stack2\data\charts\AAPL\2022-06-01.png,2022-05-04,2022-06-01
AAPL,2022-06-02,D:\full-stack2\data\charts\AAPL\2022-06-02.png,2022-05-05,2022-06-02
AAPL,2022-06-03,D:\full-stack2\data\charts\AAPL\2022-06-03.png,2022-05-06,2022-06-03
AAPL,2022-06-06,D:\full-stack2\data\charts\AAPL\2022-06-06.png,2022-05-09,2022-06-06
AAPL,2022-06-07,D:\full-stack2\data\charts\AAPL\2022-06-07.png,2022-05-10,2022-06-07
AAPL,2022-06-08,D:\full-stack2\data\charts\AAPL\2022-06-08.png,2022-05-11,2022-06-08
AAPL,2022-06-09,D:\full-stack2\data\charts\AAPL\2022-06-09.png,2022-05-12,2022-06-09
AAPL,2022-06-10,D:\full-stack2\data\charts\AAPL\2022-06-10.png,2022-05-13,2022-06-10
AAPL,2022-06-13,D:\full-stack2\data\charts\AAPL\2022-06-13.png,2022-05-16,2022-06-13
AAPL,2022-06-14,D:\full-stack2\data\charts\AAPL\2022-06-14.png,2022-05-17,2022-06-14
AAPL,2022-06-15,D:\full-stack2\data\charts\AAPL\2022-06-15.png,2022-05-18,2022-06-15
AAPL,2022-06-16,D:\full-stack2\data\charts\AAPL\2022-06-16.png,2022-05-19,2022-06-16
AAPL,2022-06-17,D:\full-stack2\data\charts\AAPL\2022-06-17.png,2022-05-20,2022-06-17
AAPL,2022-06-21,D:\full-stack2\data\charts\AAPL\2022-06-21.png,2022-05-23,2022-06-21
AAPL,2022-06-22,D:\full-stack2\data\charts\AAPL\2022-06-22.png,2022-05-24,2022-06-22
AAPL,2022-06-23,D:\full-stack2\data\charts\AAPL\2022-06-23.png,2022-05-25,2022-06-23
AAPL,2022-06-24,D:\full-stack2\data\charts\AAPL\2022-06-24.png,2022-05-26,2022-06-24
AAPL,2022-06-27,D:\full-stack2\data\charts\AAPL\2022-06-27.png,2022-05-27,2022-06-27
AAPL,2022-06-28,D:\full-stack2\data\charts\AAPL\2022-06-28.png,2022-05-31,2022-06-28
AAPL,2022-06-29,D:\full-stack2\data\charts\AAPL\2022-06-29.png,2022-06-01,2022-06-29
AAPL,2022-06-30,D:\full-stack2\data\charts\AAPL\2022-06-30.png,2022-06-02,2022-06-30
AAPL,2022-07-01,D:\full-stack2\data\charts\AAPL\2022-07-01.png,2022-06-03,2022-07-01
AAPL,2022-07-05,D:\full-stack2\data\charts\AAPL\2022-07-05.png,2022-06-06,2022-07-05
AAPL,2022-07-06,D:\full-stack2\data\charts\AAPL\2022-07-06.png,2022-06-07,2022-07-06
AAPL,2022-07-07,D:\full-stack2\data\charts\AAPL\2022-07-07.png,2022-06-08,2022-07-07
AAPL,2022-07-08,D:\full-stack2\data\charts\AAPL\2022-07-08.png,2022-06-09,2022-07-08
AAPL,2022-07-11,D:\full-stack2\data\charts\AAPL\2022-07-11.png,2022-06-10,2022-07-11
AAPL,2022-07-12,D:\full-stack2\data\charts\AAPL\2022-07-12.png,2022-06-13,2022-07-12
AAPL,2022-07-13,D:\full-stack2\data\charts\AAPL\2022-07-13.png,2022-06-14,2022-07-13
AAPL,2022-07-14,D:\full-stack2\data\charts\AAPL\2022-07-14.png,2022-06-15,2022-07-14
AAPL,2022-07-15,D:\full-stack2\data\charts\AAPL\2022-07-15.png,2022-06-16,2022-07-15
AAPL,2022-07-18,D:\full-stack2\data\charts\AAPL\2022-07-18.png,2022-06-17,2022-07-18
AAPL,2022-07-19,D:\full-stack2\data\charts\AAPL\2022-07-19.png,2022-06-21,2022-07-19
AAPL,2022-07-20,D:\full-stack2\data\charts\AAPL\2022-07-20.png,2022-06-22,2022-07-20
AAPL,2022-07-21,D:\full-stack2\data\charts\AAPL\2022-07-21.png,2022-06-23,2022-07-21
AAPL,2022-07-22,D:\full-stack2\data\charts\AAPL\2022-07-22.png,2022-06-24,2022-07-22
AAPL,2022-07-25,D:\full-stack2\data\charts\AAPL\2022-07-25.png,2022-06-27,2022-07-25
AAPL,2022-07-26,D:\full-stack2\data\charts\AAPL\2022-07-26.png,2022-06-28,2022-07-26
AAPL,2022-07-27,D:\full-stack2\data\charts\AAPL\2022-07-27.png,2022-06-29,2022-07-27
AAPL,2022-07-28,D:\full-stack2\data\charts\AAPL\2022-07-28.png,2022-06-30,2022-07-28
AAPL,2022-07-29,D:\full-stack2\data\charts\AAPL\2022-07-29.png,2022-07-01,2022-07-29
AAPL,2022-08-01,D:\full-stack2\data\charts\AAPL\2022-08-01.png,2022-07-05,2022-08-01
AAPL,2022-08-02,D:\full-stack2\data\charts\AAPL\2022-08-02.png,2022-07-06,2022-08-02
AAPL,2022-08-03,D:\full-stack2\data\charts\AAPL\2022-08-03.png,2022-07-07,2022-08-03
AAPL,2022-08-04,D:\full-stack2\data\charts\AAPL\2022-08-04.png,2022-07-08,2022-08-04
AAPL,2022-08-05,D:\full-stack2\data\charts\AAPL\2022-08-05.png,2022-07-11,2022-08-05
AAPL,2022-08-08,D:\full-stack2\data\charts\AAPL\2022-08-08.png,2022-07-12,2022-08-08
AAPL,2022-08-09,D:\full-stack2\data\charts\AAPL\2022-08-09.png,2022-07-13,2022-08-09
AAPL,2022-08-10,D:\full-stack2\data\charts\AAPL\2022-08-10.png,2022-07-14,2022-08-10
AAPL,2022-08-11,D:\full-stack2\data\charts\AAPL\2022-08-11.png,2022-07-15,2022-08-11
AAPL,2022-08-12,D:\full-stack2\data\charts\AAPL\2022-08-12.png,2022-07-18,2022-08-12
AAPL,2022-08-15,D:\full-stack2\data\charts\AAPL\2022-08-15.png,2022-07-19,2022-08-15
AAPL,2022-08-16,D:\full-stack2\data\charts\AAPL\2022-08-16.png,2022-07-20,2022-08-16
AAPL,2022-08-17,D:\full-stack2\data\charts\AAPL\2022-08-17.png,2022-07-21,2022-08-17
AAPL,2022-08-18,D:\full-stack2\data\charts\AAPL\2022-08-18.png,2022-07-22,2022-08-18
AAPL,2022-08-19,D:\full-stack2\data\charts\AAPL\2022-08-19.png,2022-07-25,2022-08-19
AAPL,2022-08-22,D:\full-stack2\data\charts\AAPL\2022-08-22.png,2022-07-26,2022-08-22
AAPL,2022-08-23,D:\full-stack2\data\charts\AAPL\2022-08-23.png,2022-07-27,2022-08-23
AAPL,2022-08-24,D:\full-stack2\data\charts\AAPL\2022-08-24.png,2022-07-28,2022-08-24
AAPL,2022-08-25,D:\full-stack2\data\charts\AAPL\2022-08-25.png,2022-07-29,2022-08-25
AAPL,2022-08-26,D:\full-stack2\data\charts\AAPL\2022-08-26.png,2022-08-01,2022-08-26
AAPL,2022-08-29,D:\full-stack2\data\charts\AAPL\2022-08-29.png,2022-08-02,2022-08-29
AAPL,2022-08-30,D:\full-stack2\data\charts\AAPL\2022-08-30.png,2022-08-03,2022-08-30
AAPL,2022-08-31,D:\full-stack2\data\charts\AAPL\2022-08-31.png,2022-08-04,2022-08-31
AAPL,2022-09-01,D:\full-stack2\data\charts\AAPL\2022-09-01.png,2022-08-05,2022-09-01
AAPL,2022-09-02,D:\full-stack2\data\charts\AAPL\2022-09-02.png,2022-08-08,2022-09-02
AAPL,2022-09-06,D:\full-stack2\data\charts\AAPL\2022-09-06.png,2022-08-09,2022-09-06
AAPL,2022-09-07,D:\full-stack2\data\charts\AAPL\2022-09-07.png,2022-08-10,2022-09-07
AAPL,2022-09-08,D:\full-stack2\data\charts\AAPL\2022-09-08.png,2022-08-11,2022-09-08
AAPL,2022-09-09,D:\full-stack2\data\charts\AAPL\2022-09-09.png,2022-08-12,2022-09-09
AAPL,2022-09-12,D:\full-stack2\data\charts\AAPL\2022-09-12.png,2022-08-15,2022-09-12
AAPL,2022-09-13,D:\full-stack2\data\charts\AAPL\2022-09-13.png,2022-08-16,2022-09-13
AAPL,2022-09-14,D:\full-stack2\data\charts\AAPL\2022-09-14.png,2022-08-17,2022-09-14
AAPL,2022-09-15,D:\full-stack2\data\charts\AAPL\2022-09-15.png,2022-08-18,2022-09-15
AAPL,2022-09-16,D:\full-stack2\data\charts\AAPL\2022-09-16.png,2022-08-19,2022-09-16
AAPL,2022-09-19,D:\full-stack2\data\charts\AAPL\2022-09-19.png,2022-08-22,2022-09-19
AAPL,2022-09-20,D:\full-stack2\data\charts\AAPL\2022-09-20.png,2022-08-23,2022-09-20
AAPL,2022-09-21,D:\full-stack2\data\charts\AAPL\2022-09-21.png,2022-08-24,2022-09-21
AAPL,2022-09-22,D:\full-stack2\data\charts\AAPL\2022-09-22.png,2022-08-25,2022-09-22
AAPL,2022-09-23,D:\full-stack2\data\charts\AAPL\2022-09-23.png,2022-08-26,2022-09-23
AAPL,2022-09-26,D:\full-stack2\data\charts\AAPL\2022-09-26.png,2022-08-29,2022-09-26
AAPL,2022-09-27,D:\full-stack2\data\charts\AAPL\2022-09-27.png,2022-08-30,2022-09-27
AAPL,2022-09-28,D:\full-stack2\data\charts\AAPL\2022-09-28.png,2022-08-31,2022-09-28
AAPL,2022-09-29,D:\full-stack2\data\charts\AAPL\2022-09-29.png,2022-09-01,2022-09-29
AAPL,2022-09-30,D:\full-stack2\data\charts\AAPL\2022-09-30.png,2022-09-02,2022-09-30
AAPL,2022-10-03,D:\full-stack2\data\charts\AAPL\2022-10-03.png,2022-09-06,2022-10-03
AAPL,2022-10-04,D:\full-stack2\data\charts\AAPL\2022-10-04.png,2022-09-07,2022-10-04
AAPL,2022-10-05,D:\full-stack2\data\charts\AAPL\2022-10-05.png,2022-09-08,2022-10-05
AAPL,2022-10-06,D:\full-stack2\data\charts\AAPL\2022-10-06.png,2022-09-09,2022-10-06
AAPL,2022-10-07,D:\full-stack2\data\charts\AAPL\2022-10-07.png,2022-09-12,2022-10-07
AAPL,2022-10-10,D:\full-stack2\data\charts\AAPL\2022-10-10.png,2022-09-13,2022-10-10
AAPL,2022-10-11,D:\full-stack2\data\charts\AAPL\2022-10-11.png,2022-09-14,2022-10-11
AAPL,2022-10-12,D:\full-stack2\data\charts\AAPL\2022-10-12.png,2022-09-15,2022-10-12
AAPL,2022-10-13,D:\full-stack2\data\charts\AAPL\2022-10-13.png,2022-09-16,2022-10-13
AAPL,2022-10-14,D:\full-stack2\data\charts\AAPL\2022-10-14.png,2022-09-19,2022-10-14
AAPL,2022-10-17,D:\full-stack2\data\charts\AAPL\2022-10-17.png,2022-09-20,2022-10-17
AAPL,2022-10-18,D:\full-stack2\data\charts\AAPL\2022-10-18.png,2022-09-21,2022-10-18
AAPL,2022-10-19,D:\full-stack2\data\charts\AAPL\2022-10-19.png,2022-09-22,2022-10-19
AAPL,2022-10-20,D:\full-stack2\data\charts\AAPL\2022-10-20.png,2022-09-23,2022-10-20
AAPL,2022-10-21,D:\full-stack2\data\charts\AAPL\2022-10-21.png,2022-09-26,2022-10-21
AAPL,2022-10-24,D:\full-stack2\data\charts\AAPL\2022-10-24.png,2022-09-27,2022-10-24
AAPL,2022-10-25,D:\full-stack2\data\charts\AAPL\2022-10-25.png,2022-09-28,2022-10-25
AAPL,2022-10-26,D:\full-stack2\data\charts\AAPL\2022-10-26.png,2022-09-29,2022-10-26
AAPL,2022-10-27,D:\full-stack2\data\charts\AAPL\2022-10-27.png,2022-09-30,2022-10-27
AAPL,2022-10-28,D:\full-stack2\data\charts\AAPL\2022-10-28.png,2022-10-03,2022-10-28
AAPL,2022-10-31,D:\full-stack2\data\charts\AAPL\2022-10-31.png,2022-10-04,2022-10-31
AAPL,2022-11-01,D:\full-stack2\data\charts\AAPL\2022-11-01.png,2022-10-05,2022-11-01
AAPL,2022-11-02,D:\full-stack2\data\charts\AAPL\2022-11-02.png,2022-10-06,2022-11-02
AAPL,2022-11-03,D:\full-stack2\data\charts\AAPL\2022-11-03.png,2022-10-07,2022-11-03
AAPL,2022-11-04,D:\full-stack2\data\charts\AAPL\2022-11-04.png,2022-10-10,2022-11-04
AAPL,2022-11-07,D:\full-stack2\data\charts\AAPL\2022-11-07.png,2022-10-11,2022-11-07
AAPL,2022-11-08,D:\full-stack2\data\charts\AAPL\2022-11-08.png,2022-10-12,2022-11-08
AAPL,2022-11-09,D:\full-stack2\data\charts\AAPL\2022-11-09.png,2022-10-13,2022-11-09
AAPL,2022-11-10,D:\full-stack2\data\charts\AAPL\2022-11-10.png,2022-10-14,2022-11-10
AAPL,2022-11-11,D:\full-stack2\data\charts\AAPL\2022-11-11.png,2022-10-17,2022-11-11
AAPL,2022-11-14,D:\full-stack2\data\charts\AAPL\2022-11-14.png,2022-10-18,2022-11-14
AAPL,2022-11-15,D:\full-stack2\data\charts\AAPL\2022-11-15.png,2022-10-19,2022-11-15
AAPL,2022-11-16,D:\full-stack2\data\charts\AAPL\2022-11-16.png,2022-10-20,2022-11-16
AAPL,2022-11-17,D:\full-stack2\data\charts\AAPL\2022-11-17.png,2022-10-21,2022-11-17
AAPL,2022-11-18,D:\full-stack2\data\charts\AAPL\2022-11-18.png,2022-10-24,2022-11-18
AAPL,2022-11-21,D:\full-stack2\data\charts\AAPL\2022-11-21.png,2022-10-25,2022-11-21
AAPL,2022-11-22,D:\full-stack2\data\charts\AAPL\2022-11-22.png,2022-10-26,2022-11-22
AAPL,2022-11-23,D:\full-stack2\data\charts\AAPL\2022-11-23.png,2022-10-27,2022-11-23
AAPL,2022-11-25,D:\full-stack2\data\charts\AAPL\2022-11-25.png,2022-10-28,2022-11-25
AAPL,2022-11-28,D:\full-stack2\data\charts\AAPL\2022-11-28.png,2022-10-31,2022-11-28
AAPL,2022-11-29,D:\full-stack2\data\charts\AAPL\2022-11-29.png,2022-11-01,2022-11-29
AAPL,2022-11-30,D:\full-stack2\data\charts\AAPL\2022-11-30.png,2022-11-02,2022-11-30
AAPL,2022-12-01,D:\full-stack2\data\charts\AAPL\2022-12-01.png,2022-11-03,2022-12-01
AAPL,2022-12-02,D:\full-stack2\data\charts\AAPL\2022-12-02.png,2022-11-04,2022-12-02
AAPL,2022-12-05,D:\full-stack2\data\charts\AAPL\2022-12-05.png,2022-11-07,2022-12-05
AAPL,2022-12-06,D:\full-stack2\data\charts\AAPL\2022-12-06.png,2022-11-08,2022-12-06
AAPL,2022-12-07,D:\full-stack2\data\charts\AAPL\2022-12-07.png,2022-11-09,2022-12-07
AAPL,2022-12-08,D:\full-stack2\data\charts\AAPL\2022-12-08.png,2022-11-10,2022-12-08
AAPL,2022-12-09,D:\full-stack2\data\charts\AAPL\2022-12-09.png,2022-11-11,2022-12-09
AAPL,2022-12-12,D:\full-stack2\data\charts\AAPL\2022-12-12.png,2022-11-14,2022-12-12
AAPL,2022-12-13,D:\full-stack2\data\charts\AAPL\2022-12-13.png,2022-11-15,2022-12-13
AAPL,2022-12-14,D:\full-stack2\data\charts\AAPL\2022-12-14.png,2022-11-16,2022-12-14
AAPL,2022-12-15,D:\full-stack2\data\charts\AAPL\2022-12-15.png,2022-11-17,2022-12-15
AAPL,2022-12-16,D:\full-stack2\data\charts\AAPL\2022-12-16.png,2022-11-18,2022-12-16
AAPL,2022-12-19,D:\full-stack2\data\charts\AAPL\2022-12-19.png,2022-11-21,2022-12-19
AAPL,2022-12-20,D:\full-stack2\data\charts\AAPL\2022-12-20.png,2022-11-22,2022-12-20
AAPL,2022-12-21,D:\full-stack2\data\charts\AAPL\2022-12-21.png,2022-11-23,2022-12-21
AAPL,2022-12-22,D:\full-stack2\data\charts\AAPL\2022-12-22.png,2022-11-25,2022-12-22
AAPL,2022-12-23,D:\full-stack2\data\charts\AAPL\2022-12-23.png,2022-11-28,2022-12-23
AAPL,2022-12-27,D:\full-stack2\data\charts\AAPL\2022-12-27.png,2022-11-29,2022-12-27
AAPL,2022-12-28,D:\full-stack2\data\charts\AAPL\2022-12-28.png,2022-11-30,2022-12-28
AAPL,2022-12-29,D:\full-stack2\data\charts\AAPL\2022-12-29.png,2022-12-01,2022-12-29
AAPL,2022-12-30,D:\full-stack2\data\charts\AAPL\2022-12-30.png,2022-12-02,2022-12-30
AAPL,2023-01-03,D:\full-stack2\data\charts\AAPL\2023-01-03.png,2022-12-05,2023-01-03
AAPL,2023-01-04,D:\full-stack2\data\charts\AAPL\2023-01-04.png,2022-12-06,2023-01-04
AAPL,2023-01-05,D:\full-stack2\data\charts\AAPL\2023-01-05.png,2022-12-07,2023-01-05
AAPL,2023-01-06,D:\full-stack2\data\charts\AAPL\2023-01-06.png,2022-12-08,2023-01-06
AAPL,2023-01-09,D:\full-stack2\data\charts\AAPL\2023-01-09.png,2022-12-09,2023-01-09
AAPL,2023-01-10,D:\full-stack2\data\charts\AAPL\2023-01-10.png,2022-12-12,2023-01-10
AAPL,2023-01-11,D:\full-stack2\data\charts\AAPL\2023-01-11.png,2022-12-13,2023-01-11
AAPL,2023-01-12,D:\full-stack2\data\charts\AAPL\2023-01-12.png,2022-12-14,2023-01-12
AAPL,2023-01-13,D:\full-stack2\data\charts\AAPL\2023-01-13.png,2022-12-15,2023-01-13
AAPL,2023-01-17,D:\full-stack2\data\charts\AAPL\2023-01-17.png,2022-12-16,2023-01-17
AAPL,2023-01-18,D:\full-stack2\data\charts\AAPL\2023-01-18.png,2022-12-19,2023-01-18
AAPL,2023-01-19,D:\full-stack2\data\charts\AAPL\2023-01-19.png,2022-12-20,2023-01-19
AAPL,2023-01-20,D:\full-stack2\data\charts\AAPL\2023-01-20.png,2022-12-21,2023-01-20
AAPL,2023-01-23,D:\full-stack2\data\charts\AAPL\2023-01-23.png,2022-12-22,2023-01-23
AAPL,2023-01-24,D:\full-stack2\data\charts\AAPL\2023-01-24.png,2022-12-23,2023-01-24
AAPL,2023-01-25,D:\full-stack2\data\charts\AAPL\2023-01-25.png,2022-12-27,2023-01-25
AAPL,2023-01-26,D:\full-stack2\data\charts\AAPL\2023-01-26.png,2022-12-28,2023-01-26
AAPL,2023-01-27,D:\full-stack2\data\charts\AAPL\2023-01-27.png,2022-12-29,2023-01-27
AAPL,2023-01-30,D:\full-stack2\data\charts\AAPL\2023-01-30.png,2022-12-30,2023-01-30
AAPL,2023-01-31,D:\full-stack2\data\charts\AAPL\2023-01-31.png,2023-01-03,2023-01-31
AAPL,2023-02-01,D:\full-stack2\data\charts\AAPL\2023-02-01.png,2023-01-04,2023-02-01
AAPL,2023-02-02,D:\full-stack2\data\charts\AAPL\2023-02-02.png,2023-01-05,2023-02-02
AAPL,2023-02-03,D:\full-stack2\data\charts\AAPL\2023-02-03.png,2023-01-06,2023-02-03
AAPL,2023-02-06,D:\full-stack2\data\charts\AAPL\2023-02-06.png,2023-01-09,2023-02-06
AAPL,2023-02-07,D:\full-stack2\data\charts\AAPL\2023-02-07.png,2023-01-10,2023-02-07
AAPL,2023-02-08,D:\full-stack2\data\charts\AAPL\2023-02-08.png,2023-01-11,2023-02-08
AAPL,2023-02-09,D:\full-stack2\data\charts\AAPL\2023-02-09.png,2023-01-12,2023-02-09
AAPL,2023-02-10,D:\full-stack2\data\charts\AAPL\2023-02-10.png,2023-01-13,2023-02-10
AAPL,2023-02-13,D:\full-stack2\data\charts\AAPL\2023-02-13.png,2023-01-17,2023-02-13
AAPL,2023-02-14,D:\full-stack2\data\charts\AAPL\2023-02-14.png,2023-01-18,2023-02-14
AAPL,2023-02-15,D:\full-stack2\data\charts\AAPL\2023-02-15.png,2023-01-19,2023-02-15
AAPL,2023-02-16,D:\full-stack2\data\charts\AAPL\2023-02-16.png,2023-01-20,2023-02-16
AAPL,2023-02-17,D:\full-stack2\data\charts\AAPL\2023-02-17.png,2023-01-23,2023-02-17
AAPL,2023-02-21,D:\full-stack2\data\charts\AAPL\2023-02-21.png,2023-01-24,2023-02-21
AAPL,2023-02-22,D:\full-stack2\data\charts\AAPL\2023-02-22.png,2023-01-25,2023-02-22
AAPL,2023-02-23,D:\full-stack2\data\charts\AAPL\2023-02-23.png,2023-01-26,2023-02-23
AAPL,2023-02-24,D:\full-stack2\data\charts\AAPL\2023-02-24.png,2023-01-27,2023-02-24
AAPL,2023-02-27,D:\full-stack2\data\charts\AAPL\2023-02-27.png,2023-01-30,2023-02-27
AAPL,2023-02-28,D:\full-stack2\data\charts\AAPL\2023-02-28.png,2023-01-31,2023-02-28
AAPL,2023-03-01,D:\full-stack2\data\charts\AAPL\2023-03-01.png,2023-02-01,2023-03-01
AAPL,2023-03-02,D:\full-stack2\data\charts\AAPL\2023-03-02.png,2023-02-02,2023-03-02
AAPL,2023-03-03,D:\full-stack2\data\charts\AAPL\2023-03-03.png,2023-02-03,2023-03-03
AAPL,2023-03-06,D:\full-stack2\data\charts\AAPL\2023-03-06.png,2023-02-06,2023-03-06
AAPL,2023-03-07,D:\full-stack2\data\charts\AAPL\2023-03-07.png,2023-02-07,2023-03-07
AAPL,2023-03-08,D:\full-stack2\data\charts\AAPL\2023-03-08.png,2023-02-08,2023-03-08
AAPL,2023-03-09,D:\full-stack2\data\charts\AAPL\2023-03-09.png,2023-02-09,2023-03-09
AAPL,2023-03-10,D:\full-stack2\data\charts\AAPL\2023-03-10.png,2023-02-10,2023-03-10
AAPL,2023-03-13,D:\full-stack2\data\charts\AAPL\2023-03-13.png,2023-02-13,2023-03-13
AAPL,2023-03-14,D:\full-stack2\data\charts\AAPL\2023-03-14.png,2023-02-14,2023-03-14
AAPL,2023-03-15,D:\full-stack2\data\charts\AAPL\2023-03-15.png,2023-02-15,2023-03-15
AAPL,2023-03-16,D:\full-stack2\data\charts\AAPL\2023-03-16.png,2023-02-16,2023-03-16
AAPL,2023-03-17,D:\full-stack2\data\charts\AAPL\2023-03-17.png,2023-02-17,2023-03-17
AAPL,2023-03-20,D:\full-stack2\data\charts\AAPL\2023-03-20.png,2023-02-21,2023-03-20
AAPL,2023-03-21,D:\full-stack2\data\charts\AAPL\2023-03-21.png,2023-02-22,2023-03-21
AAPL,2023-03-22,D:\full-stack2\data\charts\AAPL\2023-03-22.png,2023-02-23,2023-03-22
AAPL,2023-03-23,D:\full-stack2\data\charts\AAPL\2023-03-23.png,2023-02-24,2023-03-23
AAPL,2023-03-24,D:\full-stack2\data\charts\AAPL\2023-03-24.png,2023-02-27,2023-03-24
AAPL,2023-03-27,D:\full-stack2\data\charts\AAPL\2023-03-27.png,2023-02-28,2023-03-27
AAPL,2023-03-28,D:\full-stack2\data\charts\AAPL\2023-03-28.png,2023-03-01,2023-03-28
AAPL,2023-03-29,D:\full-stack2\data\charts\AAPL\2023-03-29.png,2023-03-02,2023-03-29
AAPL,2023-03-30,D:\full-stack2\data\charts\AAPL\2023-03-30.png,2023-03-03,2023-03-30
AAPL,2023-03-31,D:\full-stack2\data\charts\AAPL\2023-03-31.png,2023-03-06,2023-03-31
AAPL,2023-04-03,D:\full-stack2\data\charts\AAPL\2023-04-03.png,2023-03-07,2023-04-03
AAPL,2023-04-04,D:\full-stack2\data\charts\AAPL\2023-04-04.png,2023-03-08,2023-04-04
AAPL,2023-04-05,D:\full-stack2\data\charts\AAPL\2023-04-05.png,2023-03-09,2023-04-05
AAPL,2023-04-06,D:\full-stack2\data\charts\AAPL\2023-04-06.png,2023-03-10,2023-04-06
AAPL,2023-04-10,D:\full-stack2\data\charts\AAPL\2023-04-10.png,2023-03-13,2023-04-10
AAPL,2023-04-11,D:\full-stack2\data\charts\AAPL\2023-04-11.png,2023-03-14,2023-04-11
AAPL,2023-04-12,D:\full-stack2\data\charts\AAPL\2023-04-12.png,2023-03-15,2023-04-12
AAPL,2023-04-13,D:\full-stack2\data\charts\AAPL\2023-04-13.png,2023-03-16,2023-04-13
AAPL,2023-04-14,D:\full-stack2\data\charts\AAPL\2023-04-14.png,2023-03-17,2023-04-14
AAPL,2023-04-17,D:\full-stack2\data\charts\AAPL\2023-04-17.png,2023-03-20,2023-04-17
AAPL,2023-04-18,D:\full-stack2\data\charts\AAPL\2023-04-18.png,2023-03-21,2023-04-18
AAPL,2023-04-19,D:\full-stack2\data\charts\AAPL\2023-04-19.png,2023-03-22,2023-04-19
AAPL,2023-04-20,D:\full-stack2\data\charts\AAPL\2023-04-20.png,2023-03-23,2023-04-20
AAPL,2023-04-21,D:\full-stack2\data\charts\AAPL\2023-04-21.png,2023-03-24,2023-04-21
AAPL,2023-04-24,D:\full-stack2\data\charts\AAPL\2023-04-24.png,2023-03-27,2023-04-24
AAPL,2023-04-25,D:\full-stack2\data\charts\AAPL\2023-04-25.png,2023-03-28,2023-04-25
AAPL,2023-04-26,D:\full-stack2\data\charts\AAPL\2023-04-26.png,2023-03-29,2023-04-26
AAPL,2023-04-27,D:\full-stack2\data\charts\AAPL\2023-04-27.png,2023-03-30,2023-04-27
AAPL,2023-04-28,D:\full-stack2\data\charts\AAPL\2023-04-28.png,2023-03-31,2023-04-28
AAPL,2023-05-01,D:\full-stack2\data\charts\AAPL\2023-05-01.png,2023-04-03,2023-05-01
AAPL,2023-05-02,D:\full-stack2\data\charts\AAPL\2023-05-02.png,2023-04-04,2023-05-02
AAPL,2023-05-03,D:\full-stack2\data\charts\AAPL\2023-05-03.png,2023-04-05,2023-05-03
AAPL,2023-05-04,D:\full-stack2\data\charts\AAPL\2023-05-04.png,2023-04-06,2023-05-04
AAPL,2023-05-05,D:\full-stack2\data\charts\AAPL\2023-05-05.png,2023-04-10,2023-05-05
AAPL,2023-05-08,D:\full-stack2\data\charts\AAPL\2023-05-08.png,2023-04-11,2023-05-08
AAPL,2023-05-09,D:\full-stack2\data\charts\AAPL\2023-05-09.png,2023-04-12,2023-05-09
AAPL,2023-05-10,D:\full-stack2\data\charts\AAPL\2023-05-10.png,2023-04-13,2023-05-10
AAPL,2023-05-11,D:\full-stack2\data\charts\AAPL\2023-05-11.png,2023-04-14,2023-05-11
AAPL,2023-05-12,D:\full-stack2\data\charts\AAPL\2023-05-12.png,2023-04-17,2023-05-12
AAPL,2023-05-15,D:\full-stack2\data\charts\AAPL\2023-05-15.png,2023-04-18,2023-05-15
AAPL,2023-05-16,D:\full-stack2\data\charts\AAPL\2023-05-16.png,2023-04-19,2023-05-16
AAPL,2023-05-17,D:\full-stack2\data\charts\AAPL\2023-05-17.png,2023-04-20,2023-05-17
AAPL,2023-05-18,D:\full-stack2\data\charts\AAPL\2023-05-18.png,2023-04-21,2023-05-18
AAPL,2023-05-19,D:\full-stack2\data\charts\AAPL\2023-05-19.png,2023-04-24,2023-05-19
AAPL,2023-05-22,D:\full-stack2\data\charts\AAPL\2023-05-22.png,2023-04-25,2023-05-22
AAPL,2023-05-23,D:\full-stack2\data\charts\AAPL\2023-05-23.png,2023-04-26,2023-05-23
AAPL,2023-05-24,D:\full-stack2\data\charts\AAPL\2023-05-24.png,2023-04-27,2023-05-24
AAPL,2023-05-25,D:\full-stack2\data\charts\AAPL\2023-05-25.png,2023-04-28,2023-05-25
AAPL,2023-05-26,D:\full-stack2\data\charts\AAPL\2023-05-26.png,2023-05-01,2023-05-26
AAPL,2023-05-30,D:\full-stack2\data\charts\AAPL\2023-05-30.png,2023-05-02,2023-05-30
AAPL,2023-05-31,D:\full-stack2\data\charts\AAPL\2023-05-31.png,2023-05-03,2023-05-31
AAPL,2023-06-01,D:\full-stack2\data\charts\AAPL\2023-06-01.png,2023-05-04,2023-06-01
AAPL,2023-06-02,D:\full-stack2\data\charts\AAPL\2023-06-02.png,2023-05-05,2023-06-02
AAPL,2023-06-05,D:\full-stack2\data\charts\AAPL\2023-06-05.png,2023-05-08,2023-06-05
AAPL,2023-06-06,D:\full-stack2\data\charts\AAPL\2023-06-06.png,2023-05-09,2023-06-06
AAPL,2023-06-07,D:\full-stack2\data\charts\AAPL\2023-06-07.png,2023-05-10,2023-06-07
AAPL,2023-06-08,D:\full-stack2\data\charts\AAPL\2023-06-08.png,2023-05-11,2023-06-08
AAPL,2023-06-09,D:\full-stack2\data\charts\AAPL\2023-06-09.png,2023-05-12,2023-06-09
AAPL,2023-06-12,D:\full-stack2\data\charts\AAPL\2023-06-12.png,2023-05-15,2023-06-12
AAPL,2023-06-13,D:\full-stack2\data\charts\AAPL\2023-06-13.png,2023-05-16,2023-06-13
AAPL,2023-06-14,D:\full-stack2\data\charts\AAPL\2023-06-14.png,2023-05-17,2023-06-14
AAPL,2023-06-15,D:\full-stack2\data\charts\AAPL\2023-06-15.png,2023-05-18,2023-06-15
AAPL,2023-06-16,D:\full-stack2\data\charts\AAPL\2023-06-16.png,2023-05-19,2023-06-16
AAPL,2023-06-20,D:\full-stack2\data\charts\AAPL\2023-06-20.png,2023-05-22,2023-06-20
AAPL,2023-06-21,D:\full-stack2\data\charts\AAPL\2023-06-21.png,2023-05-23,2023-06-21
AAPL,2023-06-22,D:\full-stack2\data\charts\AAPL\2023-06-22.png,2023-05-24,2023-06-22
AAPL,2023-06-23,D:\full-stack2\data\charts\AAPL\2023-06-23.png,2023-05-25,2023-06-23
AAPL,2023-06-26,D:\full-stack2\data\charts\AAPL\2023-06-26.png,2023-05-26,2023-06-26
AAPL,2023-06-27,D:\full-stack2\data\charts\AAPL\2023-06-27.png,2023-05-30,2023-06-27
AAPL,2023-06-28,D:\full-stack2\data\charts\AAPL\2023-06-28.png,2023-05-31,2023-06-28
AAPL,2023-06-29,D:\full-stack2\data\charts\AAPL\2023-06-29.png,2023-06-01,2023-06-29
AAPL,2023-06-30,D:\full-stack2\data\charts\AAPL\2023-06-30.png,2023-06-02,2023-06-30
AAPL,2023-07-03,D:\full-stack2\data\charts\AAPL\2023-07-03.png,2023-06-05,2023-07-03
AAPL,2023-07-05,D:\full-stack2\data\charts\AAPL\2023-07-05.png,2023-06-06,2023-07-05
AAPL,2023-07-06,D:\full-stack2\data\charts\AAPL\2023-07-06.png,2023-06-07,2023-07-06
AAPL,2023-07-07,D:\full-stack2\data\charts\AAPL\2023-07-07.png,2023-06-08,2023-07-07
AAPL,2023-07-10,D:\full-stack2\data\charts\AAPL\2023-07-10.png,2023-06-09,2023-07-10
AAPL,2023-07-11,D:\full-stack2\data\charts\AAPL\2023-07-11.png,2023-06-12,2023-07-11
AAPL,2023-07-12,D:\full-stack2\data\charts\AAPL\2023-07-12.png,2023-06-13,2023-07-12
AAPL,2023-07-13,D:\full-stack2\data\charts\AAPL\2023-07-13.png,2023-06-14,2023-07-13
AAPL,2023-07-14,D:\full-stack2\data\charts\AAPL\2023-07-14.png,2023-06-15,2023-07-14
AAPL,2023-07-17,D:\full-stack2\data\charts\AAPL\2023-07-17.png,2023-06-16,2023-07-17
AAPL,2023-07-18,D:\full-stack2\data\charts\AAPL\2023-07-18.png,2023-06-20,2023-07-18
AAPL,2023-07-19,D:\full-stack2\data\charts\AAPL\2023-07-19.png,2023-06-21,2023-07-19
AAPL,2023-07-20,D:\full-stack2\data\charts\AAPL\2023-07-20.png,2023-06-22,2023-07-20
AAPL,2023-07-21,D:\full-stack2\data\charts\AAPL\2023-07-21.png,2023-06-23,2023-07-21
AAPL,2023-07-24,D:\full-stack2\data\charts\AAPL\2023-07-24.png,2023-06-26,2023-07-24
AAPL,2023-07-25,D:\full-stack2\data\charts\AAPL\2023-07-25.png,2023-06-27,2023-07-25
AAPL,2023-07-26,D:\full-stack2\data\charts\AAPL\2023-07-26.png,2023-06-28,2023-07-26
AAPL,2023-07-27,D:\full-stack2\data\charts\AAPL\2023-07-27.png,2023-06-29,2023-07-27
AAPL,2023-07-28,D:\full-stack2\data\charts\AAPL\2023-07-28.png,2023-06-30,2023-07-28
AAPL,2023-07-31,D:\full-stack2\data\charts\AAPL\2023-07-31.png,2023-07-03,2023-07-31
AAPL,2023-08-01,D:\full-stack2\data\charts\AAPL\2023-08-01.png,2023-07-05,2023-08-01
AAPL,2023-08-02,D:\full-stack2\data\charts\AAPL\2023-08-02.png,2023-07-06,2023-08-02
AAPL,2023-08-03,D:\full-stack2\data\charts\AAPL\2023-08-03.png,2023-07-07,2023-08-03
AAPL,2023-08-04,D:\full-stack2\data\charts\AAPL\2023-08-04.png,2023-07-10,2023-08-04
AAPL,2023-08-07,D:\full-stack2\data\charts\AAPL\2023-08-07.png,2023-07-11,2023-08-07
AAPL,2023-08-08,D:\full-stack2\data\charts\AAPL\2023-08-08.png,2023-07-12,2023-08-08
AAPL,2023-08-09,D:\full-stack2\data\charts\AAPL\2023-08-09.png,2023-07-13,2023-08-09
AAPL,2023-08-10,D:\full-stack2\data\charts\AAPL\2023-08-10.png,2023-07-14,2023-08-10
AAPL,2023-08-11,D:\full-stack2\data\charts\AAPL\2023-08-11.png,2023-07-17,2023-08-11
AAPL,2023-08-14,D:\full-stack2\data\charts\AAPL\2023-08-14.png,2023-07-18,2023-08-14
AAPL,2023-08-15,D:\full-stack2\data\charts\AAPL\2023-08-15.png,2023-07-19,2023-08-15
AAPL,2023-08-16,D:\full-stack2\data\charts\AAPL\2023-08-16.png,2023-07-20,2023-08-16
AAPL,2023-08-17,D:\full-stack2\data\charts\AAPL\2023-08-17.png,2023-07-21,2023-08-17
AAPL,2023-08-18,D:\full-stack2\data\charts\AAPL\2023-08-18.png,2023-07-24,2023-08-18
AAPL,2023-08-21,D:\full-stack2\data\charts\AAPL\2023-08-21.png,2023-07-25,2023-08-21
AAPL,2023-08-22,D:\full-stack2\data\charts\AAPL\2023-08-22.png,2023-07-26,2023-08-22
AAPL,2023-08-23,D:\full-stack2\data\charts\AAPL\2023-08-23.png,2023-07-27,2023-08-23
AAPL,2023-08-24,D:\full-stack2\data\charts\AAPL\2023-08-24.png,2023-07-28,2023-08-24
AAPL,2023-08-25,D:\full-stack2\data\charts\AAPL\2023-08-25.png,2023-07-31,2023-08-25
AAPL,2023-08-28,D:\full-stack2\data\charts\AAPL\2023-08-28.png,2023-08-01,2023-08-28
AAPL,2023-08-29,D:\full-stack2\data\charts\AAPL\2023-08-29.png,2023-08-02,2023-08-29
AAPL,2023-08-30,D:\full-stack2\data\charts\AAPL\2023-08-30.png,2023-08-03,2023-08-30
AAPL,2023-08-31,D:\full-stack2\data\charts\AAPL\2023-08-31.png,2023-08-04,2023-08-31
AAPL,2023-09-01,D:\full-stack2\data\charts\AAPL\2023-09-01.png,2023-08-07,2023-09-01
AAPL,2023-09-05,D:\full-stack2\data\charts\AAPL\2023-09-05.png,2023-08-08,2023-09-05
AAPL,2023-09-06,D:\full-stack2\data\charts\AAPL\2023-09-06.png,2023-08-09,2023-09-06
AAPL,2023-09-07,D:\full-stack2\data\charts\AAPL\2023-09-07.png,2023-08-10,2023-09-07
AAPL,2023-09-08,D:\full-stack2\data\charts\AAPL\2023-09-08.png,2023-08-11,2023-09-08
AAPL,2023-09-11,D:\full-stack2\data\charts\AAPL\2023-09-11.png,2023-08-14,2023-09-11
AAPL,2023-09-12,D:\full-stack2\data\charts\AAPL\2023-09-12.png,2023-08-15,2023-09-12
AAPL,2023-09-13,D:\full-stack2\data\charts\AAPL\2023-09-13.png,2023-08-16,2023-09-13
AAPL,2023-09-14,D:\full-stack2\data\charts\AAPL\2023-09-14.png,2023-08-17,2023-09-14
AAPL,2023-09-15,D:\full-stack2\data\charts\AAPL\2023-09-15.png,2023-08-18,2023-09-15
AAPL,2023-09-18,D:\full-stack2\data\charts\AAPL\2023-09-18.png,2023-08-21,2023-09-18
AAPL,2023-09-19,D:\full-stack2\data\charts\AAPL\2023-09-19.png,2023-08-22,2023-09-19
AAPL,2023-09-20,D:\full-stack2\data\charts\AAPL\2023-09-20.png,2023-08-23,2023-09-20
AAPL,2023-09-21,D:\full-stack2\data\charts\AAPL\2023-09-21.png,2023-08-24,2023-09-21
AAPL,2023-09-22,D:\full-stack2\data\charts\AAPL\2023-09-22.png,2023-08-25,2023-09-22
AAPL,2023-09-25,D:\full-stack2\data\charts\AAPL\2023-09-25.png,2023-08-28,2023-09-25
AAPL,2023-09-26,D:\full-stack2\data\charts\AAPL\2023-09-26.png,2023-08-29,2023-09-26
AAPL,2023-09-27,D:\full-stack2\data\charts\AAPL\2023-09-27.png,2023-08-30,2023-09-27
AAPL,2023-09-28,D:\full-stack2\data\charts\AAPL\2023-09-28.png,2023-08-31,2023-09-28
AAPL,2023-09-29,D:\full-stack2\data\charts\AAPL\2023-09-29.png,2023-09-01,2023-09-29
AAPL,2023-10-02,D:\full-stack2\data\charts\AAPL\2023-10-02.png,2023-09-05,2023-10-02
AAPL,2023-10-03,D:\full-stack2\data\charts\AAPL\2023-10-03.png,2023-09-06,2023-10-03
AAPL,2023-10-04,D:\full-stack2\data\charts\AAPL\2023-10-04.png,2023-09-07,2023-10-04
AAPL,2023-10-05,D:\full-stack2\data\charts\AAPL\2023-10-05.png,2023-09-08,2023-10-05
AAPL,2023-10-06,D:\full-stack2\data\charts\AAPL\2023-10-06.png,2023-09-11,2023-10-06
AAPL,2023-10-09,D:\full-stack2\data\charts\AAPL\2023-10-09.png,2023-09-12,2023-10-09
AAPL,2023-10-10,D:\full-stack2\data\charts\AAPL\2023-10-10.png,2023-09-13,2023-10-10
AAPL,2023-10-11,D:\full-stack2\data\charts\AAPL\2023-10-11.png,2023-09-14,2023-10-11
AAPL,2023-10-12,D:\full-stack2\data\charts\AAPL\2023-10-12.png,2023-09-15,2023-10-12
AAPL,2023-10-13,D:\full-stack2\data\charts\AAPL\2023-10-13.png,2023-09-18,2023-10-13
AAPL,2023-10-16,D:\full-stack2\data\charts\AAPL\2023-10-16.png,2023-09-19,2023-10-16
AAPL,2023-10-17,D:\full-stack2\data\charts\AAPL\2023-10-17.png,2023-09-20,2023-10-17
AAPL,2023-10-18,D:\full-stack2\data\charts\AAPL\2023-10-18.png,2023-09-21,2023-10-18
AAPL,2023-10-19,D:\full-stack2\data\charts\AAPL\2023-10-19.png,2023-09-22,2023-10-19
AAPL,2023-10-20,D:\full-stack2\data\charts\AAPL\2023-10-20.png,2023-09-25,2023-10-20
AAPL,2023-10-23,D:\full-stack2\data\charts\AAPL\2023-10-23.png,2023-09-26,2023-10-23
AAPL,2023-10-24,D:\full-stack2\data\charts\AAPL\2023-10-24.png,2023-09-27,2023-10-24
AAPL,2023-10-25,D:\full-stack2\data\charts\AAPL\2023-10-25.png,2023-09-28,2023-10-25
AAPL,2023-10-26,D:\full-stack2\data\charts\AAPL\2023-10-26.png,2023-09-29,2023-10-26
AAPL,2023-10-27,D:\full-stack2\data\charts\AAPL\2023-10-27.png,2023-10-02,2023-10-27
AAPL,2023-10-30,D:\full-stack2\data\charts\AAPL\2023-10-30.png,2023-10-03,2023-10-30
AAPL,2023-10-31,D:\full-stack2\data\charts\AAPL\2023-10-31.png,2023-10-04,2023-10-31
AAPL,2023-11-01,D:\full-stack2\data\charts\AAPL\2023-11-01.png,2023-10-05,2023-11-01
AAPL,2023-11-02,D:\full-stack2\data\charts\AAPL\2023-11-02.png,2023-10-06,2023-11-02
AAPL,2023-11-03,D:\full-stack2\data\charts\AAPL\2023-11-03.png,2023-10-09,2023-11-03
AAPL,2023-11-06,D:\full-stack2\data\charts\AAPL\2023-11-06.png,2023-10-10,2023-11-06
AAPL,2023-11-07,D:\full-stack2\data\charts\AAPL\2023-11-07.png,2023-10-11,2023-11-07
AAPL,2023-11-08,D:\full-stack2\data\charts\AAPL\2023-11-08.png,2023-10-12,2023-11-08
AAPL,2023-11-09,D:\full-stack2\data\charts\AAPL\2023-11-09.png,2023-10-13,2023-11-09
AAPL,2023-11-10,D:\full-stack2\data\charts\AAPL\2023-11-10.png,2023-10-16,2023-11-10
AAPL,2023-11-13,D:\full-stack2\data\charts\AAPL\2023-11-13.png,2023-10-17,2023-11-13
AAPL,2023-11-14,D:\full-stack2\data\charts\AAPL\2023-11-14.png,2023-10-18,2023-11-14
AAPL,2023-11-15,D:\full-stack2\data\charts\AAPL\2023-11-15.png,2023-10-19,2023-11-15
AAPL,2023-11-16,D:\full-stack2\data\charts\AAPL\2023-11-16.png,2023-10-20,2023-11-16
AAPL,2023-11-17,D:\full-stack2\data\charts\AAPL\2023-11-17.png,2023-10-23,2023-11-17
AAPL,2023-11-20,D:\full-stack2\data\charts\AAPL\2023-11-20.png,2023-10-24,2023-11-20
AAPL,2023-11-21,D:\full-stack2\data\charts\AAPL\2023-11-21.png,2023-10-25,2023-11-21
AAPL,2023-11-22,D:\full-stack2\data\charts\AAPL\2023-11-22.png,2023-10-26,2023-11-22
AAPL,2023-11-24,D:\full-stack2\data\charts\AAPL\2023-11-24.png,2023-10-27,2023-11-24
AAPL,2023-11-27,D:\full-stack2\data\charts\AAPL\2023-11-27.png,2023-10-30,2023-11-27
AAPL,2023-11-28,D:\full-stack2\data\charts\AAPL\2023-11-28.png,2023-10-31,2023-11-28
AAPL,2023-11-29,D:\full-stack2\data\charts\AAPL\2023-11-29.png,2023-11-01,2023-11-29
AAPL,2023-11-30,D:\full-stack2\data\charts\AAPL\2023-11-30.png,2023-11-02,2023-11-30
AAPL,2023-12-01,D:\full-stack2\data\charts\AAPL\2023-12-01.png,2023-11-03,2023-12-01
AAPL,2023-12-04,D:\full-stack2\data\charts\AAPL\2023-12-04.png,2023-11-06,2023-12-04
AAPL,2023-12-05,D:\full-stack2\data\charts\AAPL\2023-12-05.png,2023-11-07,2023-12-05
AAPL,2023-12-06,D:\full-stack2\data\charts\AAPL\2023-12-06.png,2023-11-08,2023-12-06
AAPL,2023-12-07,D:\full-stack2\data\charts\AAPL\2023-12-07.png,2023-11-09,2023-12-07
AAPL,2023-12-08,D:\full-stack2\data\charts\AAPL\2023-12-08.png,2023-11-10,2023-12-08
AAPL,2023-12-11,D:\full-stack2\data\charts\AAPL\2023-12-11.png,2023-11-13,2023-12-11
AAPL,2023-12-12,D:\full-stack2\data\charts\AAPL\2023-12-12.png,2023-11-14,2023-12-12
AAPL,2023-12-13,D:\full-stack2\data\charts\AAPL\2023-12-13.png,2023-11-15,2023-12-13
AAPL,2023-12-14,D:\full-stack2\data\charts\AAPL\2023-12-14.png,2023-11-16,2023-12-14
AAPL,2023-12-15,D:\full-stack2\data\charts\AAPL\2023-12-15.png,2023-11-17,2023-12-15
AAPL,2023-12-18,D:\full-stack2\data\charts\AAPL\2023-12-18.png,2023-11-20,2023-12-18
AAPL,2023-12-19,D:\full-stack2\data\charts\AAPL\2023-12-19.png,2023-11-21,2023-12-19
AAPL,2023-12-20,D:\full-stack2\data\charts\AAPL\2023-12-20.png,2023-11-22,2023-12-20
AAPL,2023-12-21,D:\full-stack2\data\charts\AAPL\2023-12-21.png,2023-11-24,2023-12-21
AAPL,2023-12-22,D:\full-stack2\data\charts\AAPL\2023-12-22.png,2023-11-27,2023-12-22
AAPL,2023-12-26,D:\full-stack2\data\charts\AAPL\2023-12-26.png,2023-11-28,2023-12-26
AAPL,2023-12-27,D:\full-stack2\data\charts\AAPL\2023-12-27.png,2023-11-29,2023-12-27
AAPL,2023-12-28,D:\full-stack2\data\charts\AAPL\2023-12-28.png,2023-11-30,2023-12-28
AAPL,2023-12-29,D:\full-stack2\data\charts\AAPL\2023-12-29.png,2023-12-01,2023-12-29
AAPL,2024-01-02,D:\full-stack2\data\charts\AAPL\2024-01-02.png,2023-12-04,2024-01-02
AAPL,2024-01-03,D:\full-stack2\data\charts\AAPL\2024-01-03.png,2023-12-05,2024-01-03
AAPL,2024-01-04,D:\full-stack2\data\charts\AAPL\2024-01-04.png,2023-12-06,2024-01-04
AAPL,2024-01-05,D:\full-stack2\data\charts\AAPL\2024-01-05.png,2023-12-07,2024-01-05
AAPL,2024-01-08,D:\full-stack2\data\charts\AAPL\2024-01-08.png,2023-12-08,2024-01-08
AAPL,2024-01-09,D:\full-stack2\data\charts\AAPL\2024-01-09.png,2023-12-11,2024-01-09
AAPL,2024-01-10,D:\full-stack2\data\charts\AAPL\2024-01-10.png,2023-12-12,2024-01-10
AAPL,2024-01-11,D:\full-stack2\data\charts\AAPL\2024-01-11.png,2023-12-13,2024-01-11
AAPL,2024-01-12,D:\full-stack2\data\charts\AAPL\2024-01-12.png,2023-12-14,2024-01-12
AAPL,2024-01-16,D:\full-stack2\data\charts\AAPL\2024-01-16.png,2023-12-15,2024-01-16
AAPL,2024-01-17,D:\full-stack2\data\charts\AAPL\2024-01-17.png,2023-12-18,2024-01-17
AAPL,2024-01-18,D:\full-stack2\data\charts\AAPL\2024-01-18.png,2023-12-19,2024-01-18
AAPL,2024-01-19,D:\full-stack2\data\charts\AAPL\2024-01-19.png,2023-12-20,2024-01-19
AAPL,2024-01-22,D:\full-stack2\data\charts\AAPL\2024-01-22.png,2023-12-21,2024-01-22
AAPL,2024-01-23,D:\full-stack2\data\charts\AAPL\2024-01-23.png,2023-12-22,2024-01-23
AAPL,2024-01-24,D:\full-stack2\data\charts\AAPL\2024-01-24.png,2023-12-26,2024-01-24
AAPL,2024-01-25,D:\full-stack2\data\charts\AAPL\2024-01-25.png,2023-12-27,2024-01-25
AAPL,2024-01-26,D:\full-stack2\data\charts\AAPL\2024-01-26.png,2023-12-28,2024-01-26
AAPL,2024-01-29,D:\full-stack2\data\charts\AAPL\2024-01-29.png,2023-12-29,2024-01-29
AAPL,2024-01-30,D:\full-stack2\data\charts\AAPL\2024-01-30.png,2024-01-02,2024-01-30
AAPL,2024-01-31,D:\full-stack2\data\charts\AAPL\2024-01-31.png,2024-01-03,2024-01-31
AAPL,2024-02-01,D:\full-stack2\data\charts\AAPL\2024-02-01.png,2024-01-04,2024-02-01
AAPL,2024-02-02,D:\full-stack2\data\charts\AAPL\2024-02-02.png,2024-01-05,2024-02-02
AAPL,2024-02-05,D:\full-stack2\data\charts\AAPL\2024-02-05.png,2024-01-08,2024-02-05
AAPL,2024-02-06,D:\full-stack2\data\charts\AAPL\2024-02-06.png,2024-01-09,2024-02-06
AAPL,2024-02-07,D:\full-stack2\data\charts\AAPL\2024-02-07.png,2024-01-10,2024-02-07
AAPL,2024-02-08,D:\full-stack2\data\charts\AAPL\2024-02-08.png,2024-01-11,2024-02-08
AAPL,2024-02-09,D:\full-stack2\data\charts\AAPL\2024-02-09.png,2024-01-12,2024-02-09
AAPL,2024-02-12,D:\full-stack2\data\charts\AAPL\2024-02-12.png,2024-01-16,2024-02-12
AAPL,2024-02-13,D:\full-stack2\data\charts\AAPL\2024-02-13.png,2024-01-17,2024-02-13
AAPL,2024-02-14,D:\full-stack2\data\charts\AAPL\2024-02-14.png,2024-01-18,2024-02-14
AAPL,2024-02-15,D:\full-stack2\data\charts\AAPL\2024-02-15.png,2024-01-19,2024-02-15
AAPL,2024-02-16,D:\full-stack2\data\charts\AAPL\2024-02-16.png,2024-01-22,2024-02-16
AAPL,2024-02-20,D:\full-stack2\data\charts\AAPL\2024-02-20.png,2024-01-23,2024-02-20
AAPL,2024-02-21,D:\full-stack2\data\charts\AAPL\2024-02-21.png,2024-01-24,2024-02-21
AAPL,2024-02-22,D:\full-stack2\data\charts\AAPL\2024-02-22.png,2024-01-25,2024-02-22
AAPL,2024-02-23,D:\full-stack2\data\charts\AAPL\2024-02-23.png,2024-01-26,2024-02-23
AAPL,2024-02-26,D:\full-stack2\data\charts\AAPL\2024-02-26.png,2024-01-29,2024-02-26
AAPL,2024-02-27,D:\full-stack2\data\charts\AAPL\2024-02-27.png,2024-01-30,2024-02-27
AAPL,2024-02-28,D:\full-stack2\data\charts\AAPL\2024-02-28.png,2024-01-31,2024-02-28
AAPL,2024-02-29,D:\full-stack2\data\charts\AAPL\2024-02-29.png,2024-02-01,2024-02-29
AAPL,2024-03-01,D:\full-stack2\data\charts\AAPL\2024-03-01.png,2024-02-02,2024-03-01
AAPL,2024-03-04,D:\full-stack2\data\charts\AAPL\2024-03-04.png,2024-02-05,2024-03-04
AAPL,2024-03-05,D:\full-stack2\data\charts\AAPL\2024-03-05.png,2024-02-06,2024-03-05
AAPL,2024-03-06,D:\full-stack2\data\charts\AAPL\2024-03-06.png,2024-02-07,2024-03-06
AAPL,2024-03-07,D:\full-stack2\data\charts\AAPL\2024-03-07.png,2024-02-08,2024-03-07
AAPL,2024-03-08,D:\full-stack2\data\charts\AAPL\2024-03-08.png,2024-02-09,2024-03-08
AAPL,2024-03-11,D:\full-stack2\data\charts\AAPL\2024-03-11.png,2024-02-12,2024-03-11
AAPL,2024-03-12,D:\full-stack2\data\charts\AAPL\2024-03-12.png,2024-02-13,2024-03-12
AAPL,2024-03-13,D:\full-stack2\data\charts\AAPL\2024-03-13.png,2024-02-14,2024-03-13
AAPL,2024-03-14,D:\full-stack2\data\charts\AAPL\2024-03-14.png,2024-02-15,2024-03-14
AAPL,2024-03-15,D:\full-stack2\data\charts\AAPL\2024-03-15.png,2024-02-16,2024-03-15
AAPL,2024-03-18,D:\full-stack2\data\charts\AAPL\2024-03-18.png,2024-02-20,2024-03-18
AAPL,2024-03-19,D:\full-stack2\data\charts\AAPL\2024-03-19.png,2024-02-21,2024-03-19
AAPL,2024-03-20,D:\full-stack2\data\charts\AAPL\2024-03-20.png,2024-02-22,2024-03-20
AAPL,2024-03-21,D:\full-stack2\data\charts\AAPL\2024-03-21.png,2024-02-23,2024-03-21
AAPL,2024-03-22,D:\full-stack2\data\charts\AAPL\2024-03-22.png,2024-02-26,2024-03-22
AAPL,2024-03-25,D:\full-stack2\data\charts\AAPL\2024-03-25.png,2024-02-27,2024-03-25
AAPL,2024-03-26,D:\full-stack2\data\charts\AAPL\2024-03-26.png,2024-02-28,2024-03-26
AAPL,2024-03-27,D:\full-stack2\data\charts\AAPL\2024-03-27.png,2024-02-29,2024-03-27
AAPL,2024-03-28,D:\full-stack2\data\charts\AAPL\2024-03-28.png,2024-03-01,2024-03-28
AAPL,2024-04-01,D:\full-stack2\data\charts\AAPL\2024-04-01.png,2024-03-04,2024-04-01
AAPL,2024-04-02,D:\full-stack2\data\charts\AAPL\2024-04-02.png,2024-03-05,2024-04-02
AAPL,2024-04-03,D:\full-stack2\data\charts\AAPL\2024-04-03.png,2024-03-06,2024-04-03
AAPL,2024-04-04,D:\full-stack2\data\charts\AAPL\2024-04-04.png,2024-03-07,2024-04-04
AAPL,2024-04-05,D:\full-stack2\data\charts\AAPL\2024-04-05.png,2024-03-08,2024-04-05
AAPL,2024-04-08,D:\full-stack2\data\charts\AAPL\2024-04-08.png,2024-03-11,2024-04-08
AAPL,2024-04-09,D:\full-stack2\data\charts\AAPL\2024-04-09.png,2024-03-12,2024-04-09
AAPL,2024-04-10,D:\full-stack2\data\charts\AAPL\2024-04-10.png,2024-03-13,2024-04-10
AAPL,2024-04-11,D:\full-stack2\data\charts\AAPL\2024-04-11.png,2024-03-14,2024-04-11
AAPL,2024-04-12,D:\full-stack2\data\charts\AAPL\2024-04-12.png,2024-03-15,2024-04-12
AAPL,2024-04-15,D:\full-stack2\data\charts\AAPL\2024-04-15.png,2024-03-18,2024-04-15
AAPL,2024-04-16,D:\full-stack2\data\charts\AAPL\2024-04-16.png,2024-03-19,2024-04-16
AAPL,2024-04-17,D:\full-stack2\data\charts\AAPL\2024-04-17.png,2024-03-20,2024-04-17
AAPL,2024-04-18,D:\full-stack2\data\charts\AAPL\2024-04-18.png,2024-03-21,2024-04-18
AAPL,2024-04-19,D:\full-stack2\data\charts\AAPL\2024-04-19.png,2024-03-22,2024-04-19
AAPL,2024-04-22,D:\full-stack2\data\charts\AAPL\2024-04-22.png,2024-03-25,2024-04-22
AAPL,2024-04-23,D:\full-stack2\data\charts\AAPL\2024-04-23.png,2024-03-26,2024-04-23
AAPL,2024-04-24,D:\full-stack2\data\charts\AAPL\2024-04-24.png,2024-03-27,2024-04-24
AAPL,2024-04-25,D:\full-stack2\data\charts\AAPL\2024-04-25.png,2024-03-28,2024-04-25
AAPL,2024-04-26,D:\full-stack2\data\charts\AAPL\2024-04-26.png,2024-04-01,2024-04-26
AAPL,2024-04-29,D:\full-stack2\data\charts\AAPL\2024-04-29.png,2024-04-02,2024-04-29
AAPL,2024-04-30,D:\full-stack2\data\charts\AAPL\2024-04-30.png,2024-04-03,2024-04-30
AAPL,2024-05-01,D:\full-stack2\data\charts\AAPL\2024-05-01.png,2024-04-04,2024-05-01
AAPL,2024-05-02,D:\full-stack2\data\charts\AAPL\2024-05-02.png,2024-04-05,2024-05-02
AAPL,2024-05-03,D:\full-stack2\data\charts\AAPL\2024-05-03.png,2024-04-08,2024-05-03
AAPL,2024-05-06,D:\full-stack2\data\charts\AAPL\2024-05-06.png,2024-04-09,2024-05-06
AAPL,2024-05-07,D:\full-stack2\data\charts\AAPL\2024-05-07.png,2024-04-10,2024-05-07
AAPL,2024-05-08,D:\full-stack2\data\charts\AAPL\2024-05-08.png,2024-04-11,2024-05-08
AAPL,2024-05-09,D:\full-stack2\data\charts\AAPL\2024-05-09.png,2024-04-12,2024-05-09
AAPL,2024-05-10,D:\full-stack2\data\charts\AAPL\2024-05-10.png,2024-04-15,2024-05-10
AAPL,2024-05-13,D:\full-stack2\data\charts\AAPL\2024-05-13.png,2024-04-16,2024-05-13
AAPL,2024-05-14,D:\full-stack2\data\charts\AAPL\2024-05-14.png,2024-04-17,2024-05-14
AAPL,2024-05-15,D:\full-stack2\data\charts\AAPL\2024-05-15.png,2024-04-18,2024-05-15
AAPL,2024-05-16,D:\full-stack2\data\charts\AAPL\2024-05-16.png,2024-04-19,2024-05-16
AAPL,2024-05-17,D:\full-stack2\data\charts\AAPL\2024-05-17.png,2024-04-22,2024-05-17
AAPL,2024-05-20,D:\full-stack2\data\charts\AAPL\2024-05-20.png,2024-04-23,2024-05-20
AAPL,2024-05-21,D:\full-stack2\data\charts\AAPL\2024-05-21.png,2024-04-24,2024-05-21
AAPL,2024-05-22,D:\full-stack2\data\charts\AAPL\2024-05-22.png,2024-04-25,2024-05-22
AAPL,2024-05-23,D:\full-stack2\data\charts\AAPL\2024-05-23.png,2024-04-26,2024-05-23
AAPL,2024-05-24,D:\full-stack2\data\charts\AAPL\2024-05-24.png,2024-04-29,2024-05-24
AAPL,2024-05-28,D:\full-stack2\data\charts\AAPL\2024-05-28.png,2024-04-30,2024-05-28
AAPL,2024-05-29,D:\full-stack2\data\charts\AAPL\2024-05-29.png,2024-05-01,2024-05-29
AAPL,2024-05-30,D:\full-stack2\data\charts\AAPL\2024-05-30.png,2024-05-02,2024-05-30
AAPL,2024-05-31,D:\full-stack2\data\charts\AAPL\2024-05-31.png,2024-05-03,2024-05-31
AAPL,2024-06-03,D:\full-stack2\data\charts\AAPL\2024-06-03.png,2024-05-06,2024-06-03
AAPL,2024-06-04,D:\full-stack2\data\charts\AAPL\2024-06-04.png,2024-05-07,2024-06-04
AAPL,2024-06-05,D:\full-stack2\data\charts\AAPL\2024-06-05.png,2024-05-08,2024-06-05
AAPL,2024-06-06,D:\full-stack2\data\charts\AAPL\2024-06-06.png,2024-05-09,2024-06-06
AAPL,2024-06-07,D:\full-stack2\data\charts\AAPL\2024-06-07.png,2024-05-10,2024-06-07
AAPL,2024-06-10,D:\full-stack2\data\charts\AAPL\2024-06-10.png,2024-05-13,2024-06-10
AAPL,2024-06-11,D:\full-stack2\data\charts\AAPL\2024-06-11.png,2024-05-14,2024-06-11
AAPL,2024-06-12,D:\full-stack2\data\charts\AAPL\2024-06-12.png,2024-05-15,2024-06-12
AAPL,2024-06-13,D:\full-stack2\data\charts\AAPL\2024-06-13.png,2024-05-16,2024-06-13
AAPL,2024-06-14,D:\full-stack2\data\charts\AAPL\2024-06-14.png,2024-05-17,2024-06-14
AAPL,2024-06-17,D:\full-stack2\data\charts\AAPL\2024-06-17.png,2024-05-20,2024-06-17
AAPL,2024-06-18,D:\full-stack2\data\charts\AAPL\2024-06-18.png,2024-05-21,2024-06-18
AAPL,2024-06-20,D:\full-stack2\data\charts\AAPL\2024-06-20.png,2024-05-22,2024-06-20
AAPL,2024-06-21,D:\full-stack2\data\charts\AAPL\2024-06-21.png,2024-05-23,2024-06-21
AAPL,2024-06-24,D:\full-stack2\data\charts\AAPL\2024-06-24.png,2024-05-24,2024-06-24
AAPL,2024-06-25,D:\full-stack2\data\charts\AAPL\2024-06-25.png,2024-05-28,2024-06-25
AAPL,2024-06-26,D:\full-stack2\data\charts\AAPL\2024-06-26.png,2024-05-29,2024-06-26
AAPL,2024-06-27,D:\full-stack2\data\charts\AAPL\2024-06-27.png,2024-05-30,2024-06-27
AAPL,2024-06-28,D:\full-stack2\data\charts\AAPL\2024-06-28.png,2024-05-31,2024-06-28
AAPL,2024-07-01,D:\full-stack2\data\charts\AAPL\2024-07-01.png,2024-06-03,2024-07-01
AAPL,2024-07-02,D:\full-stack2\data\charts\AAPL\2024-07-02.png,2024-06-04,2024-07-02
AAPL,2024-07-03,D:\full-stack2\data\charts\AAPL\2024-07-03.png,2024-06-05,2024-07-03
AAPL,2024-07-05,D:\full-stack2\data\charts\AAPL\2024-07-05.png,2024-06-06,2024-07-05
AAPL,2024-07-08,D:\full-stack2\data\charts\AAPL\2024-07-08.png,2024-06-07,2024-07-08
AAPL,2024-07-09,D:\full-stack2\data\charts\AAPL\2024-07-09.png,2024-06-10,2024-07-09
AAPL,2024-07-10,D:\full-stack2\data\charts\AAPL\2024-07-10.png,2024-06-11,2024-07-10
AAPL,2024-07-11,D:\full-stack2\data\charts\AAPL\2024-07-11.png,2024-06-12,2024-07-11
AAPL,2024-07-12,D:\full-stack2\data\charts\AAPL\2024-07-12.png,2024-06-13,2024-07-12
AAPL,2024-07-15,D:\full-stack2\data\charts\AAPL\2024-07-15.png,2024-06-14,2024-07-15
AAPL,2024-07-16,D:\full-stack2\data\charts\AAPL\2024-07-16.png,2024-06-17,2024-07-16
AAPL,2024-07-17,D:\full-stack2\data\charts\AAPL\2024-07-17.png,2024-06-18,2024-07-17
AAPL,2024-07-18,D:\full-stack2\data\charts\AAPL\2024-07-18.png,2024-06-20,2024-07-18
AAPL,2024-07-19,D:\full-stack2\data\charts\AAPL\2024-07-19.png,2024-06-21,2024-07-19
AAPL,2024-07-22,D:\full-stack2\data\charts\AAPL\2024-07-22.png,2024-06-24,2024-07-22
AAPL,2024-07-23,D:\full-stack2\data\charts\AAPL\2024-07-23.png,2024-06-25,2024-07-23
AAPL,2024-07-24,D:\full-stack2\data\charts\AAPL\2024-07-24.png,2024-06-26,2024-07-24
AAPL,2024-07-25,D:\full-stack2\data\charts\AAPL\2024-07-25.png,2024-06-27,2024-07-25
AAPL,2024-07-26,D:\full-stack2\data\charts\AAPL\2024-07-26.png,2024-06-28,2024-07-26
AAPL,2024-07-29,D:\full-stack2\data\charts\AAPL\2024-07-29.png,2024-07-01,2024-07-29
AAPL,2024-07-30,D:\full-stack2\data\charts\AAPL\2024-07-30.png,2024-07-02,2024-07-30
AAPL,2024-07-31,D:\full-stack2\data\charts\AAPL\2024-07-31.png,2024-07-03,2024-07-31
AAPL,2024-08-01,D:\full-stack2\data\charts\AAPL\2024-08-01.png,2024-07-05,2024-08-01
AAPL,2024-08-02,D:\full-stack2\data\charts\AAPL\2024-08-02.png,2024-07-08,2024-08-02
AAPL,2024-08-05,D:\full-stack2\data\charts\AAPL\2024-08-05.png,2024-07-09,2024-08-05
AAPL,2024-08-06,D:\full-stack2\data\charts\AAPL\2024-08-06.png,2024-07-10,2024-08-06
AAPL,2024-08-07,D:\full-stack2\data\charts\AAPL\2024-08-07.png,2024-07-11,2024-08-07
AAPL,2024-08-08,D:\full-stack2\data\charts\AAPL\2024-08-08.png,2024-07-12,2024-08-08
AAPL,2024-08-09,D:\full-stack2\data\charts\AAPL\2024-08-09.png,2024-07-15,2024-08-09
AAPL,2024-08-12,D:\full-stack2\data\charts\AAPL\2024-08-12.png,2024-07-16,2024-08-12
AAPL,2024-08-13,D:\full-stack2\data\charts\AAPL\2024-08-13.png,2024-07-17,2024-08-13
AAPL,2024-08-14,D:\full-stack2\data\charts\AAPL\2024-08-14.png,2024-07-18,2024-08-14
AAPL,2024-08-15,D:\full-stack2\data\charts\AAPL\2024-08-15.png,2024-07-19,2024-08-15
AAPL,2024-08-16,D:\full-stack2\data\charts\AAPL\2024-08-16.png,2024-07-22,2024-08-16
AAPL,2024-08-19,D:\full-stack2\data\charts\AAPL\2024-08-19.png,2024-07-23,2024-08-19
AAPL,2024-08-20,D:\full-stack2\data\charts\AAPL\2024-08-20.png,2024-07-24,2024-08-20
AAPL,2024-08-21,D:\full-stack2\data\charts\AAPL\2024-08-21.png,2024-07-25,2024-08-21
AAPL,2024-08-22,D:\full-stack2\data\charts\AAPL\2024-08-22.png,2024-07-26,2024-08-22
AAPL,2024-08-23,D:\full-stack2\data\charts\AAPL\2024-08-23.png,2024-07-29,2024-08-23
AAPL,2024-08-26,D:\full-stack2\data\charts\AAPL\2024-08-26.png,2024-07-30,2024-08-26
AAPL,2024-08-27,D:\full-stack2\data\charts\AAPL\2024-08-27.png,2024-07-31,2024-08-27
AAPL,2024-08-28,D:\full-stack2\data\charts\AAPL\2024-08-28.png,2024-08-01,2024-08-28
AAPL,2024-08-29,D:\full-stack2\data\charts\AAPL\2024-08-29.png,2024-08-02,2024-08-29
AAPL,2024-08-30,D:\full-stack2\data\charts\AAPL\2024-08-30.png,2024-08-05,2024-08-30
AAPL,2024-09-03,D:\full-stack2\data\charts\AAPL\2024-09-03.png,2024-08-06,2024-09-03
AAPL,2024-09-04,D:\full-stack2\data\charts\AAPL\2024-09-04.png,2024-08-07,2024-09-04
AAPL,2024-09-05,D:\full-stack2\data\charts\AAPL\2024-09-05.png,2024-08-08,2024-09-05
AAPL,2024-09-06,D:\full-stack2\data\charts\AAPL\2024-09-06.png,2024-08-09,2024-09-06
AAPL,2024-09-09,D:\full-stack2\data\charts\AAPL\2024-09-09.png,2024-08-12,2024-09-09
AAPL,2024-09-10,D:\full-stack2\data\charts\AAPL\2024-09-10.png,2024-08-13,2024-09-10
AAPL,2024-09-11,D:\full-stack2\data\charts\AAPL\2024-09-11.png,2024-08-14,2024-09-11
AAPL,2024-09-12,D:\full-stack2\data\charts\AAPL\2024-09-12.png,2024-08-15,2024-09-12
AAPL,2024-09-13,D:\full-stack2\data\charts\AAPL\2024-09-13.png,2024-08-16,2024-09-13
AAPL,2024-09-16,D:\full-stack2\data\charts\AAPL\2024-09-16.png,2024-08-19,2024-09-16
AAPL,2024-09-17,D:\full-stack2\data\charts\AAPL\2024-09-17.png,2024-08-20,2024-09-17
AAPL,2024-09-18,D:\full-stack2\data\charts\AAPL\2024-09-18.png,2024-08-21,2024-09-18
AAPL,2024-09-19,D:\full-stack2\data\charts\AAPL\2024-09-19.png,2024-08-22,2024-09-19
AAPL,2024-09-20,D:\full-stack2\data\charts\AAPL\2024-09-20.png,2024-08-23,2024-09-20
AAPL,2024-09-23,D:\full-stack2\data\charts\AAPL\2024-09-23.png,2024-08-26,2024-09-23
AAPL,2024-09-24,D:\full-stack2\data\charts\AAPL\2024-09-24.png,2024-08-27,2024-09-24
AAPL,2024-09-25,D:\full-stack2\data\charts\AAPL\2024-09-25.png,2024-08-28,2024-09-25
AAPL,2024-09-26,D:\full-stack2\data\charts\AAPL\2024-09-26.png,2024-08-29,2024-09-26
AAPL,2024-09-27,D:\full-stack2\data\charts\AAPL\2024-09-27.png,2024-08-30,2024-09-27
AAPL,2024-09-30,D:\full-stack2\data\charts\AAPL\2024-09-30.png,2024-09-03,2024-09-30
AAPL,2024-10-01,D:\full-stack2\data\charts\AAPL\2024-10-01.png,2024-09-04,2024-10-01
AAPL,2024-10-02,D:\full-stack2\data\charts\AAPL\2024-10-02.png,2024-09-05,2024-10-02
AAPL,2024-10-03,D:\full-stack2\data\charts\AAPL\2024-10-03.png,2024-09-06,2024-10-03
AAPL,2024-10-04,D:\full-stack2\data\charts\AAPL\2024-10-04.png,2024-09-09,2024-10-04
AAPL,2024-10-07,D:\full-stack2\data\charts\AAPL\2024-10-07.png,2024-09-10,2024-10-07
AAPL,2024-10-08,D:\full-stack2\data\charts\AAPL\2024-10-08.png,2024-09-11,2024-10-08
AAPL,2024-10-09,D:\full-stack2\data\charts\AAPL\2024-10-09.png,2024-09-12,2024-10-09
AAPL,2024-10-10,D:\full-stack2\data\charts\AAPL\2024-10-10.png,2024-09-13,2024-10-10
AAPL,2024-10-11,D:\full-stack2\data\charts\AAPL\2024-10-11.png,2024-09-16,2024-10-11
AAPL,2024-10-14,D:\full-stack2\data\charts\AAPL\2024-10-14.png,2024-09-17,2024-10-14
AAPL,2024-10-15,D:\full-stack2\data\charts\AAPL\2024-10-15.png,2024-09-18,2024-10-15
AAPL,2024-10-16,D:\full-stack2\data\charts\AAPL\2024-10-16.png,2024-09-19,2024-10-16
AAPL,2024-10-17,D:\full-stack2\data\charts\AAPL\2024-10-17.png,2024-09-20,2024-10-17
AAPL,2024-10-18,D:\full-stack2\data\charts\AAPL\2024-10-18.png,2024-09-23,2024-10-18
AAPL,2024-10-21,D:\full-stack2\data\charts\AAPL\2024-10-21.png,2024-09-24,2024-10-21
AAPL,2024-10-22,D:\full-stack2\data\charts\AAPL\2024-10-22.png,2024-09-25,2024-10-22
AAPL,2024-10-23,D:\full-stack2\data\charts\AAPL\2024-10-23.png,2024-09-26,2024-10-23
AAPL,2024-10-24,D:\full-stack2\data\charts\AAPL\2024-10-24.png,2024-09-27,2024-10-24
AAPL,2024-10-25,D:\full-stack2\data\charts\AAPL\2024-10-25.png,2024-09-30,2024-10-25
AAPL,2024-10-28,D:\full-stack2\data\charts\AAPL\2024-10-28.png,2024-10-01,2024-10-28
AAPL,2024-10-29,D:\full-stack2\data\charts\AAPL\2024-10-29.png,2024-10-02,2024-10-29
AAPL,2024-10-30,D:\full-stack2\data\charts\AAPL\2024-10-30.png,2024-10-03,2024-10-30
AAPL,2024-10-31,D:\full-stack2\data\charts\AAPL\2024-10-31.png,2024-10-04,2024-10-31
AAPL,2024-11-01,D:\full-stack2\data\charts\AAPL\2024-11-01.png,2024-10-07,2024-11-01
AAPL,2024-11-04,D:\full-stack2\data\charts\AAPL\2024-11-04.png,2024-10-08,2024-11-04
AAPL,2024-11-05,D:\full-stack2\data\charts\AAPL\2024-11-05.png,2024-10-09,2024-11-05
AAPL,2024-11-06,D:\full-stack2\data\charts\AAPL\2024-11-06.png,2024-10-10,2024-11-06
AAPL,2024-11-07,D:\full-stack2\data\charts\AAPL\2024-11-07.png,2024-10-11,2024-11-07
AAPL,2024-11-08,D:\full-stack2\data\charts\AAPL\2024-11-08.png,2024-10-14,2024-11-08
AAPL,2024-11-11,D:\full-stack2\data\charts\AAPL\2024-11-11.png,2024-10-15,2024-11-11
AAPL,2024-11-12,D:\full-stack2\data\charts\AAPL\2024-11-12.png,2024-10-16,2024-11-12
AAPL,2024-11-13,D:\full-stack2\data\charts\AAPL\2024-11-13.png,2024-10-17,2024-11-13
AAPL,2024-11-14,D:\full-stack2\data\charts\AAPL\2024-11-14.png,2024-10-18,2024-11-14
AAPL,2024-11-15,D:\full-stack2\data\charts\AAPL\2024-11-15.png,2024-10-21,2024-11-15
AAPL,2024-11-18,D:\full-stack2\data\charts\AAPL\2024-11-18.png,2024-10-22,2024-11-18
AAPL,2024-11-19,D:\full-stack2\data\charts\AAPL\2024-11-19.png,2024-10-23,2024-11-19
AAPL,2024-11-20,D:\full-stack2\data\charts\AAPL\2024-11-20.png,2024-10-24,2024-11-20
AAPL,2024-11-21,D:\full-stack2\data\charts\AAPL\2024-11-21.png,2024-10-25,2024-11-21
AAPL,2024-11-22,D:\full-stack2\data\charts\AAPL\2024-11-22.png,2024-10-28,2024-11-22
AAPL,2024-11-25,D:\full-stack2\data\charts\AAPL\2024-11-25.png,2024-10-29,2024-11-25
AAPL,2024-11-26,D:\full-stack2\data\charts\AAPL\2024-11-26.png,2024-10-30,2024-11-26
AAPL,2024-11-27,D:\full-stack2\data\charts\AAPL\2024-11-27.png,2024-10-31,2024-11-27
AAPL,2024-11-29,D:\full-stack2\data\charts\AAPL\2024-11-29.png,2024-11-01,2024-11-29
AAPL,2024-12-02,D:\full-stack2\data\charts\AAPL\2024-12-02.png,2024-11-04,2024-12-02
AAPL,2024-12-03,D:\full-stack2\data\charts\AAPL\2024-12-03.png,2024-11-05,2024-12-03
AAPL,2024-12-04,D:\full-stack2\data\charts\AAPL\2024-12-04.png,2024-11-06,2024-12-04
AAPL,2024-12-05,D:\full-stack2\data\charts\AAPL\2024-12-05.png,2024-11-07,2024-12-05
AAPL,2024-12-06,D:\full-stack2\data\charts\AAPL\2024-12-06.png,2024-11-08,2024-12-06
AAPL,2024-12-09,D:\full-stack2\data\charts\AAPL\2024-12-09.png,2024-11-11,2024-12-09
AAPL,2024-12-10,D:\full-stack2\data\charts\AAPL\2024-12-10.png,2024-11-12,2024-12-10
AAPL,2024-12-11,D:\full-stack2\data\charts\AAPL\2024-12-11.png,2024-11-13,2024-12-11
AAPL,2024-12-12,D:\full-stack2\data\charts\AAPL\2024-12-12.png,2024-11-14,2024-12-12
AAPL,2024-12-13,D:\full-stack2\data\charts\AAPL\2024-12-13.png,2024-11-15,2024-12-13
AAPL,2024-12-16,D:\full-stack2\data\charts\AAPL\2024-12-16.png,2024-11-18,2024-12-16
AAPL,2024-12-17,D:\full-stack2\data\charts\AAPL\2024-12-17.png,2024-11-19,2024-12-17
AAPL,2024-12-18,D:\full-stack2\data\charts\AAPL\2024-12-18.png,2024-11-20,2024-12-18
AAPL,2024-12-19,D:\full-stack2\data\charts\AAPL\2024-12-19.png,2024-11-21,2024-12-19
AAPL,2024-12-20,D:\full-stack2\data\charts\AAPL\2024-12-20.png,2024-11-22,2024-12-20
AAPL,2024-12-23,D:\full-stack2\data\charts\AAPL\2024-12-23.png,2024-11-25,2024-12-23
AAPL,2024-12-24,D:\full-stack2\data\charts\AAPL\2024-12-24.png,2024-11-26,2024-12-24
AAPL,2024-12-26,D:\full-stack2\data\charts\AAPL\2024-12-26.png,2024-11-27,2024-12-26
AAPL,2024-12-27,D:\full-stack2\data\charts\AAPL\2024-12-27.png,2024-11-29,2024-12-27
AAPL,2024-12-30,D:\full-stack2\data\charts\AAPL\2024-12-30.png,2024-12-02,2024-12-30
AAPL,2024-12-31,D:\full-stack2\data\charts\AAPL\2024-12-31.png,2024-12-03,2024-12-31
AAPL,2025-01-02,D:\full-stack2\data\charts\AAPL\2025-01-02.png,2024-12-04,2025-01-02
AAPL,2025-01-03,D:\full-stack2\data\charts\AAPL\2025-01-03.png,2024-12-05,2025-01-03
AAPL,2025-01-06,D:\full-stack2\data\charts\AAPL\2025-01-06.png,2024-12-06,2025-01-06
AAPL,2025-01-07,D:\full-stack2\data\charts\AAPL\2025-01-07.png,2024-12-09,2025-01-07
AAPL,2025-01-08,D:\full-stack2\data\charts\AAPL\2025-01-08.png,2024-12-10,2025-01-08
AAPL,2025-01-10,D:\full-stack2\data\charts\AAPL\2025-01-10.png,2024-12-11,2025-01-10
AAPL,2025-01-13,D:\full-stack2\data\charts\AAPL\2025-01-13.png,2024-12-12,2025-01-13
AAPL,2025-01-14,D:\full-stack2\data\charts\AAPL\2025-01-14.png,2024-12-13,2025-01-14
AAPL,2025-01-15,D:\full-stack2\data\charts\AAPL\2025-01-15.png,2024-12-16,2025-01-15
AAPL,2025-01-16,D:\full-stack2\data\charts\AAPL\2025-01-16.png,2024-12-17,2025-01-16
AAPL,2025-01-17,D:\full-stack2\data\charts\AAPL\2025-01-17.png,2024-12-18,2025-01-17
AAPL,2025-01-21,D:\full-stack2\data\charts\AAPL\2025-01-21.png,2024-12-19,2025-01-21
AAPL,2025-01-22,D:\full-stack2\data\charts\AAPL\2025-01-22.png,2024-12-20,2025-01-22
AAPL,2025-01-23,D:\full-stack2\data\charts\AAPL\2025-01-23.png,2024-12-23,2025-01-23
AAPL,2025-01-24,D:\full-stack2\data\charts\AAPL\2025-01-24.png,2024-12-24,2025-01-24
AAPL,2025-01-27,D:\full-stack2\data\charts\AAPL\2025-01-27.png,2024-12-26,2025-01-27
AAPL,2025-01-28,D:\full-stack2\data\charts\AAPL\2025-01-28.png,2024-12-27,2025-01-28
AAPL,2025-01-29,D:\full-stack2\data\charts\AAPL\2025-01-29.png,2024-12-30,2025-01-29
AAPL,2025-01-30,D:\full-stack2\data\charts\AAPL\2025-01-30.png,2024-12-31,2025-01-30
AAPL,2025-01-31,D:\full-stack2\data\charts\AAPL\2025-01-31.png,2025-01-02,2025-01-31
AAPL,2025-02-03,D:\full-stack2\data\charts\AAPL\2025-02-03.png,2025-01-03,2025-02-03
AAPL,2025-02-04,D:\full-stack2\data\charts\AAPL\2025-02-04.png,2025-01-06,2025-02-04
AAPL,2025-02-05,D:\full-stack2\data\charts\AAPL\2025-02-05.png,2025-01-07,2025-02-05
AAPL,2025-02-06,D:\full-stack2\data\charts\AAPL\2025-02-06.png,2025-01-08,2025-02-06
AAPL,2025-02-07,D:\full-stack2\data\charts\AAPL\2025-02-07.png,2025-01-10,2025-02-07
AAPL,2025-02-10,D:\full-stack2\data\charts\AAPL\2025-02-10.png,2025-01-13,2025-02-10
AAPL,2025-02-11,D:\full-stack2\data\charts\AAPL\2025-02-11.png,2025-01-14,2025-02-11
AAPL,2025-02-12,D:\full-stack2\data\charts\AAPL\2025-02-12.png,2025-01-15,2025-02-12
AAPL,2025-02-13,D:\full-stack2\data\charts\AAPL\2025-02-13.png,2025-01-16,2025-02-13
AAPL,2025-02-14,D:\full-stack2\data\charts\AAPL\2025-02-14.png,2025-01-17,2025-02-14
AAPL,2025-02-18,D:\full-stack2\data\charts\AAPL\2025-02-18.png,2025-01-21,2025-02-18
AAPL,2025-02-19,D:\full-stack2\data\charts\AAPL\2025-02-19.png,2025-01-22,2025-02-19
AAPL,2025-02-20,D:\full-stack2\data\charts\AAPL\2025-02-20.png,2025-01-23,2025-02-20
AAPL,2025-02-21,D:\full-stack2\data\charts\AAPL\2025-02-21.png,2025-01-24,2025-02-21
AAPL,2025-02-24,D:\full-stack2\data\charts\AAPL\2025-02-24.png,2025-01-27,2025-02-24
AAPL,2025-02-25,D:\full-stack2\data\charts\AAPL\2025-02-25.png,2025-01-28,2025-02-25
AAPL,2025-02-26,D:\full-stack2\data\charts\AAPL\2025-02-26.png,2025-01-29,2025-02-26
AAPL,2025-02-27,D:\full-stack2\data\charts\AAPL\2025-02-27.png,2025-01-30,2025-02-27
AAPL,2025-02-28,D:\full-stack2\data\charts\AAPL\2025-02-28.png,2025-01-31,2025-02-28
AAPL,2025-03-03,D:\full-stack2\data\charts\AAPL\2025-03-03.png,2025-02-03,2025-03-03
AAPL,2025-03-04,D:\full-stack2\data\charts\AAPL\2025-03-04.png,2025-02-04,2025-03-04
AAPL,2025-03-05,D:\full-stack2\data\charts\AAPL\2025-03-05.png,2025-02-05,2025-03-05
AAPL,2025-03-06,D:\full-stack2\data\charts\AAPL\2025-03-06.png,2025-02-06,2025-03-06
AAPL,2025-03-07,D:\full-stack2\data\charts\AAPL\2025-03-07.png,2025-02-07,2025-03-07
AAPL,2025-03-10,D:\full-stack2\data\charts\AAPL\2025-03-10.png,2025-02-10,2025-03-10
AAPL,2025-03-11,D:\full-stack2\data\charts\AAPL\2025-03-11.png,2025-02-11,2025-03-11
AAPL,2025-03-12,D:\full-stack2\data\charts\AAPL\2025-03-12.png,2025-02-12,2025-03-12
AAPL,2025-03-13,D:\full-stack2\data\charts\AAPL\2025-03-13.png,2025-02-13,2025-03-13
AAPL,2025-03-14,D:\full-stack2\data\charts\AAPL\2025-03-14.png,2025-02-14,2025-03-14
AAPL,2025-03-17,D:\full-stack2\data\charts\AAPL\2025-03-17.png,2025-02-18,2025-03-17
AAPL,2025-03-18,D:\full-stack2\data\charts\AAPL\2025-03-18.png,2025-02-19,2025-03-18
AAPL,2025-03-19,D:\full-stack2\data\charts\AAPL\2025-03-19.png,2025-02-20,2025-03-19
AAPL,2025-03-20,D:\full-stack2\data\charts\AAPL\2025-03-20.png,2025-02-21,2025-03-20
AAPL,2025-03-21,D:\full-stack2\data\charts\AAPL\2025-03-21.png,2025-02-24,2025-03-21
AAPL,2025-03-24,D:\full-stack2\data\charts\AAPL\2025-03-24.png,2025-02-25,2025-03-24
AAPL,2025-03-25,D:\full-stack2\data\charts\AAPL\2025-03-25.png,2025-02-26,2025-03-25
AAPL,2025-03-26,D:\full-stack2\data\charts\AAPL\2025-03-26.png,2025-02-27,2025-03-26
AAPL,2025-03-27,D:\full-stack2\data\charts\AAPL\2025-03-27.png,2025-02-28,2025-03-27
AAPL,2025-03-28,D:\full-stack2\data\charts\AAPL\2025-03-28.png,2025-03-03,2025-03-28
AAPL,2025-03-31,D:\full-stack2\data\charts\AAPL\2025-03-31.png,2025-03-04,2025-03-31
AAPL,2025-04-01,D:\full-stack2\data\charts\AAPL\2025-04-01.png,2025-03-05,2025-04-01
AAPL,2025-04-02,D:\full-stack2\data\charts\AAPL\2025-04-02.png,2025-03-06,2025-04-02
AAPL,2025-04-03,D:\full-stack2\data\charts\AAPL\2025-04-03.png,2025-03-07,2025-04-03
AAPL,2025-04-04,D:\full-stack2\data\charts\AAPL\2025-04-04.png,2025-03-10,2025-04-04
AAPL,2025-04-07,D:\full-stack2\data\charts\AAPL\2025-04-07.png,2025-03-11,2025-04-07
AAPL,2025-04-08,D:\full-stack2\data\charts\AAPL\2025-04-08.png,2025-03-12,2025-04-08
AAPL,2025-04-09,D:\full-stack2\data\charts\AAPL\2025-04-09.png,2025-03-13,2025-04-09
AAPL,2025-04-10,D:\full-stack2\data\charts\AAPL\2025-04-10.png,2025-03-14,2025-04-10
AAPL,2025-04-11,D:\full-stack2\data\charts\AAPL\2025-04-11.png,2025-03-17,2025-04-11
AAPL,2025-04-14,D:\full-stack2\data\charts\AAPL\2025-04-14.png,2025-03-18,2025-04-14
AAPL,2025-04-15,D:\full-stack2\data\charts\AAPL\2025-04-15.png,2025-03-19,2025-04-15
AAPL,2025-04-16,D:\full-stack2\data\charts\AAPL\2025-04-16.png,2025-03-20,2025-04-16
AAPL,2025-04-17,D:\full-stack2\data\charts\AAPL\2025-04-17.png,2025-03-21,2025-04-17
AAPL,2025-04-21,D:\full-stack2\data\charts\AAPL\2025-04-21.png,2025-03-24,2025-04-21
AAPL,2025-04-22,D:\full-stack2\data\charts\AAPL\2025-04-22.png,2025-03-25,2025-04-22
AAPL,2025-04-23,D:\full-stack2\data\charts\AAPL\2025-04-23.png,2025-03-26,2025-04-23
AAPL,2025-04-24,D:\full-stack2\data\charts\AAPL\2025-04-24.png,2025-03-27,2025-04-24
AAPL,2025-04-25,D:\full-stack2\data\charts\AAPL\2025-04-25.png,2025-03-28,2025-04-25
AAPL,2025-04-28,D:\full-stack2\data\charts\AAPL\2025-04-28.png,2025-03-31,2025-04-28
AAPL,2025-04-29,D:\full-stack2\data\charts\AAPL\2025-04-29.png,2025-04-01,2025-04-29
AAPL,2025-04-30,D:\full-stack2\data\charts\AAPL\2025-04-30.png,2025-04-02,2025-04-30
AAPL,2025-05-01,D:\full-stack2\data\charts\AAPL\2025-05-01.png,2025-04-03,2025-05-01
AAPL,2025-05-02,D:\full-stack2\data\charts\AAPL\2025-05-02.png,2025-04-04,2025-05-02
AAPL,2025-05-05,D:\full-stack2\data\charts\AAPL\2025-05-05.png,2025-04-07,2025-05-05
AAPL,2025-05-06,D:\full-stack2\data\charts\AAPL\2025-05-06.png,2025-04-08,2025-05-06
AAPL,2025-05-07,D:\full-stack2\data\charts\AAPL\2025-05-07.png,2025-04-09,2025-05-07
AAPL,2025-05-08,D:\full-stack2\data\charts\AAPL\2025-05-08.png,2025-04-10,2025-05-08
AAPL,2025-05-09,D:\full-stack2\data\charts\AAPL\2025-05-09.png,2025-04-11,2025-05-09
AAPL,2025-05-12,D:\full-stack2\data\charts\AAPL\2025-05-12.png,2025-04-14,2025-05-12
AAPL,2025-05-13,D:\full-stack2\data\charts\AAPL\2025-05-13.png,2025-04-15,2025-05-13
AAPL,2025-05-14,D:\full-stack2\data\charts\AAPL\2025-05-14.png,2025-04-16,2025-05-14
AAPL,2025-05-15,D:\full-stack2\data\charts\AAPL\2025-05-15.png,2025-04-17,2025-05-15
AAPL,2025-05-16,D:\full-stack2\data\charts\AAPL\2025-05-16.png,2025-04-21,2025-05-16
AAPL,2025-05-19,D:\full-stack2\data\charts\AAPL\2025-05-19.png,2025-04-22,2025-05-19
AAPL,2025-05-20,D:\full-stack2\data\charts\AAPL\2025-05-20.png,2025-04-23,2025-05-20
AAPL,2025-05-21,D:\full-stack2\data\charts\AAPL\2025-05-21.png,2025-04-24,2025-05-21
AAPL,2025-05-22,D:\full-stack2\data\charts\AAPL\2025-05-22.png,2025-04-25,2025-05-22
AAPL,2025-05-23,D:\full-stack2\data\charts\AAPL\2025-05-23.png,2025-04-28,2025-05-23
AAPL,2025-05-27,D:\full-stack2\data\charts\AAPL\2025-05-27.png,2025-04-29,2025-05-27
AAPL,2025-05-28,D:\full-stack2\data\charts\AAPL\2025-05-28.png,2025-04-30,2025-05-28
AAPL,2025-05-29,D:\full-stack2\data\charts\AAPL\2025-05-29.png,2025-05-01,2025-05-29
AAPL,2025-05-30,D:\full-stack2\data\charts\AAPL\2025-05-30.png,2025-05-02,2025-05-30
AAPL,2025-06-02,D:\full-stack2\data\charts\AAPL\2025-06-02.png,2025-05-05,2025-06-02
AAPL,2025-06-03,D:\full-stack2\data\charts\AAPL\2025-06-03.png,2025-05-06,2025-06-03
AAPL,2025-06-04,D:\full-stack2\data\charts\AAPL\2025-06-04.png,2025-05-07,2025-06-04
AAPL,2025-06-05,D:\full-stack2\data\charts\AAPL\2025-06-05.png,2025-05-08,2025-06-05
AAPL,2025-06-06,D:\full-stack2\data\charts\AAPL\2025-06-06.png,2025-05-09,2025-06-06
AAPL,2025-06-09,D:\full-stack2\data\charts\AAPL\2025-06-09.png,2025-05-12,2025-06-09
AAPL,2025-06-10,D:\full-stack2\data\charts\AAPL\2025-06-10.png,2025-05-13,2025-06-10
AAPL,2025-06-11,D:\full-stack2\data\charts\AAPL\2025-06-11.png,2025-05-14,2025-06-11
AAPL,2025-06-12,D:\full-stack2\data\charts\AAPL\2025-06-12.png,2025-05-15,2025-06-12
AAPL,2025-06-13,D:\full-stack2\data\charts\AAPL\2025-06-13.png,2025-05-16,2025-06-13
AAPL,2025-06-16,D:\full-stack2\data\charts\AAPL\2025-06-16.png,2025-05-19,2025-06-16
AAPL,2025-06-17,D:\full-stack2\data\charts\AAPL\2025-06-17.png,2025-05-20,2025-06-17
AAPL,2025-06-18,D:\full-stack2\data\charts\AAPL\2025-06-18.png,2025-05-21,2025-06-18
AAPL,2025-06-20,D:\full-stack2\data\charts\AAPL\2025-06-20.png,2025-05-22,2025-06-20
AAPL,2025-06-23,D:\full-stack2\data\charts\AAPL\2025-06-23.png,2025-05-23,2025-06-23
AAPL,2025-06-24,D:\full-stack2\data\charts\AAPL\2025-06-24.png,2025-05-27,2025-06-24
AAPL,2025-06-25,D:\full-stack2\data\charts\AAPL\2025-06-25.png,2025-05-28,2025-06-25
AAPL,2025-06-26,D:\full-stack2\data\charts\AAPL\2025-06-26.png,2025-05-29,2025-06-26
AAPL,2025-06-27,D:\full-stack2\data\charts\AAPL\2025-06-27.png,2025-05-30,2025-06-27
AAPL,2025-06-30,D:\full-stack2\data\charts\AAPL\2025-06-30.png,2025-06-02,2025-06-30
AAPL,2025-07-01,D:\full-stack2\data\charts\AAPL\2025-07-01.png,2025-06-03,2025-07-01
AAPL,2025-07-02,D:\full-stack2\data\charts\AAPL\2025-07-02.png,2025-06-04,2025-07-02
AAPL,2025-07-03,D:\full-stack2\data\charts\AAPL\2025-07-03.png,2025-06-05,2025-07-03
AAPL,2025-07-07,D:\full-stack2\data\charts\AAPL\2025-07-07.png,2025-06-06,2025-07-07
AAPL,2025-07-08,D:\full-stack2\data\charts\AAPL\2025-07-08.png,2025-06-09,2025-07-08
AAPL,2025-07-09,D:\full-stack2\data\charts\AAPL\2025-07-09.png,2025-06-10,2025-07-09
AAPL,2025-07-10,D:\full-stack2\data\charts\AAPL\2025-07-10.png,2025-06-11,2025-07-10
AAPL,2025-07-11,D:\full-stack2\data\charts\AAPL\2025-07-11.png,2025-06-12,2025-07-11
AAPL,2025-07-14,D:\full-stack2\data\charts\AAPL\2025-07-14.png,2025-06-13,2025-07-14
AAPL,2025-07-15,D:\full-stack2\data\charts\AAPL\2025-07-15.png,2025-06-16,2025-07-15
AAPL,2025-07-16,D:\full-stack2\data\charts\AAPL\2025-07-16.png,2025-06-17,2025-07-16
AAPL,2025-07-17,D:\full-stack2\data\charts\AAPL\2025-07-17.png,2025-06-18,2025-07-17
AAPL,2025-07-18,D:\full-stack2\data\charts\AAPL\2025-07-18.png,2025-06-20,2025-07-18
AAPL,2025-07-21,D:\full-stack2\data\charts\AAPL\2025-07-21.png,2025-06-23,2025-07-21
AAPL,2025-07-22,D:\full-stack2\data\charts\AAPL\2025-07-22.png,2025-06-24,2025-07-22
AAPL,2025-07-23,D:\full-stack2\data\charts\AAPL\2025-07-23.png,2025-06-25,2025-07-23
AAPL,2025-07-24,D:\full-stack2\data\charts\AAPL\2025-07-24.png,2025-06-26,2025-07-24
AAPL,2025-07-25,D:\full-stack2\data\charts\AAPL\2025-07-25.png,2025-06-27,2025-07-25
AAPL,2025-07-28,D:\full-stack2\data\charts\AAPL\2025-07-28.png,2025-06-30,2025-07-28
AAPL,2025-07-29,D:\full-stack2\data\charts\AAPL\2025-07-29.png,2025-07-01,2025-07-29
AAPL,2025-07-30,D:\full-stack2\data\charts\AAPL\2025-07-30.png,2025-07-02,2025-07-30
AAPL,2025-07-31,D:\full-stack2\data\charts\AAPL\2025-07-31.png,2025-07-03,2025-07-31
AAPL,2025-08-01,D:\full-stack2\data\charts\AAPL\2025-08-01.png,2025-07-07,2025-08-01
AAPL,2025-08-04,D:\full-stack2\data\charts\AAPL\2025-08-04.png,2025-07-08,2025-08-04
AAPL,2025-08-05,D:\full-stack2\data\charts\AAPL\2025-08-05.png,2025-07-09,2025-08-05
AAPL,2025-08-06,D:\full-stack2\data\charts\AAPL\2025-08-06.png,2025-07-10,2025-08-06
AAPL,2025-08-07,D:\full-stack2\data\charts\AAPL\2025-08-07.png,2025-07-11,2025-08-07
AAPL,2025-08-08,D:\full-stack2\data\charts\AAPL\2025-08-08.png,2025-07-14,2025-08-08
AAPL,2025-08-11,D:\full-stack2\data\charts\AAPL\2025-08-11.png,2025-07-15,2025-08-11
AAPL,2025-08-12,D:\full-stack2\data\charts\AAPL\2025-08-12.png,2025-07-16,2025-08-12
AAPL,2025-08-13,D:\full-stack2\data\charts\AAPL\2025-08-13.png,2025-07-17,2025-08-13
AAPL,2025-08-14,D:\full-stack2\data\charts\AAPL\2025-08-14.png,2025-07-18,2025-08-14
AAPL,2025-08-15,D:\full-stack2\data\charts\AAPL\2025-08-15.png,2025-07-21,2025-08-15
AAPL,2025-08-18,D:\full-stack2\data\charts\AAPL\2025-08-18.png,2025-07-22,2025-08-18
AAPL,2025-08-19,D:\full-stack2\data\charts\AAPL\2025-08-19.png,2025-07-23,2025-08-19
AAPL,2025-08-20,D:\full-stack2\data\charts\AAPL\2025-08-20.png,2025-07-24,2025-08-20
AAPL,2025-08-21,D:\full-stack2\data\charts\AAPL\2025-08-21.png,2025-07-25,2025-08-21
AAPL,2025-08-22,D:\full-stack2\data\charts\AAPL\2025-08-22.png,2025-07-28,2025-08-22
AAPL,2025-08-25,D:\full-stack2\data\charts\AAPL\2025-08-25.png,2025-07-29,2025-08-25
AAPL,2025-08-26,D:\full-stack2\data\charts\AAPL\2025-08-26.png,2025-07-30,2025-08-26
AAPL,2025-08-27,D:\full-stack2\data\charts\AAPL\2025-08-27.png,2025-07-31,2025-08-27
AAPL,2025-08-28,D:\full-stack2\data\charts\AAPL\2025-08-28.png,2025-08-01,2025-08-28
AAPL,2025-08-29,D:\full-stack2\data\charts\AAPL\2025-08-29.png,2025-08-04,2025-08-29
AAPL,2025-09-02,D:\full-stack2\data\charts\AAPL\2025-09-02.png,2025-08-05,2025-09-02
AAPL,2025-09-03,D:\full-stack2\data\charts\AAPL\2025-09-03.png,2025-08-06,2025-09-03
AAPL,2025-09-04,D:\full-stack2\data\charts\AAPL\2025-09-04.png,2025-08-07,2025-09-04
AAPL,2025-09-05,D:\full-stack2\data\charts\AAPL\2025-09-05.png,2025-08-08,2025-09-05
AAPL,2025-09-08,D:\full-stack2\data\charts\AAPL\2025-09-08.png,2025-08-11,2025-09-08
AAPL,2025-09-09,D:\full-stack2\data\charts\AAPL\2025-09-09.png,2025-08-12,2025-09-09
AAPL,2025-09-10,D:\full-stack2\data\charts\AAPL\2025-09-10.png,2025-08-13,2025-09-10
AAPL,2025-09-11,D:\full-stack2\data\charts\AAPL\2025-09-11.png,2025-08-14,2025-09-11
AAPL,2025-09-12,D:\full-stack2\data\charts\AAPL\2025-09-12.png,2025-08-15,2025-09-12
AAPL,2025-09-15,D:\full-stack2\data\charts\AAPL\2025-09-15.png,2025-08-18,2025-09-15
AAPL,2025-09-16,D:\full-stack2\data\charts\AAPL\2025-09-16.png,2025-08-19,2025-09-16
AAPL,2025-09-17,D:\full-stack2\data\charts\AAPL\2025-09-17.png,2025-08-20,2025-09-17
AAPL,2025-09-18,D:\full-stack2\data\charts\AAPL\2025-09-18.png,2025-08-21,2025-09-18
AAPL,2025-09-19,D:\full-stack2\data\charts\AAPL\2025-09-19.png,2025-08-22,2025-09-19
AAPL,2025-09-22,D:\full-stack2\data\charts\AAPL\2025-09-22.png,2025-08-25,2025-09-22
AAPL,2025-09-23,D:\full-stack2\data\charts\AAPL\2025-09-23.png,2025-08-26,2025-09-23
AAPL,2025-09-24,D:\full-stack2\data\charts\AAPL\2025-09-24.png,2025-08-27,2025-09-24
AAPL,2025-09-25,D:\full-stack2\data\charts\AAPL\2025-09-25.png,2025-08-28,2025-09-25
AAPL,2025-09-26,D:\full-stack2\data\charts\AAPL\2025-09-26.png,2025-08-29,2025-09-26
AAPL,2025-09-29,D:\full-stack2\data\charts\AAPL\2025-09-29.png,2025-09-02,2025-09-29
AAPL,2025-09-30,D:\full-stack2\data\charts\AAPL\2025-09-30.png,2025-09-03,2025-09-30
AAPL,2025-10-01,D:\full-stack2\data\charts\AAPL\2025-10-01.png,2025-09-04,2025-10-01
AAPL,2025-10-02,D:\full-stack2\data\charts\AAPL\2025-10-02.png,2025-09-05,2025-10-02
AAPL,2025-10-03,D:\full-stack2\data\charts\AAPL\2025-10-03.png,2025-09-08,2025-10-03
AAPL,2025-10-06,D:\full-stack2\data\charts\AAPL\2025-10-06.png,2025-09-09,2025-10-06
AAPL,2025-10-07,D:\full-stack2\data\charts\AAPL\2025-10-07.png,2025-09-10,2025-10-07
AAPL,2025-10-08,D:\full-stack2\data\charts\AAPL\2025-10-08.png,2025-09-11,2025-10-08
AAPL,2025-10-09,D:\full-stack2\data\charts\AAPL\2025-10-09.png,2025-09-12,2025-10-09
AAPL,2025-10-10,D:\full-stack2\data\charts\AAPL\2025-10-10.png,2025-09-15,2025-10-10
AAPL,2025-10-13,D:\full-stack2\data\charts\AAPL\2025-10-13.png,2025-09-16,2025-10-13
AAPL,2025-10-14,D:\full-stack2\data\charts\AAPL\2025-10-14.png,2025-09-17,2025-10-14
AAPL,2025-10-15,D:\full-stack2\data\charts\AAPL\2025-10-15.png,2025-09-18,2025-10-15
AAPL,2025-10-16,D:\full-stack2\data\charts\AAPL\2025-10-16.png,2025-09-19,2025-10-16
AAPL,2025-10-17,D:\full-stack2\data\charts\AAPL\2025-10-17.png,2025-09-22,2025-10-17
AAPL,2025-10-20,D:\full-stack2\data\charts\AAPL\2025-10-20.png,2025-09-23,2025-10-20
AAPL,2025-10-21,D:\full-stack2\data\charts\AAPL\2025-10-21.png,2025-09-24,2025-10-21
AAPL,2025-10-22,D:\full-stack2\data\charts\AAPL\2025-10-22.png,2025-09-25,2025-10-22
AAPL,2025-10-23,D:\full-stack2\data\charts\AAPL\2025-10-23.png,2025-09-26,2025-10-23
AAPL,2025-10-24,D:\full-stack2\data\charts\AAPL\2025-10-24.png,2025-09-29,2025-10-24
AAPL,2025-10-27,D:\full-stack2\data\charts\AAPL\2025-10-27.png,2025-09-30,2025-10-27
AAPL,2025-10-28,D:\full-stack2\data\charts\AAPL\2025-10-28.png,2025-10-01,2025-10-28
AAPL,2025-10-29,D:\full-stack2\data\charts\AAPL\2025-10-29.png,2025-10-02,2025-10-29
AAPL,2025-10-30,D:\full-stack2\data\charts\AAPL\2025-10-30.png,2025-10-03,2025-10-30
AAPL,2025-10-31,D:\full-stack2\data\charts\AAPL\2025-10-31.png,2025-10-06,2025-10-31
AAPL,2025-11-03,D:\full-stack2\data\charts\AAPL\2025-11-03.png,2025-10-07,2025-11-03
AAPL,2025-11-04,D:\full-stack2\data\charts\AAPL\2025-11-04.png,2025-10-08,2025-11-04
AAPL,2025-11-05,D:\full-stack2\data\charts\AAPL\2025-11-05.png,2025-10-09,2025-11-05
AAPL,2025-11-06,D:\full-stack2\data\charts\AAPL\2025-11-06.png,2025-10-10,2025-11-06
AAPL,2025-11-07,D:\full-stack2\data\charts\AAPL\2025-11-07.png,2025-10-13,2025-11-07
AAPL,2025-11-10,D:\full-stack2\data\charts\AAPL\2025-11-10.png,2025-10-14,2025-11-10
AAPL,2025-11-11,D:\full-stack2\data\charts\AAPL\2025-11-11.png,2025-10-15,2025-11-11
AAPL,2025-11-12,D:\full-stack2\data\charts\AAPL\2025-11-12.png,2025-10-16,2025-11-12
AAPL,2025-11-13,D:\full-stack2\data\charts\AAPL\2025-11-13.png,2025-10-17,2025-11-13
AAPL,2025-11-14,D:\full-stack2\data\charts\AAPL\2025-11-14.png,2025-10-20,2025-11-14
AAPL,2025-11-17,D:\full-stack2\data\charts\AAPL\2025-11-17.png,2025-10-21,2025-11-17
AAPL,2025-11-18,D:\full-stack2\data\charts\AAPL\2025-11-18.png,2025-10-22,2025-11-18
AAPL,2025-11-19,D:\full-stack2\data\charts\AAPL\2025-11-19.png,2025-10-23,2025-11-19
AAPL,2025-11-20,D:\full-stack2\data\charts\AAPL\2025-11-20.png,2025-10-24,2025-11-20
AAPL,2025-11-21,D:\full-stack2\data\charts\AAPL\2025-11-21.png,2025-10-27,2025-11-21
AAPL,2025-11-24,D:\full-stack2\data\charts\AAPL\2025-11-24.png,2025-10-28,2025-11-24
AAPL,2025-11-25,D:\full-stack2\data\charts\AAPL\2025-11-25.png,2025-10-29,2025-11-25
AAPL,2025-11-26,D:\full-stack2\data\charts\AAPL\2025-11-26.png,2025-10-30,2025-11-26
AAPL,2025-11-28,D:\full-stack2\data\charts\AAPL\2025-11-28.png,2025-10-31,2025-11-28
AAPL,2025-12-01,D:\full-stack2\data\charts\AAPL\2025-12-01.png,2025-11-03,2025-12-01
AAPL,2025-12-02,D:\full-stack2\data\charts\AAPL\2025-12-02.png,2025-11-04,2025-12-02
AAPL,2025-12-03,D:\full-stack2\data\charts\AAPL\2025-12-03.png,2025-11-05,2025-12-03
AAPL,2025-12-04,D:\full-stack2\data\charts\AAPL\2025-12-04.png,2025-11-06,2025-12-04
AAPL,2025-12-05,D:\full-stack2\data\charts\AAPL\2025-12-05.png,2025-11-07,2025-12-05
AAPL,2025-12-08,D:\full-stack2\data\charts\AAPL\2025-12-08.png,2025-11-10,2025-12-08
AAPL,2025-12-09,D:\full-stack2\data\charts\AAPL\2025-12-09.png,2025-11-11,2025-12-09
AAPL,2025-12-10,D:\full-stack2\data\charts\AAPL\2025-12-10.png,2025-11-12,2025-12-10
AAPL,2025-12-11,D:\full-stack2\data\charts\AAPL\2025-12-11.png,2025-11-13,2025-12-11
AAPL,2025-12-12,D:\full-stack2\data\charts\AAPL\2025-12-12.png,2025-11-14,2025-12-12
AAPL,2025-12-15,D:\full-stack2\data\charts\AAPL\2025-12-15.png,2025-11-17,2025-12-15
AAPL,2025-12-16,D:\full-stack2\data\charts\AAPL\2025-12-16.png,2025-11-18,2025-12-16
AAPL,2025-12-17,D:\full-stack2\data\charts\AAPL\2025-12-17.png,2025-11-19,2025-12-17
AAPL,2025-12-18,D:\full-stack2\data\charts\AAPL\2025-12-18.png,2025-11-20,2025-12-18
AAPL,2025-12-19,D:\full-stack2\data\charts\AAPL\2025-12-19.png,2025-11-21,2025-12-19
AAPL,2025-12-22,D:\full-stack2\data\charts\AAPL\2025-12-22.png,2025-11-24,2025-12-22
AAPL,2025-12-23,D:\full-stack2\data\charts\AAPL\2025-12-23.png,2025-11-25,2025-12-23
AAPL,2025-12-24,D:\full-stack2\data\charts\AAPL\2025-12-24.png,2025-11-26,2025-12-24
AAPL,2025-12-26,D:\full-stack2\data\charts\AAPL\2025-12-26.png,2025-11-28,2025-12-26
AAPL,2025-12-29,D:\full-stack2\data\charts\AAPL\2025-12-29.png,2025-12-01,2025-12-29
GOOGL,2022-01-31,D:\full-stack2\data\charts\GOOGL\2022-01-31.png,2022-01-03,2022-01-31
GOOGL,2022-02-01,D:\full-stack2\data\charts\GOOGL\2022-02-01.png,2022-01-04,2022-02-01
GOOGL,2022-02-02,D:\full-stack2\data\charts\GOOGL\2022-02-02.png,2022-01-05,2022-02-02
GOOGL,2022-02-03,D:\full-stack2\data\charts\GOOGL\2022-02-03.png,2022-01-06,2022-02-03
GOOGL,2022-02-04,D:\full-stack2\data\charts\GOOGL\2022-02-04.png,2022-01-07,2022-02-04
GOOGL,2022-02-07,D:\full-stack2\data\charts\GOOGL\2022-02-07.png,2022-01-10,2022-02-07
GOOGL,2022-02-08,D:\full-stack2\data\charts\GOOGL\2022-02-08.png,2022-01-11,2022-02-08
GOOGL,2022-02-09,D:\full-stack2\data\charts\GOOGL\2022-02-09.png,2022-01-12,2022-02-09
GOOGL,2022-02-10,D:\full-stack2\data\charts\GOOGL\2022-02-10.png,2022-01-13,2022-02-10
GOOGL,2022-02-11,D:\full-stack2\data\charts\GOOGL\2022-02-11.png,2022-01-14,2022-02-11
GOOGL,2022-02-14,D:\full-stack2\data\charts\GOOGL\2022-02-14.png,2022-01-18,2022-02-14
GOOGL,2022-02-15,D:\full-stack2\data\charts\GOOGL\2022-02-15.png,2022-01-19,2022-02-15
GOOGL,2022-02-16,D:\full-stack2\data\charts\GOOGL\2022-02-16.png,2022-01-20,2022-02-16
GOOGL,2022-02-17,D:\full-stack2\data\charts\GOOGL\2022-02-17.png,2022-01-21,2022-02-17
GOOGL,2022-02-18,D:\full-stack2\data\charts\GOOGL\2022-02-18.png,2022-01-24,2022-02-18
GOOGL,2022-02-22,D:\full-stack2\data\charts\GOOGL\2022-02-22.png,2022-01-25,2022-02-22
GOOGL,2022-02-23,D:\full-stack2\data\charts\GOOGL\2022-02-23.png,2022-01-26,2022-02-23
GOOGL,2022-02-24,D:\full-stack2\data\charts\GOOGL\2022-02-24.png,2022-01-27,2022-02-24
GOOGL,2022-02-25,D:\full-stack2\data\charts\GOOGL\2022-02-25.png,2022-01-28,2022-02-25
GOOGL,2022-02-28,D:\full-stack2\data\charts\GOOGL\2022-02-28.png,2022-01-31,2022-02-28
GOOGL,2022-03-01,D:\full-stack2\data\charts\GOOGL\2022-03-01.png,2022-02-01,2022-03-01
GOOGL,2022-03-02,D:\full-stack2\data\charts\GOOGL\2022-03-02.png,2022-02-02,2022-03-02
GOOGL,2022-03-03,D:\full-stack2\data\charts\GOOGL\2022-03-03.png,2022-02-03,2022-03-03
GOOGL,2022-03-04,D:\full-stack2\data\charts\GOOGL\2022-03-04.png,2022-02-04,2022-03-04
GOOGL,2022-03-07,D:\full-stack2\data\charts\GOOGL\2022-03-07.png,2022-02-07,2022-03-07
GOOGL,2022-03-08,D:\full-stack2\data\charts\GOOGL\2022-03-08.png,2022-02-08,2022-03-08
GOOGL,2022-03-09,D:\full-stack2\data\charts\GOOGL\2022-03-09.png,2022-02-09,2022-03-09
GOOGL,2022-03-10,D:\full-stack2\data\charts\GOOGL\2022-03-10.png,2022-02-10,2022-03-10
GOOGL,2022-03-11,D:\full-stack2\data\charts\GOOGL\2022-03-11.png,2022-02-11,2022-03-11
GOOGL,2022-03-14,D:\full-stack2\data\charts\GOOGL\2022-03-14.png,2022-02-14,2022-03-14
GOOGL,2022-03-15,D:\full-stack2\data\charts\GOOGL\2022-03-15.png,2022-02-15,2022-03-15
GOOGL,2022-03-16,D:\full-stack2\data\charts\GOOGL\2022-03-16.png,2022-02-16,2022-03-16
GOOGL,2022-03-17,D:\full-stack2\data\charts\GOOGL\2022-03-17.png,2022-02-17,2022-03-17
GOOGL,2022-03-18,D:\full-stack2\data\charts\GOOGL\2022-03-18.png,2022-02-18,2022-03-18
GOOGL,2022-03-21,D:\full-stack2\data\charts\GOOGL\2022-03-21.png,2022-02-22,2022-03-21
GOOGL,2022-03-22,D:\full-stack2\data\charts\GOOGL\2022-03-22.png,2022-02-23,2022-03-22
GOOGL,2022-03-23,D:\full-stack2\data\charts\GOOGL\2022-03-23.png,2022-02-24,2022-03-23
GOOGL,2022-03-24,D:\full-stack2\data\charts\GOOGL\2022-03-24.png,2022-02-25,2022-03-24
GOOGL,2022-03-25,D:\full-stack2\data\charts\GOOGL\2022-03-25.png,2022-02-28,2022-03-25
GOOGL,2022-03-28,D:\full-stack2\data\charts\GOOGL\2022-03-28.png,2022-03-01,2022-03-28
GOOGL,2022-03-29,D:\full-stack2\data\charts\GOOGL\2022-03-29.png,2022-03-02,2022-03-29
GOOGL,2022-03-30,D:\full-stack2\data\charts\GOOGL\2022-03-30.png,2022-03-03,2022-03-30
GOOGL,2022-03-31,D:\full-stack2\data\charts\GOOGL\2022-03-31.png,2022-03-04,2022-03-31
GOOGL,2022-04-01,D:\full-stack2\data\charts\GOOGL\2022-04-01.png,2022-03-07,2022-04-01
GOOGL,2022-04-04,D:\full-stack2\data\charts\GOOGL\2022-04-04.png,2022-03-08,2022-04-04
GOOGL,2022-04-05,D:\full-stack2\data\charts\GOOGL\2022-04-05.png,2022-03-09,2022-04-05
GOOGL,2022-04-06,D:\full-stack2\data\charts\GOOGL\2022-04-06.png,2022-03-10,2022-04-06
GOOGL,2022-04-07,D:\full-stack2\data\charts\GOOGL\2022-04-07.png,2022-03-11,2022-04-07
GOOGL,2022-04-08,D:\full-stack2\data\charts\GOOGL\2022-04-08.png,2022-03-14,2022-04-08
GOOGL,2022-04-11,D:\full-stack2\data\charts\GOOGL\2022-04-11.png,2022-03-15,2022-04-11
GOOGL,2022-04-12,D:\full-stack2\data\charts\GOOGL\2022-04-12.png,2022-03-16,2022-04-12
GOOGL,2022-04-13,D:\full-stack2\data\charts\GOOGL\2022-04-13.png,2022-03-17,2022-04-13
GOOGL,2022-04-14,D:\full-stack2\data\charts\GOOGL\2022-04-14.png,2022-03-18,2022-04-14
GOOGL,2022-04-18,D:\full-stack2\data\charts\GOOGL\2022-04-18.png,2022-03-21,2022-04-18
GOOGL,2022-04-19,D:\full-stack2\data\charts\GOOGL\2022-04-19.png,2022-03-22,2022-04-19
GOOGL,2022-04-20,D:\full-stack2\data\charts\GOOGL\2022-04-20.png,2022-03-23,2022-04-20
GOOGL,2022-04-21,D:\full-stack2\data\charts\GOOGL\2022-04-21.png,2022-03-24,2022-04-21
GOOGL,2022-04-22,D:\full-stack2\data\charts\GOOGL\2022-04-22.png,2022-03-25,2022-04-22
GOOGL,2022-04-25,D:\full-stack2\data\charts\GOOGL\2022-04-25.png,2022-03-28,2022-04-25
GOOGL,2022-04-26,D:\full-stack2\data\charts\GOOGL\2022-04-26.png,2022-03-29,2022-04-26
GOOGL,2022-04-27,D:\full-stack2\data\charts\GOOGL\2022-04-27.png,2022-03-30,2022-04-27
GOOGL,2022-04-28,D:\full-stack2\data\charts\GOOGL\2022-04-28.png,2022-03-31,2022-04-28
GOOGL,2022-04-29,D:\full-stack2\data\charts\GOOGL\2022-04-29.png,2022-04-01,2022-04-29
GOOGL,2022-05-02,D:\full-stack2\data\charts\GOOGL\2022-05-02.png,2022-04-04,2022-05-02
GOOGL,2022-05-03,D:\full-stack2\data\charts\GOOGL\2022-05-03.png,2022-04-05,2022-05-03
GOOGL,2022-05-04,D:\full-stack2\data\charts\GOOGL\2022-05-04.png,2022-04-06,2022-05-04
GOOGL,2022-05-05,D:\full-stack2\data\charts\GOOGL\2022-05-05.png,2022-04-07,2022-05-05
GOOGL,2022-05-06,D:\full-stack2\data\charts\GOOGL\2022-05-06.png,2022-04-08,2022-05-06
GOOGL,2022-05-09,D:\full-stack2\data\charts\GOOGL\2022-05-09.png,2022-04-11,2022-05-09
GOOGL,2022-05-10,D:\full-stack2\data\charts\GOOGL\2022-05-10.png,2022-04-12,2022-05-10
GOOGL,2022-05-11,D:\full-stack2\data\charts\GOOGL\2022-05-11.png,2022-04-13,2022-05-11
GOOGL,2022-05-12,D:\full-stack2\data\charts\GOOGL\2022-05-12.png,2022-04-14,2022-05-12
GOOGL,2022-05-13,D:\full-stack2\data\charts\GOOGL\2022-05-13.png,2022-04-18,2022-05-13
GOOGL,2022-05-16,D:\full-stack2\data\charts\GOOGL\2022-05-16.png,2022-04-19,2022-05-16
GOOGL,2022-05-17,D:\full-stack2\data\charts\GOOGL\2022-05-17.png,2022-04-20,2022-05-17
GOOGL,2022-05-18,D:\full-stack2\data\charts\GOOGL\2022-05-18.png,2022-04-21,2022-05-18
GOOGL,2022-05-19,D:\full-stack2\data\charts\GOOGL\2022-05-19.png,2022-04-22,2022-05-19
GOOGL,2022-05-20,D:\full-stack2\data\charts\GOOGL\2022-05-20.png,2022-04-25,2022-05-20
GOOGL,2022-05-23,D:\full-stack2\data\charts\GOOGL\2022-05-23.png,2022-04-26,2022-05-23
GOOGL,2022-05-24,D:\full-stack2\data\charts\GOOGL\2022-05-24.png,2022-04-27,2022-05-24
GOOGL,2022-05-25,D:\full-stack2\data\charts\GOOGL\2022-05-25.png,2022-04-28,2022-05-25
GOOGL,2022-05-26,D:\full-stack2\data\charts\GOOGL\2022-05-26.png,2022-04-29,2022-05-26
GOOGL,2022-05-27,D:\full-stack2\data\charts\GOOGL\2022-05-27.png,2022-05-02,2022-05-27
GOOGL,2022-05-31,D:\full-stack2\data\charts\GOOGL\2022-05-31.png,2022-05-03,2022-05-31
GOOGL,2022-06-01,D:\full-stack2\data\charts\GOOGL\2022-06-01.png,2022-05-04,2022-06-01
GOOGL,2022-06-02,D:\full-stack2\data\charts\GOOGL\2022-06-02.png,2022-05-05,2022-06-02
GOOGL,2022-06-03,D:\full-stack2\data\charts\GOOGL\2022-06-03.png,2022-05-06,2022-06-03
GOOGL,2022-06-06,D:\full-stack2\data\charts\GOOGL\2022-06-06.png,2022-05-09,2022-06-06
GOOGL,2022-06-07,D:\full-stack2\data\charts\GOOGL\2022-06-07.png,2022-05-10,2022-06-07
GOOGL,2022-06-08,D:\full-stack2\data\charts\GOOGL\2022-06-08.png,2022-05-11,2022-06-08
GOOGL,2022-06-09,D:\full-stack2\data\charts\GOOGL\2022-06-09.png,2022-05-12,2022-06-09
GOOGL,2022-06-10,D:\full-stack2\data\charts\GOOGL\2022-06-10.png,2022-05-13,2022-06-10
GOOGL,2022-06-13,D:\full-stack2\data\charts\GOOGL\2022-06-13.png,2022-05-16,2022-06-13
GOOGL,2022-06-14,D:\full-stack2\data\charts\GOOGL\2022-06-14.png,2022-05-17,2022-06-14
GOOGL,2022-06-15,D:\full-stack2\data\charts\GOOGL\2022-06-15.png,2022-05-18,2022-06-15
GOOGL,2022-06-16,D:\full-stack2\data\charts\GOOGL\2022-06-16.png,2022-05-19,2022-06-16
GOOGL,2022-06-17,D:\full-stack2\data\charts\GOOGL\2022-06-17.png,2022-05-20,2022-06-17
GOOGL,2022-06-21,D:\full-stack2\data\charts\GOOGL\2022-06-21.png,2022-05-23,2022-06-21
GOOGL,2022-06-22,D:\full-stack2\data\charts\GOOGL\2022-06-22.png,2022-05-24,2022-06-22
GOOGL,2022-06-23,D:\full-stack2\data\charts\GOOGL\2022-06-23.png,2022-05-25,2022-06-23
GOOGL,2022-06-24,D:\full-stack2\data\charts\GOOGL\2022-06-24.png,2022-05-26,2022-06-24
GOOGL,2022-06-27,D:\full-stack2\data\charts\GOOGL\2022-06-27.png,2022-05-27,2022-06-27
GOOGL,2022-06-28,D:\full-stack2\data\charts\GOOGL\2022-06-28.png,2022-05-31,2022-06-28
GOOGL,2022-06-29,D:\full-stack2\data\charts\GOOGL\2022-06-29.png,2022-06-01,2022-06-29
GOOGL,2022-06-30,D:\full-stack2\data\charts\GOOGL\2022-06-30.png,2022-06-02,2022-06-30
GOOGL,2022-07-01,D:\full-stack2\data\charts\GOOGL\2022-07-01.png,2022-06-03,2022-07-01
GOOGL,2022-07-05,D:\full-stack2\data\charts\GOOGL\2022-07-05.png,2022-06-06,2022-07-05
GOOGL,2022-07-06,D:\full-stack2\data\charts\GOOGL\2022-07-06.png,2022-06-07,2022-07-06
GOOGL,2022-07-07,D:\full-stack2\data\charts\GOOGL\2022-07-07.png,2022-06-08,2022-07-07
GOOGL,2022-07-08,D:\full-stack2\data\charts\GOOGL\2022-07-08.png,2022-06-09,2022-07-08
GOOGL,2022-07-11,D:\full-stack2\data\charts\GOOGL\2022-07-11.png,2022-06-10,2022-07-11
GOOGL,2022-07-12,D:\full-stack2\data\charts\GOOGL\2022-07-12.png,2022-06-13,2022-07-12
GOOGL,2022-07-13,D:\full-stack2\data\charts\GOOGL\2022-07-13.png,2022-06-14,2022-07-13
GOOGL,2022-07-14,D:\full-stack2\data\charts\GOOGL\2022-07-14.png,2022-06-15,2022-07-14
GOOGL,2022-07-15,D:\full-stack2\data\charts\GOOGL\2022-07-15.png,2022-06-16,2022-07-15
GOOGL,2022-07-18,D:\full-stack2\data\charts\GOOGL\2022-07-18.png,2022-06-17,2022-07-18
GOOGL,2022-07-19,D:\full-stack2\data\charts\GOOGL\2022-07-19.png,2022-06-21,2022-07-19
GOOGL,2022-07-20,D:\full-stack2\data\charts\GOOGL\2022-07-20.png,2022-06-22,2022-07-20
GOOGL,2022-07-21,D:\full-stack2\data\charts\GOOGL\2022-07-21.png,2022-06-23,2022-07-21
GOOGL,2022-07-22,D:\full-stack2\data\charts\GOOGL\2022-07-22.png,2022-06-24,2022-07-22
GOOGL,2022-07-25,D:\full-stack2\data\charts\GOOGL\2022-07-25.png,2022-06-27,2022-07-25
GOOGL,2022-07-26,D:\full-stack2\data\charts\GOOGL\2022-07-26.png,2022-06-28,2022-07-26
GOOGL,2022-07-27,D:\full-stack2\data\charts\GOOGL\2022-07-27.png,2022-06-29,2022-07-27
GOOGL,2022-07-28,D:\full-stack2\data\charts\GOOGL\2022-07-28.png,2022-06-30,2022-07-28
GOOGL,2022-07-29,D:\full-stack2\data\charts\GOOGL\2022-07-29.png,2022-07-01,2022-07-29
GOOGL,2022-08-01,D:\full-stack2\data\charts\GOOGL\2022-08-01.png,2022-07-05,2022-08-01
GOOGL,2022-08-02,D:\full-stack2\data\charts\GOOGL\2022-08-02.png,2022-07-06,2022-08-02
GOOGL,2022-08-03,D:\full-stack2\data\charts\GOOGL\2022-08-03.png,2022-07-07,2022-08-03
GOOGL,2022-08-04,D:\full-stack2\data\charts\GOOGL\2022-08-04.png,2022-07-08,2022-08-04
GOOGL,2022-08-05,D:\full-stack2\data\charts\GOOGL\2022-08-05.png,2022-07-11,2022-08-05
GOOGL,2022-08-08,D:\full-stack2\data\charts\GOOGL\2022-08-08.png,2022-07-12,2022-08-08
GOOGL,2022-08-09,D:\full-stack2\data\charts\GOOGL\2022-08-09.png,2022-07-13,2022-08-09
GOOGL,2022-08-10,D:\full-stack2\data\charts\GOOGL\2022-08-10.png,2022-07-14,2022-08-10
GOOGL,2022-08-11,D:\full-stack2\data\charts\GOOGL\2022-08-11.png,2022-07-15,2022-08-11
GOOGL,2022-08-12,D:\full-stack2\data\charts\GOOGL\2022-08-12.png,2022-07-18,2022-08-12
GOOGL,2022-08-15,D:\full-stack2\data\charts\GOOGL\2022-08-15.png,2022-07-19,2022-08-15
GOOGL,2022-08-16,D:\full-stack2\data\charts\GOOGL\2022-08-16.png,2022-07-20,2022-08-16
GOOGL,2022-08-17,D:\full-stack2\data\charts\GOOGL\2022-08-17.png,2022-07-21,2022-08-17
GOOGL,2022-08-18,D:\full-stack2\data\charts\GOOGL\2022-08-18.png,2022-07-22,2022-08-18
GOOGL,2022-08-19,D:\full-stack2\data\charts\GOOGL\2022-08-19.png,2022-07-25,2022-08-19
GOOGL,2022-08-22,D:\full-stack2\data\charts\GOOGL\2022-08-22.png,2022-07-26,2022-08-22
GOOGL,2022-08-23,D:\full-stack2\data\charts\GOOGL\2022-08-23.png,2022-07-27,2022-08-23
GOOGL,2022-08-24,D:\full-stack2\data\charts\GOOGL\2022-08-24.png,2022-07-28,2022-08-24
GOOGL,2022-08-25,D:\full-stack2\data\charts\GOOGL\2022-08-25.png,2022-07-29,2022-08-25
GOOGL,2022-08-26,D:\full-stack2\data\charts\GOOGL\2022-08-26.png,2022-08-01,2022-08-26
GOOGL,2022-08-29,D:\full-stack2\data\charts\GOOGL\2022-08-29.png,2022-08-02,2022-08-29
GOOGL,2022-08-30,D:\full-stack2\data\charts\GOOGL\2022-08-30.png,2022-08-03,2022-08-30
GOOGL,2022-08-31,D:\full-stack2\data\charts\GOOGL\2022-08-31.png,2022-08-04,2022-08-31
GOOGL,2022-09-01,D:\full-stack2\data\charts\GOOGL\2022-09-01.png,2022-08-05,2022-09-01
GOOGL,2022-09-02,D:\full-stack2\data\charts\GOOGL\2022-09-02.png,2022-08-08,2022-09-02
GOOGL,2022-09-06,D:\full-stack2\data\charts\GOOGL\2022-09-06.png,2022-08-09,2022-09-06
GOOGL,2022-09-07,D:\full-stack2\data\charts\GOOGL\2022-09-07.png,2022-08-10,2022-09-07
GOOGL,2022-09-08,D:\full-stack2\data\charts\GOOGL\2022-09-08.png,2022-08-11,2022-09-08
GOOGL,2022-09-09,D:\full-stack2\data\charts\GOOGL\2022-09-09.png,2022-08-12,2022-09-09
GOOGL,2022-09-12,D:\full-stack2\data\charts\GOOGL\2022-09-12.png,2022-08-15,2022-09-12
GOOGL,2022-09-13,D:\full-stack2\data\charts\GOOGL\2022-09-13.png,2022-08-16,2022-09-13
GOOGL,2022-09-14,D:\full-stack2\data\charts\GOOGL\2022-09-14.png,2022-08-17,2022-09-14
GOOGL,2022-09-15,D:\full-stack2\data\charts\GOOGL\2022-09-15.png,2022-08-18,2022-09-15
GOOGL,2022-09-16,D:\full-stack2\data\charts\GOOGL\2022-09-16.png,2022-08-19,2022-09-16
GOOGL,2022-09-19,D:\full-stack2\data\charts\GOOGL\2022-09-19.png,2022-08-22,2022-09-19
GOOGL,2022-09-20,D:\full-stack2\data\charts\GOOGL\2022-09-20.png,2022-08-23,2022-09-20
GOOGL,2022-09-21,D:\full-stack2\data\charts\GOOGL\2022-09-21.png,2022-08-24,2022-09-21
GOOGL,2022-09-22,D:\full-stack2\data\charts\GOOGL\2022-09-22.png,2022-08-25,2022-09-22
GOOGL,2022-09-23,D:\full-stack2\data\charts\GOOGL\2022-09-23.png,2022-08-26,2022-09-23
GOOGL,2022-09-26,D:\full-stack2\data\charts\GOOGL\2022-09-26.png,2022-08-29,2022-09-26
GOOGL,2022-09-27,D:\full-stack2\data\charts\GOOGL\2022-09-27.png,2022-08-30,2022-09-27
GOOGL,2022-09-28,D:\full-stack2\data\charts\GOOGL\2022-09-28.png,2022-08-31,2022-09-28
GOOGL,2022-09-29,D:\full-stack2\data\charts\GOOGL\2022-09-29.png,2022-09-01,2022-09-29
GOOGL,2022-09-30,D:\full-stack2\data\charts\GOOGL\2022-09-30.png,2022-09-02,2022-09-30
GOOGL,2022-10-03,D:\full-stack2\data\charts\GOOGL\2022-10-03.png,2022-09-06,2022-10-03
GOOGL,2022-10-04,D:\full-stack2\data\charts\GOOGL\2022-10-04.png,2022-09-07,2022-10-04
GOOGL,2022-10-05,D:\full-stack2\data\charts\GOOGL\2022-10-05.png,2022-09-08,2022-10-05
GOOGL,2022-10-06,D:\full-stack2\data\charts\GOOGL\2022-10-06.png,2022-09-09,2022-10-06
GOOGL,2022-10-07,D:\full-stack2\data\charts\GOOGL\2022-10-07.png,2022-09-12,2022-10-07
GOOGL,2022-10-10,D:\full-stack2\data\charts\GOOGL\2022-10-10.png,2022-09-13,2022-10-10
GOOGL,2022-10-11,D:\full-stack2\data\charts\GOOGL\2022-10-11.png,2022-09-14,2022-10-11
GOOGL,2022-10-12,D:\full-stack2\data\charts\GOOGL\2022-10-12.png,2022-09-15,2022-10-12
GOOGL,2022-10-13,D:\full-stack2\data\charts\GOOGL\2022-10-13.png,2022-09-16,2022-10-13
GOOGL,2022-10-14,D:\full-stack2\data\charts\GOOGL\2022-10-14.png,2022-09-19,2022-10-14
GOOGL,2022-10-17,D:\full-stack2\data\charts\GOOGL\2022-10-17.png,2022-09-20,2022-10-17
GOOGL,2022-10-18,D:\full-stack2\data\charts\GOOGL\2022-10-18.png,2022-09-21,2022-10-18
GOOGL,2022-10-19,D:\full-stack2\data\charts\GOOGL\2022-10-19.png,2022-09-22,2022-10-19
GOOGL,2022-10-20,D:\full-stack2\data\charts\GOOGL\2022-10-20.png,2022-09-23,2022-10-20
GOOGL,2022-10-21,D:\full-stack2\data\charts\GOOGL\2022-10-21.png,2022-09-26,2022-10-21
GOOGL,2022-10-24,D:\full-stack2\data\charts\GOOGL\2022-10-24.png,2022-09-27,2022-10-24
GOOGL,2022-10-25,D:\full-stack2\data\charts\GOOGL\2022-10-25.png,2022-09-28,2022-10-25
GOOGL,2022-10-26,D:\full-stack2\data\charts\GOOGL\2022-10-26.png,2022-09-29,2022-10-26
GOOGL,2022-10-27,D:\full-stack2\data\charts\GOOGL\2022-10-27.png,2022-09-30,2022-10-27
GOOGL,2022-10-28,D:\full-stack2\data\charts\GOOGL\2022-10-28.png,2022-10-03,2022-10-28
GOOGL,2022-10-31,D:\full-stack2\data\charts\GOOGL\2022-10-31.png,2022-10-04,2022-10-31
GOOGL,2022-11-01,D:\full-stack2\data\charts\GOOGL\2022-11-01.png,2022-10-05,2022-11-01
GOOGL,2022-11-02,D:\full-stack2\data\charts\GOOGL\2022-11-02.png,2022-10-06,2022-11-02
GOOGL,2022-11-03,D:\full-stack2\data\charts\GOOGL\2022-11-03.png,2022-10-07,2022-11-03
GOOGL,2022-11-04,D:\full-stack2\data\charts\GOOGL\2022-11-04.png,2022-10-10,2022-11-04
GOOGL,2022-11-07,D:\full-stack2\data\charts\GOOGL\2022-11-07.png,2022-10-11,2022-11-07
GOOGL,2022-11-08,D:\full-stack2\data\charts\GOOGL\2022-11-08.png,2022-10-12,2022-11-08
GOOGL,2022-11-09,D:\full-stack2\data\charts\GOOGL\2022-11-09.png,2022-10-13,2022-11-09
GOOGL,2022-11-10,D:\full-stack2\data\charts\GOOGL\2022-11-10.png,2022-10-14,2022-11-10
GOOGL,2022-11-11,D:\full-stack2\data\charts\GOOGL\2022-11-11.png,2022-10-17,2022-11-11
GOOGL,2022-11-14,D:\full-stack2\data\charts\GOOGL\2022-11-14.png,2022-10-18,2022-11-14
GOOGL,2022-11-15,D:\full-stack2\data\charts\GOOGL\2022-11-15.png,2022-10-19,2022-11-15
GOOGL,2022-11-16,D:\full-stack2\data\charts\GOOGL\2022-11-16.png,2022-10-20,2022-11-16
GOOGL,2022-11-17,D:\full-stack2\data\charts\GOOGL\2022-11-17.png,2022-10-21,2022-11-17
GOOGL,2022-11-18,D:\full-stack2\data\charts\GOOGL\2022-11-18.png,2022-10-24,2022-11-18
GOOGL,2022-11-21,D:\full-stack2\data\charts\GOOGL\2022-11-21.png,2022-10-25,2022-11-21
GOOGL,2022-11-22,D:\full-stack2\data\charts\GOOGL\2022-11-22.png,2022-10-26,2022-11-22
GOOGL,2022-11-23,D:\full-stack2\data\charts\GOOGL\2022-11-23.png,2022-10-27,2022-11-23
GOOGL,2022-11-25,D:\full-stack2\data\charts\GOOGL\2022-11-25.png,2022-10-28,2022-11-25
GOOGL,2022-11-28,D:\full-stack2\data\charts\GOOGL\2022-11-28.png,2022-10-31,2022-11-28
GOOGL,2022-11-29,D:\full-stack2\data\charts\GOOGL\2022-11-29.png,2022-11-01,2022-11-29
GOOGL,2022-11-30,D:\full-stack2\data\charts\GOOGL\2022-11-30.png,2022-11-02,2022-11-30
GOOGL,2022-12-01,D:\full-stack2\data\charts\GOOGL\2022-12-01.png,2022-11-03,2022-12-01
GOOGL,2022-12-02,D:\full-stack2\data\charts\GOOGL\2022-12-02.png,2022-11-04,2022-12-02
GOOGL,2022-12-05,D:\full-stack2\data\charts\GOOGL\2022-12-05.png,2022-11-07,2022-12-05
GOOGL,2022-12-06,D:\full-stack2\data\charts\GOOGL\2022-12-06.png,2022-11-08,2022-12-06
GOOGL,2022-12-07,D:\full-stack2\data\charts\GOOGL\2022-12-07.png,2022-11-09,2022-12-07
GOOGL,2022-12-08,D:\full-stack2\data\charts\GOOGL\2022-12-08.png,2022-11-10,2022-12-08
GOOGL,2022-12-09,D:\full-stack2\data\charts\GOOGL\2022-12-09.png,2022-11-11,2022-12-09
GOOGL,2022-12-12,D:\full-stack2\data\charts\GOOGL\2022-12-12.png,2022-11-14,2022-12-12
GOOGL,2022-12-13,D:\full-stack2\data\charts\GOOGL\2022-12-13.png,2022-11-15,2022-12-13
GOOGL,2022-12-14,D:\full-stack2\data\charts\GOOGL\2022-12-14.png,2022-11-16,2022-12-14
GOOGL,2022-12-15,D:\full-stack2\data\charts\GOOGL\2022-12-15.png,2022-11-17,2022-12-15
GOOGL,2022-12-16,D:\full-stack2\data\charts\GOOGL\2022-12-16.png,2022-11-18,2022-12-16
GOOGL,2022-12-19,D:\full-stack2\data\charts\GOOGL\2022-12-19.png,2022-11-21,2022-12-19
GOOGL,2022-12-20,D:\full-stack2\data\charts\GOOGL\2022-12-20.png,2022-11-22,2022-12-20
GOOGL,2022-12-21,D:\full-stack2\data\charts\GOOGL\2022-12-21.png,2022-11-23,2022-12-21
GOOGL,2022-12-22,D:\full-stack2\data\charts\GOOGL\2022-12-22.png,2022-11-25,2022-12-22
GOOGL,2022-12-23,D:\full-stack2\data\charts\GOOGL\2022-12-23.png,2022-11-28,2022-12-23
GOOGL,2022-12-27,D:\full-stack2\data\charts\GOOGL\2022-12-27.png,2022-11-29,2022-12-27
GOOGL,2022-12-28,D:\full-stack2\data\charts\GOOGL\2022-12-28.png,2022-11-30,2022-12-28
GOOGL,2022-12-29,D:\full-stack2\data\charts\GOOGL\2022-12-29.png,2022-12-01,2022-12-29
GOOGL,2022-12-30,D:\full-stack2\data\charts\GOOGL\2022-12-30.png,2022-12-02,2022-12-30
GOOGL,2023-01-03,D:\full-stack2\data\charts\GOOGL\2023-01-03.png,2022-12-05,2023-01-03
GOOGL,2023-01-04,D:\full-stack2\data\charts\GOOGL\2023-01-04.png,2022-12-06,2023-01-04
GOOGL,2023-01-05,D:\full-stack2\data\charts\GOOGL\2023-01-05.png,2022-12-07,2023-01-05
GOOGL,2023-01-06,D:\full-stack2\data\charts\GOOGL\2023-01-06.png,2022-12-08,2023-01-06
GOOGL,2023-01-09,D:\full-stack2\data\charts\GOOGL\2023-01-09.png,2022-12-09,2023-01-09
GOOGL,2023-01-10,D:\full-stack2\data\charts\GOOGL\2023-01-10.png,2022-12-12,2023-01-10
GOOGL,2023-01-11,D:\full-stack2\data\charts\GOOGL\2023-01-11.png,2022-12-13,2023-01-11
GOOGL,2023-01-12,D:\full-stack2\data\charts\GOOGL\2023-01-12.png,2022-12-14,2023-01-12
GOOGL,2023-01-13,D:\full-stack2\data\charts\GOOGL\2023-01-13.png,2022-12-15,2023-01-13
GOOGL,2023-01-17,D:\full-stack2\data\charts\GOOGL\2023-01-17.png,2022-12-16,2023-01-17
GOOGL,2023-01-18,D:\full-stack2\data\charts\GOOGL\2023-01-18.png,2022-12-19,2023-01-18
GOOGL,2023-01-19,D:\full-stack2\data\charts\GOOGL\2023-01-19.png,2022-12-20,2023-01-19
GOOGL,2023-01-20,D:\full-stack2\data\charts\GOOGL\2023-01-20.png,2022-12-21,2023-01-20
GOOGL,2023-01-23,D:\full-stack2\data\charts\GOOGL\2023-01-23.png,2022-12-22,2023-01-23
GOOGL,2023-01-24,D:\full-stack2\data\charts\GOOGL\2023-01-24.png,2022-12-23,2023-01-24
GOOGL,2023-01-25,D:\full-stack2\data\charts\GOOGL\2023-01-25.png,2022-12-27,2023-01-25
GOOGL,2023-01-26,D:\full-stack2\data\charts\GOOGL\2023-01-26.png,2022-12-28,2023-01-26
GOOGL,2023-01-27,D:\full-stack2\data\charts\GOOGL\2023-01-27.png,2022-12-29,2023-01-27
GOOGL,2023-01-30,D:\full-stack2\data\charts\GOOGL\2023-01-30.png,2022-12-30,2023-01-30
GOOGL,2023-01-31,D:\full-stack2\data\charts\GOOGL\2023-01-31.png,2023-01-03,2023-01-31
GOOGL,2023-02-01,D:\full-stack2\data\charts\GOOGL\2023-02-01.png,2023-01-04,2023-02-01
GOOGL,2023-02-02,D:\full-stack2\data\charts\GOOGL\2023-02-02.png,2023-01-05,2023-02-02
GOOGL,2023-02-03,D:\full-stack2\data\charts\GOOGL\2023-02-03.png,2023-01-06,2023-02-03
GOOGL,2023-02-06,D:\full-stack2\data\charts\GOOGL\2023-02-06.png,2023-01-09,2023-02-06
GOOGL,2023-02-07,D:\full-stack2\data\charts\GOOGL\2023-02-07.png,2023-01-10,2023-02-07
GOOGL,2023-02-08,D:\full-stack2\data\charts\GOOGL\2023-02-08.png,2023-01-11,2023-02-08
GOOGL,2023-02-09,D:\full-stack2\data\charts\GOOGL\2023-02-09.png,2023-01-12,2023-02-09
GOOGL,2023-02-10,D:\full-stack2\data\charts\GOOGL\2023-02-10.png,2023-01-13,2023-02-10
GOOGL,2023-02-13,D:\full-stack2\data\charts\GOOGL\2023-02-13.png,2023-01-17,2023-02-13
GOOGL,2023-02-14,D:\full-stack2\data\charts\GOOGL\2023-02-14.png,2023-01-18,2023-02-14
GOOGL,2023-02-15,D:\full-stack2\data\charts\GOOGL\2023-02-15.png,2023-01-19,2023-02-15
GOOGL,2023-02-16,D:\full-stack2\data\charts\GOOGL\2023-02-16.png,2023-01-20,2023-02-16
GOOGL,2023-02-17,D:\full-stack2\data\charts\GOOGL\2023-02-17.png,2023-01-23,2023-02-17
GOOGL,2023-02-21,D:\full-stack2\data\charts\GOOGL\2023-02-21.png,2023-01-24,2023-02-21
GOOGL,2023-02-22,D:\full-stack2\data\charts\GOOGL\2023-02-22.png,2023-01-25,2023-02-22
GOOGL,2023-02-23,D:\full-stack2\data\charts\GOOGL\2023-02-23.png,2023-01-26,2023-02-23
GOOGL,2023-02-24,D:\full-stack2\data\charts\GOOGL\2023-02-24.png,2023-01-27,2023-02-24
GOOGL,2023-02-27,D:\full-stack2\data\charts\GOOGL\2023-02-27.png,2023-01-30,2023-02-27
GOOGL,2023-02-28,D:\full-stack2\data\charts\GOOGL\2023-02-28.png,2023-01-31,2023-02-28
GOOGL,2023-03-01,D:\full-stack2\data\charts\GOOGL\2023-03-01.png,2023-02-01,2023-03-01
GOOGL,2023-03-02,D:\full-stack2\data\charts\GOOGL\2023-03-02.png,2023-02-02,2023-03-02
GOOGL,2023-03-03,D:\full-stack2\data\charts\GOOGL\2023-03-03.png,2023-02-03,2023-03-03
GOOGL,2023-03-06,D:\full-stack2\data\charts\GOOGL\2023-03-06.png,2023-02-06,2023-03-06
GOOGL,2023-03-07,D:\full-stack2\data\charts\GOOGL\2023-03-07.png,2023-02-07,2023-03-07
GOOGL,2023-03-08,D:\full-stack2\data\charts\GOOGL\2023-03-08.png,2023-02-08,2023-03-08
GOOGL,2023-03-09,D:\full-stack2\data\charts\GOOGL\2023-03-09.png,2023-02-09,2023-03-09
GOOGL,2023-03-10,D:\full-stack2\data\charts\GOOGL\2023-03-10.png,2023-02-10,2023-03-10
GOOGL,2023-03-13,D:\full-stack2\data\charts\GOOGL\2023-03-13.png,2023-02-13,2023-03-13
GOOGL,2023-03-14,D:\full-stack2\data\charts\GOOGL\2023-03-14.png,2023-02-14,2023-03-14
GOOGL,2023-03-15,D:\full-stack2\data\charts\GOOGL\2023-03-15.png,2023-02-15,2023-03-15
GOOGL,2023-03-16,D:\full-stack2\data\charts\GOOGL\2023-03-16.png,2023-02-16,2023-03-16
GOOGL,2023-03-17,D:\full-stack2\data\charts\GOOGL\2023-03-17.png,2023-02-17,2023-03-17
GOOGL,2023-03-20,D:\full-stack2\data\charts\GOOGL\2023-03-20.png,2023-02-21,2023-03-20
GOOGL,2023-03-21,D:\full-stack2\data\charts\GOOGL\2023-03-21.png,2023-02-22,2023-03-21
GOOGL,2023-03-22,D:\full-stack2\data\charts\GOOGL\2023-03-22.png,2023-02-23,2023-03-22
GOOGL,2023-03-23,D:\full-stack2\data\charts\GOOGL\2023-03-23.png,2023-02-24,2023-03-23
GOOGL,2023-03-24,D:\full-stack2\data\charts\GOOGL\2023-03-24.png,2023-02-27,2023-03-24
GOOGL,2023-03-27,D:\full-stack2\data\charts\GOOGL\2023-03-27.png,2023-02-28,2023-03-27
GOOGL,2023-03-28,D:\full-stack2\data\charts\GOOGL\2023-03-28.png,2023-03-01,2023-03-28
GOOGL,2023-03-29,D:\full-stack2\data\charts\GOOGL\2023-03-29.png,2023-03-02,2023-03-29
GOOGL,2023-03-30,D:\full-stack2\data\charts\GOOGL\2023-03-30.png,2023-03-03,2023-03-30
GOOGL,2023-03-31,D:\full-stack2\data\charts\GOOGL\2023-03-31.png,2023-03-06,2023-03-31
GOOGL,2023-04-03,D:\full-stack2\data\charts\GOOGL\2023-04-03.png,2023-03-07,2023-04-03
GOOGL,2023-04-04,D:\full-stack2\data\charts\GOOGL\2023-04-04.png,2023-03-08,2023-04-04
GOOGL,2023-04-05,D:\full-stack2\data\charts\GOOGL\2023-04-05.png,2023-03-09,2023-04-05
GOOGL,2023-04-06,D:\full-stack2\data\charts\GOOGL\2023-04-06.png,2023-03-10,2023-04-06
GOOGL,2023-04-10,D:\full-stack2\data\charts\GOOGL\2023-04-10.png,2023-03-13,2023-04-10
GOOGL,2023-04-11,D:\full-stack2\data\charts\GOOGL\2023-04-11.png,2023-03-14,2023-04-11
GOOGL,2023-04-12,D:\full-stack2\data\charts\GOOGL\2023-04-12.png,2023-03-15,2023-04-12
GOOGL,2023-04-13,D:\full-stack2\data\charts\GOOGL\2023-04-13.png,2023-03-16,2023-04-13
GOOGL,2023-04-14,D:\full-stack2\data\charts\GOOGL\2023-04-14.png,2023-03-17,2023-04-14
GOOGL,2023-04-17,D:\full-stack2\data\charts\GOOGL\2023-04-17.png,2023-03-20,2023-04-17
GOOGL,2023-04-18,D:\full-stack2\data\charts\GOOGL\2023-04-18.png,2023-03-21,2023-04-18
GOOGL,2023-04-19,D:\full-stack2\data\charts\GOOGL\2023-04-19.png,2023-03-22,2023-04-19
GOOGL,2023-04-20,D:\full-stack2\data\charts\GOOGL\2023-04-20.png,2023-03-23,2023-04-20
GOOGL,2023-04-21,D:\full-stack2\data\charts\GOOGL\2023-04-21.png,2023-03-24,2023-04-21
GOOGL,2023-04-24,D:\full-stack2\data\charts\GOOGL\2023-04-24.png,2023-03-27,2023-04-24
GOOGL,2023-04-25,D:\full-stack2\data\charts\GOOGL\2023-04-25.png,2023-03-28,2023-04-25
GOOGL,2023-04-26,D:\full-stack2\data\charts\GOOGL\2023-04-26.png,2023-03-29,2023-04-26
GOOGL,2023-04-27,D:\full-stack2\data\charts\GOOGL\2023-04-27.png,2023-03-30,2023-04-27
GOOGL,2023-04-28,D:\full-stack2\data\charts\GOOGL\2023-04-28.png,2023-03-31,2023-04-28
GOOGL,2023-05-01,D:\full-stack2\data\charts\GOOGL\2023-05-01.png,2023-04-03,2023-05-01
GOOGL,2023-05-02,D:\full-stack2\data\charts\GOOGL\2023-05-02.png,2023-04-04,2023-05-02
GOOGL,2023-05-03,D:\full-stack2\data\charts\GOOGL\2023-05-03.png,2023-04-05,2023-05-03
GOOGL,2023-05-04,D:\full-stack2\data\charts\GOOGL\2023-05-04.png,2023-04-06,2023-05-04
GOOGL,2023-05-05,D:\full-stack2\data\charts\GOOGL\2023-05-05.png,2023-04-10,2023-05-05
GOOGL,2023-05-08,D:\full-stack2\data\charts\GOOGL\2023-05-08.png,2023-04-11,2023-05-08
GOOGL,2023-05-09,D:\full-stack2\data\charts\GOOGL\2023-05-09.png,2023-04-12,2023-05-09
GOOGL,2023-05-10,D:\full-stack2\data\charts\GOOGL\2023-05-10.png,2023-04-13,2023-05-10
GOOGL,2023-05-11,D:\full-stack2\data\charts\GOOGL\2023-05-11.png,2023-04-14,2023-05-11
GOOGL,2023-05-12,D:\full-stack2\data\charts\GOOGL\2023-05-12.png,2023-04-17,2023-05-12
GOOGL,2023-05-15,D:\full-stack2\data\charts\GOOGL\2023-05-15.png,2023-04-18,2023-05-15
GOOGL,2023-05-16,D:\full-stack2\data\charts\GOOGL\2023-05-16.png,2023-04-19,2023-05-16
GOOGL,2023-05-17,D:\full-stack2\data\charts\GOOGL\2023-05-17.png,2023-04-20,2023-05-17
GOOGL,2023-05-18,D:\full-stack2\data\charts\GOOGL\2023-05-18.png,2023-04-21,2023-05-18
GOOGL,2023-05-19,D:\full-stack2\data\charts\GOOGL\2023-05-19.png,2023-04-24,2023-05-19
GOOGL,2023-05-22,D:\full-stack2\data\charts\GOOGL\2023-05-22.png,2023-04-25,2023-05-22
GOOGL,2023-05-23,D:\full-stack2\data\charts\GOOGL\2023-05-23.png,2023-04-26,2023-05-23
GOOGL,2023-05-24,D:\full-stack2\data\charts\GOOGL\2023-05-24.png,2023-04-27,2023-05-24
GOOGL,2023-05-25,D:\full-stack2\data\charts\GOOGL\2023-05-25.png,2023-04-28,2023-05-25
GOOGL,2023-05-26,D:\full-stack2\data\charts\GOOGL\2023-05-26.png,2023-05-01,2023-05-26
GOOGL,2023-05-30,D:\full-stack2\data\charts\GOOGL\2023-05-30.png,2023-05-02,2023-05-30
GOOGL,2023-05-31,D:\full-stack2\data\charts\GOOGL\2023-05-31.png,2023-05-03,2023-05-31
GOOGL,2023-06-01,D:\full-stack2\data\charts\GOOGL\2023-06-01.png,2023-05-04,2023-06-01
GOOGL,2023-06-02,D:\full-stack2\data\charts\GOOGL\2023-06-02.png,2023-05-05,2023-06-02
GOOGL,2023-06-05,D:\full-stack2\data\charts\GOOGL\2023-06-05.png,2023-05-08,2023-06-05
GOOGL,2023-06-06,D:\full-stack2\data\charts\GOOGL\2023-06-06.png,2023-05-09,2023-06-06
GOOGL,2023-06-07,D:\full-stack2\data\charts\GOOGL\2023-06-07.png,2023-05-10,2023-06-07
GOOGL,2023-06-08,D:\full-stack2\data\charts\GOOGL\2023-06-08.png,2023-05-11,2023-06-08
GOOGL,2023-06-09,D:\full-stack2\data\charts\GOOGL\2023-06-09.png,2023-05-12,2023-06-09
GOOGL,2023-06-12,D:\full-stack2\data\charts\GOOGL\2023-06-12.png,2023-05-15,2023-06-12
GOOGL,2023-06-13,D:\full-stack2\data\charts\GOOGL\2023-06-13.png,2023-05-16,2023-06-13
GOOGL,2023-06-14,D:\full-stack2\data\charts\GOOGL\2023-06-14.png,2023-05-17,2023-06-14
GOOGL,2023-06-15,D:\full-stack2\data\charts\GOOGL\2023-06-15.png,2023-05-18,2023-06-15
GOOGL,2023-06-16,D:\full-stack2\data\charts\GOOGL\2023-06-16.png,2023-05-19,2023-06-16
GOOGL,2023-06-20,D:\full-stack2\data\charts\GOOGL\2023-06-20.png,2023-05-22,2023-06-20
GOOGL,2023-06-21,D:\full-stack2\data\charts\GOOGL\2023-06-21.png,2023-05-23,2023-06-21
GOOGL,2023-06-22,D:\full-stack2\data\charts\GOOGL\2023-06-22.png,2023-05-24,2023-06-22
GOOGL,2023-06-23,D:\full-stack2\data\charts\GOOGL\2023-06-23.png,2023-05-25,2023-06-23
GOOGL,2023-06-26,D:\full-stack2\data\charts\GOOGL\2023-06-26.png,2023-05-26,2023-06-26
GOOGL,2023-06-27,D:\full-stack2\data\charts\GOOGL\2023-06-27.png,2023-05-30,2023-06-27
GOOGL,2023-06-28,D:\full-stack2\data\charts\GOOGL\2023-06-28.png,2023-05-31,2023-06-28
GOOGL,2023-06-29,D:\full-stack2\data\charts\GOOGL\2023-06-29.png,2023-06-01,2023-06-29
GOOGL,2023-06-30,D:\full-stack2\data\charts\GOOGL\2023-06-30.png,2023-06-02,2023-06-30
GOOGL,2023-07-03,D:\full-stack2\data\charts\GOOGL\2023-07-03.png,2023-06-05,2023-07-03
GOOGL,2023-07-05,D:\full-stack2\data\charts\GOOGL\2023-07-05.png,2023-06-06,2023-07-05
GOOGL,2023-07-06,D:\full-stack2\data\charts\GOOGL\2023-07-06.png,2023-06-07,2023-07-06
GOOGL,2023-07-07,D:\full-stack2\data\charts\GOOGL\2023-07-07.png,2023-06-08,2023-07-07
GOOGL,2023-07-10,D:\full-stack2\data\charts\GOOGL\2023-07-10.png,2023-06-09,2023-07-10
GOOGL,2023-07-11,D:\full-stack2\data\charts\GOOGL\2023-07-11.png,2023-06-12,2023-07-11
GOOGL,2023-07-12,D:\full-stack2\data\charts\GOOGL\2023-07-12.png,2023-06-13,2023-07-12
GOOGL,2023-07-13,D:\full-stack2\data\charts\GOOGL\2023-07-13.png,2023-06-14,2023-07-13
GOOGL,2023-07-14,D:\full-stack2\data\charts\GOOGL\2023-07-14.png,2023-06-15,2023-07-14
GOOGL,2023-07-17,D:\full-stack2\data\charts\GOOGL\2023-07-17.png,2023-06-16,2023-07-17
GOOGL,2023-07-18,D:\full-stack2\data\charts\GOOGL\2023-07-18.png,2023-06-20,2023-07-18
GOOGL,2023-07-19,D:\full-stack2\data\charts\GOOGL\2023-07-19.png,2023-06-21,2023-07-19
GOOGL,2023-07-20,D:\full-stack2\data\charts\GOOGL\2023-07-20.png,2023-06-22,2023-07-20
GOOGL,2023-07-21,D:\full-stack2\data\charts\GOOGL\2023-07-21.png,2023-06-23,2023-07-21
GOOGL,2023-07-24,D:\full-stack2\data\charts\GOOGL\2023-07-24.png,2023-06-26,2023-07-24
GOOGL,2023-07-25,D:\full-stack2\data\charts\GOOGL\2023-07-25.png,2023-06-27,2023-07-25
GOOGL,2023-07-26,D:\full-stack2\data\charts\GOOGL\2023-07-26.png,2023-06-28,2023-07-26
GOOGL,2023-07-27,D:\full-stack2\data\charts\GOOGL\2023-07-27.png,2023-06-29,2023-07-27
GOOGL,2023-07-28,D:\full-stack2\data\charts\GOOGL\2023-07-28.png,2023-06-30,2023-07-28
GOOGL,2023-07-31,D:\full-stack2\data\charts\GOOGL\2023-07-31.png,2023-07-03,2023-07-31
GOOGL,2023-08-01,D:\full-stack2\data\charts\GOOGL\2023-08-01.png,2023-07-05,2023-08-01
GOOGL,2023-08-02,D:\full-stack2\data\charts\GOOGL\2023-08-02.png,2023-07-06,2023-08-02
GOOGL,2023-08-03,D:\full-stack2\data\charts\GOOGL\2023-08-03.png,2023-07-07,2023-08-03
GOOGL,2023-08-04,D:\full-stack2\data\charts\GOOGL\2023-08-04.png,2023-07-10,2023-08-04
GOOGL,2023-08-07,D:\full-stack2\data\charts\GOOGL\2023-08-07.png,2023-07-11,2023-08-07
GOOGL,2023-08-08,D:\full-stack2\data\charts\GOOGL\2023-08-08.png,2023-07-12,2023-08-08
GOOGL,2023-08-09,D:\full-stack2\data\charts\GOOGL\2023-08-09.png,2023-07-13,2023-08-09
GOOGL,2023-08-10,D:\full-stack2\data\charts\GOOGL\2023-08-10.png,2023-07-14,2023-08-10
GOOGL,2023-08-11,D:\full-stack2\data\charts\GOOGL\2023-08-11.png,2023-07-17,2023-08-11
GOOGL,2023-08-14,D:\full-stack2\data\charts\GOOGL\2023-08-14.png,2023-07-18,2023-08-14
GOOGL,2023-08-15,D:\full-stack2\data\charts\GOOGL\2023-08-15.png,2023-07-19,2023-08-15
GOOGL,2023-08-16,D:\full-stack2\data\charts\GOOGL\2023-08-16.png,2023-07-20,2023-08-16
GOOGL,2023-08-17,D:\full-stack2\data\charts\GOOGL\2023-08-17.png,2023-07-21,2023-08-17
GOOGL,2023-08-18,D:\full-stack2\data\charts\GOOGL\2023-08-18.png,2023-07-24,2023-08-18
GOOGL,2023-08-21,D:\full-stack2\data\charts\GOOGL\2023-08-21.png,2023-07-25,2023-08-21
GOOGL,2023-08-22,D:\full-stack2\data\charts\GOOGL\2023-08-22.png,2023-07-26,2023-08-22
GOOGL,2023-08-23,D:\full-stack2\data\charts\GOOGL\2023-08-23.png,2023-07-27,2023-08-23
GOOGL,2023-08-24,D:\full-stack2\data\charts\GOOGL\2023-08-24.png,2023-07-28,2023-08-24
GOOGL,2023-08-25,D:\full-stack2\data\charts\GOOGL\2023-08-25.png,2023-07-31,2023-08-25
GOOGL,2023-08-28,D:\full-stack2\data\charts\GOOGL\2023-08-28.png,2023-08-01,2023-08-28
GOOGL,2023-08-29,D:\full-stack2\data\charts\GOOGL\2023-08-29.png,2023-08-02,2023-08-29
GOOGL,2023-08-30,D:\full-stack2\data\charts\GOOGL\2023-08-30.png,2023-08-03,2023-08-30
GOOGL,2023-08-31,D:\full-stack2\data\charts\GOOGL\2023-08-31.png,2023-08-04,2023-08-31
GOOGL,2023-09-01,D:\full-stack2\data\charts\GOOGL\2023-09-01.png,2023-08-07,2023-09-01
GOOGL,2023-09-05,D:\full-stack2\data\charts\GOOGL\2023-09-05.png,2023-08-08,2023-09-05
GOOGL,2023-09-06,D:\full-stack2\data\charts\GOOGL\2023-09-06.png,2023-08-09,2023-09-06
GOOGL,2023-09-07,D:\full-stack2\data\charts\GOOGL\2023-09-07.png,2023-08-10,2023-09-07
GOOGL,2023-09-08,D:\full-stack2\data\charts\GOOGL\2023-09-08.png,2023-08-11,2023-09-08
GOOGL,2023-09-11,D:\full-stack2\data\charts\GOOGL\2023-09-11.png,2023-08-14,2023-09-11
GOOGL,2023-09-12,D:\full-stack2\data\charts\GOOGL\2023-09-12.png,2023-08-15,2023-09-12
GOOGL,2023-09-13,D:\full-stack2\data\charts\GOOGL\2023-09-13.png,2023-08-16,2023-09-13
GOOGL,2023-09-14,D:\full-stack2\data\charts\GOOGL\2023-09-14.png,2023-08-17,2023-09-14
GOOGL,2023-09-15,D:\full-stack2\data\charts\GOOGL\2023-09-15.png,2023-08-18,2023-09-15
GOOGL,2023-09-18,D:\full-stack2\data\charts\GOOGL\2023-09-18.png,2023-08-21,2023-09-18
GOOGL,2023-09-19,D:\full-stack2\data\charts\GOOGL\2023-09-19.png,2023-08-22,2023-09-19
GOOGL,2023-09-20,D:\full-stack2\data\charts\GOOGL\2023-09-20.png,2023-08-23,2023-09-20
GOOGL,2023-09-21,D:\full-stack2\data\charts\GOOGL\2023-09-21.png,2023-08-24,2023-09-21
GOOGL,2023-09-22,D:\full-stack2\data\charts\GOOGL\2023-09-22.png,2023-08-25,2023-09-22
GOOGL,2023-09-25,D:\full-stack2\data\charts\GOOGL\2023-09-25.png,2023-08-28,2023-09-25
GOOGL,2023-09-26,D:\full-stack2\data\charts\GOOGL\2023-09-26.png,2023-08-29,2023-09-26
GOOGL,2023-09-27,D:\full-stack2\data\charts\GOOGL\2023-09-27.png,2023-08-30,2023-09-27
GOOGL,2023-09-28,D:\full-stack2\data\charts\GOOGL\2023-09-28.png,2023-08-31,2023-09-28
GOOGL,2023-09-29,D:\full-stack2\data\charts\GOOGL\2023-09-29.png,2023-09-01,2023-09-29
GOOGL,2023-10-02,D:\full-stack2\data\charts\GOOGL\2023-10-02.png,2023-09-05,2023-10-02
GOOGL,2023-10-03,D:\full-stack2\data\charts\GOOGL\2023-10-03.png,2023-09-06,2023-10-03
GOOGL,2023-10-04,D:\full-stack2\data\charts\GOOGL\2023-10-04.png,2023-09-07,2023-10-04
GOOGL,2023-10-05,D:\full-stack2\data\charts\GOOGL\2023-10-05.png,2023-09-08,2023-10-05
GOOGL,2023-10-06,D:\full-stack2\data\charts\GOOGL\2023-10-06.png,2023-09-11,2023-10-06
GOOGL,2023-10-09,D:\full-stack2\data\charts\GOOGL\2023-10-09.png,2023-09-12,2023-10-09
GOOGL,2023-10-10,D:\full-stack2\data\charts\GOOGL\2023-10-10.png,2023-09-13,2023-10-10
GOOGL,2023-10-11,D:\full-stack2\data\charts\GOOGL\2023-10-11.png,2023-09-14,2023-10-11
GOOGL,2023-10-12,D:\full-stack2\data\charts\GOOGL\2023-10-12.png,2023-09-15,2023-10-12
GOOGL,2023-10-13,D:\full-stack2\data\charts\GOOGL\2023-10-13.png,2023-09-18,2023-10-13
GOOGL,2023-10-16,D:\full-stack2\data\charts\GOOGL\2023-10-16.png,2023-09-19,2023-10-16
GOOGL,2023-10-17,D:\full-stack2\data\charts\GOOGL\2023-10-17.png,2023-09-20,2023-10-17
GOOGL,2023-10-18,D:\full-stack2\data\charts\GOOGL\2023-10-18.png,2023-09-21,2023-10-18
GOOGL,2023-10-19,D:\full-stack2\data\charts\GOOGL\2023-10-19.png,2023-09-22,2023-10-19
GOOGL,2023-10-20,D:\full-stack2\data\charts\GOOGL\2023-10-20.png,2023-09-25,2023-10-20
GOOGL,2023-10-23,D:\full-stack2\data\charts\GOOGL\2023-10-23.png,2023-09-26,2023-10-23
GOOGL,2023-10-24,D:\full-stack2\data\charts\GOOGL\2023-10-24.png,2023-09-27,2023-10-24
GOOGL,2023-10-25,D:\full-stack2\data\charts\GOOGL\2023-10-25.png,2023-09-28,2023-10-25
GOOGL,2023-10-26,D:\full-stack2\data\charts\GOOGL\2023-10-26.png,2023-09-29,2023-10-26
GOOGL,2023-10-27,D:\full-stack2\data\charts\GOOGL\2023-10-27.png,2023-10-02,2023-10-27
GOOGL,2023-10-30,D:\full-stack2\data\charts\GOOGL\2023-10-30.png,2023-10-03,2023-10-30
GOOGL,2023-10-31,D:\full-stack2\data\charts\GOOGL\2023-10-31.png,2023-10-04,2023-10-31
GOOGL,2023-11-01,D:\full-stack2\data\charts\GOOGL\2023-11-01.png,2023-10-05,2023-11-01
GOOGL,2023-11-02,D:\full-stack2\data\charts\GOOGL\2023-11-02.png,2023-10-06,2023-11-02
GOOGL,2023-11-03,D:\full-stack2\data\charts\GOOGL\2023-11-03.png,2023-10-09,2023-11-03
GOOGL,2023-11-06,D:\full-stack2\data\charts\GOOGL\2023-11-06.png,2023-10-10,2023-11-06
GOOGL,2023-11-07,D:\full-stack2\data\charts\GOOGL\2023-11-07.png,2023-10-11,2023-11-07
GOOGL,2023-11-08,D:\full-stack2\data\charts\GOOGL\2023-11-08.png,2023-10-12,2023-11-08
GOOGL,2023-11-09,D:\full-stack2\data\charts\GOOGL\2023-11-09.png,2023-10-13,2023-11-09
GOOGL,2023-11-10,D:\full-stack2\data\charts\GOOGL\2023-11-10.png,2023-10-16,2023-11-10
GOOGL,2023-11-13,D:\full-stack2\data\charts\GOOGL\2023-11-13.png,2023-10-17,2023-11-13
GOOGL,2023-11-14,D:\full-stack2\data\charts\GOOGL\2023-11-14.png,2023-10-18,2023-11-14
GOOGL,2023-11-15,D:\full-stack2\data\charts\GOOGL\2023-11-15.png,2023-10-19,2023-11-15
GOOGL,2023-11-16,D:\full-stack2\data\charts\GOOGL\2023-11-16.png,2023-10-20,2023-11-16
GOOGL,2023-11-17,D:\full-stack2\data\charts\GOOGL\2023-11-17.png,2023-10-23,2023-11-17
GOOGL,2023-11-20,D:\full-stack2\data\charts\GOOGL\2023-11-20.png,2023-10-24,2023-11-20
GOOGL,2023-11-21,D:\full-stack2\data\charts\GOOGL\2023-11-21.png,2023-10-25,2023-11-21
GOOGL,2023-11-22,D:\full-stack2\data\charts\GOOGL\2023-11-22.png,2023-10-26,2023-11-22
GOOGL,2023-11-24,D:\full-stack2\data\charts\GOOGL\2023-11-24.png,2023-10-27,2023-11-24
GOOGL,2023-11-27,D:\full-stack2\data\charts\GOOGL\2023-11-27.png,2023-10-30,2023-11-27
GOOGL,2023-11-28,D:\full-stack2\data\charts\GOOGL\2023-11-28.png,2023-10-31,2023-11-28
GOOGL,2023-11-29,D:\full-stack2\data\charts\GOOGL\2023-11-29.png,2023-11-01,2023-11-29
GOOGL,2023-11-30,D:\full-stack2\data\charts\GOOGL\2023-11-30.png,2023-11-02,2023-11-30
GOOGL,2023-12-01,D:\full-stack2\data\charts\GOOGL\2023-12-01.png,2023-11-03,2023-12-01
GOOGL,2023-12-04,D:\full-stack2\data\charts\GOOGL\2023-12-04.png,2023-11-06,2023-12-04
GOOGL,2023-12-05,D:\full-stack2\data\charts\GOOGL\2023-12-05.png,2023-11-07,2023-12-05
GOOGL,2023-12-06,D:\full-stack2\data\charts\GOOGL\2023-12-06.png,2023-11-08,2023-12-06
GOOGL,2023-12-07,D:\full-stack2\data\charts\GOOGL\2023-12-07.png,2023-11-09,2023-12-07
GOOGL,2023-12-08,D:\full-stack2\data\charts\GOOGL\2023-12-08.png,2023-11-10,2023-12-08
GOOGL,2023-12-11,D:\full-stack2\data\charts\GOOGL\2023-12-11.png,2023-11-13,2023-12-11
GOOGL,2023-12-12,D:\full-stack2\data\charts\GOOGL\2023-12-12.png,2023-11-14,2023-12-12
GOOGL,2023-12-13,D:\full-stack2\data\charts\GOOGL\2023-12-13.png,2023-11-15,2023-12-13
GOOGL,2023-12-14,D:\full-stack2\data\charts\GOOGL\2023-12-14.png,2023-11-16,2023-12-14
GOOGL,2023-12-15,D:\full-stack2\data\charts\GOOGL\2023-12-15.png,2023-11-17,2023-12-15
GOOGL,2023-12-18,D:\full-stack2\data\charts\GOOGL\2023-12-18.png,2023-11-20,2023-12-18
GOOGL,2023-12-19,D:\full-stack2\data\charts\GOOGL\2023-12-19.png,2023-11-21,2023-12-19
GOOGL,2023-12-20,D:\full-stack2\data\charts\GOOGL\2023-12-20.png,2023-11-22,2023-12-20
GOOGL,2023-12-21,D:\full-stack2\data\charts\GOOGL\2023-12-21.png,2023-11-24,2023-12-21
GOOGL,2023-12-22,D:\full-stack2\data\charts\GOOGL\2023-12-22.png,2023-11-27,2023-12-22
GOOGL,2023-12-26,D:\full-stack2\data\charts\GOOGL\2023-12-26.png,2023-11-28,2023-12-26
GOOGL,2023-12-27,D:\full-stack2\data\charts\GOOGL\2023-12-27.png,2023-11-29,2023-12-27
GOOGL,2023-12-28,D:\full-stack2\data\charts\GOOGL\2023-12-28.png,2023-11-30,2023-12-28
GOOGL,2023-12-29,D:\full-stack2\data\charts\GOOGL\2023-12-29.png,2023-12-01,2023-12-29
GOOGL,2024-01-02,D:\full-stack2\data\charts\GOOGL\2024-01-02.png,2023-12-04,2024-01-02
GOOGL,2024-01-03,D:\full-stack2\data\charts\GOOGL\2024-01-03.png,2023-12-05,2024-01-03
GOOGL,2024-01-04,D:\full-stack2\data\charts\GOOGL\2024-01-04.png,2023-12-06,2024-01-04
GOOGL,2024-01-05,D:\full-stack2\data\charts\GOOGL\2024-01-05.png,2023-12-07,2024-01-05
GOOGL,2024-01-08,D:\full-stack2\data\charts\GOOGL\2024-01-08.png,2023-12-08,2024-01-08
GOOGL,2024-01-09,D:\full-stack2\data\charts\GOOGL\2024-01-09.png,2023-12-11,2024-01-09
GOOGL,2024-01-10,D:\full-stack2\data\charts\GOOGL\2024-01-10.png,2023-12-12,2024-01-10
GOOGL,2024-01-11,D:\full-stack2\data\charts\GOOGL\2024-01-11.png,2023-12-13,2024-01-11
GOOGL,2024-01-12,D:\full-stack2\data\charts\GOOGL\2024-01-12.png,2023-12-14,2024-01-12
GOOGL,2024-01-16,D:\full-stack2\data\charts\GOOGL\2024-01-16.png,2023-12-15,2024-01-16
GOOGL,2024-01-17,D:\full-stack2\data\charts\GOOGL\2024-01-17.png,2023-12-18,2024-01-17
GOOGL,2024-01-18,D:\full-stack2\data\charts\GOOGL\2024-01-18.png,2023-12-19,2024-01-18
GOOGL,2024-01-19,D:\full-stack2\data\charts\GOOGL\2024-01-19.png,2023-12-20,2024-01-19
GOOGL,2024-01-22,D:\full-stack2\data\charts\GOOGL\2024-01-22.png,2023-12-21,2024-01-22
GOOGL,2024-01-23,D:\full-stack2\data\charts\GOOGL\2024-01-23.png,2023-12-22,2024-01-23
GOOGL,2024-01-24,D:\full-stack2\data\charts\GOOGL\2024-01-24.png,2023-12-26,2024-01-24
GOOGL,2024-01-25,D:\full-stack2\data\charts\GOOGL\2024-01-25.png,2023-12-27,2024-01-25
GOOGL,2024-01-26,D:\full-stack2\data\charts\GOOGL\2024-01-26.png,2023-12-28,2024-01-26
GOOGL,2024-01-29,D:\full-stack2\data\charts\GOOGL\2024-01-29.png,2023-12-29,2024-01-29
GOOGL,2024-01-30,D:\full-stack2\data\charts\GOOGL\2024-01-30.png,2024-01-02,2024-01-30
GOOGL,2024-01-31,D:\full-stack2\data\charts\GOOGL\2024-01-31.png,2024-01-03,2024-01-31
GOOGL,2024-02-01,D:\full-stack2\data\charts\GOOGL\2024-02-01.png,2024-01-04,2024-02-01
GOOGL,2024-02-02,D:\full-stack2\data\charts\GOOGL\2024-02-02.png,2024-01-05,2024-02-02
GOOGL,2024-02-05,D:\full-stack2\data\charts\GOOGL\2024-02-05.png,2024-01-08,2024-02-05
GOOGL,2024-02-06,D:\full-stack2\data\charts\GOOGL\2024-02-06.png,2024-01-09,2024-02-06
GOOGL,2024-02-07,D:\full-stack2\data\charts\GOOGL\2024-02-07.png,2024-01-10,2024-02-07
GOOGL,2024-02-08,D:\full-stack2\data\charts\GOOGL\2024-02-08.png,2024-01-11,2024-02-08
GOOGL,2024-02-09,D:\full-stack2\data\charts\GOOGL\2024-02-09.png,2024-01-12,2024-02-09
GOOGL,2024-02-12,D:\full-stack2\data\charts\GOOGL\2024-02-12.png,2024-01-16,2024-02-12
GOOGL,2024-02-13,D:\full-stack2\data\charts\GOOGL\2024-02-13.png,2024-01-17,2024-02-13
GOOGL,2024-02-14,D:\full-stack2\data\charts\GOOGL\2024-02-14.png,2024-01-18,2024-02-14
GOOGL,2024-02-15,D:\full-stack2\data\charts\GOOGL\2024-02-15.png,2024-01-19,2024-02-15
GOOGL,2024-02-16,D:\full-stack2\data\charts\GOOGL\2024-02-16.png,2024-01-22,2024-02-16
GOOGL,2024-02-20,D:\full-stack2\data\charts\GOOGL\2024-02-20.png,2024-01-23,2024-02-20
GOOGL,2024-02-21,D:\full-stack2\data\charts\GOOGL\2024-02-21.png,2024-01-24,2024-02-21
GOOGL,2024-02-22,D:\full-stack2\data\charts\GOOGL\2024-02-22.png,2024-01-25,2024-02-22
GOOGL,2024-02-23,D:\full-stack2\data\charts\GOOGL\2024-02-23.png,2024-01-26,2024-02-23
GOOGL,2024-02-26,D:\full-stack2\data\charts\GOOGL\2024-02-26.png,2024-01-29,2024-02-26
GOOGL,2024-02-27,D:\full-stack2\data\charts\GOOGL\2024-02-27.png,2024-01-30,2024-02-27
GOOGL,2024-02-28,D:\full-stack2\data\charts\GOOGL\2024-02-28.png,2024-01-31,2024-02-28
GOOGL,2024-02-29,D:\full-stack2\data\charts\GOOGL\2024-02-29.png,2024-02-01,2024-02-29
GOOGL,2024-03-01,D:\full-stack2\data\charts\GOOGL\2024-03-01.png,2024-02-02,2024-03-01
GOOGL,2024-03-04,D:\full-stack2\data\charts\GOOGL\2024-03-04.png,2024-02-05,2024-03-04
GOOGL,2024-03-05,D:\full-stack2\data\charts\GOOGL\2024-03-05.png,2024-02-06,2024-03-05
GOOGL,2024-03-06,D:\full-stack2\data\charts\GOOGL\2024-03-06.png,2024-02-07,2024-03-06
GOOGL,2024-03-07,D:\full-stack2\data\charts\GOOGL\2024-03-07.png,2024-02-08,2024-03-07
GOOGL,2024-03-08,D:\full-stack2\data\charts\GOOGL\2024-03-08.png,2024-02-09,2024-03-08
GOOGL,2024-03-11,D:\full-stack2\data\charts\GOOGL\2024-03-11.png,2024-02-12,2024-03-11
GOOGL,2024-03-12,D:\full-stack2\data\charts\GOOGL\2024-03-12.png,2024-02-13,2024-03-12
GOOGL,2024-03-13,D:\full-stack2\data\charts\GOOGL\2024-03-13.png,2024-02-14,2024-03-13
GOOGL,2024-03-14,D:\full-stack2\data\charts\GOOGL\2024-03-14.png,2024-02-15,2024-03-14
GOOGL,2024-03-15,D:\full-stack2\data\charts\GOOGL\2024-03-15.png,2024-02-16,2024-03-15
GOOGL,2024-03-18,D:\full-stack2\data\charts\GOOGL\2024-03-18.png,2024-02-20,2024-03-18
GOOGL,2024-03-19,D:\full-stack2\data\charts\GOOGL\2024-03-19.png,2024-02-21,2024-03-19
GOOGL,2024-03-20,D:\full-stack2\data\charts\GOOGL\2024-03-20.png,2024-02-22,2024-03-20
GOOGL,2024-03-21,D:\full-stack2\data\charts\GOOGL\2024-03-21.png,2024-02-23,2024-03-21
GOOGL,2024-03-22,D:\full-stack2\data\charts\GOOGL\2024-03-22.png,2024-02-26,2024-03-22
GOOGL,2024-03-25,D:\full-stack2\data\charts\GOOGL\2024-03-25.png,2024-02-27,2024-03-25
GOOGL,2024-03-26,D:\full-stack2\data\charts\GOOGL\2024-03-26.png,2024-02-28,2024-03-26
GOOGL,2024-03-27,D:\full-stack2\data\charts\GOOGL\2024-03-27.png,2024-02-29,2024-03-27
GOOGL,2024-03-28,D:\full-stack2\data\charts\GOOGL\2024-03-28.png,2024-03-01,2024-03-28
GOOGL,2024-04-01,D:\full-stack2\data\charts\GOOGL\2024-04-01.png,2024-03-04,2024-04-01
GOOGL,2024-04-02,D:\full-stack2\data\charts\GOOGL\2024-04-02.png,2024-03-05,2024-04-02
GOOGL,2024-04-03,D:\full-stack2\data\charts\GOOGL\2024-04-03.png,2024-03-06,2024-04-03
GOOGL,2024-04-04,D:\full-stack2\data\charts\GOOGL\2024-04-04.png,2024-03-07,2024-04-04
GOOGL,2024-04-05,D:\full-stack2\data\charts\GOOGL\2024-04-05.png,2024-03-08,2024-04-05
GOOGL,2024-04-08,D:\full-stack2\data\charts\GOOGL\2024-04-08.png,2024-03-11,2024-04-08
GOOGL,2024-04-09,D:\full-stack2\data\charts\GOOGL\2024-04-09.png,2024-03-12,2024-04-09
GOOGL,2024-04-10,D:\full-stack2\data\charts\GOOGL\2024-04-10.png,2024-03-13,2024-04-10
GOOGL,2024-04-11,D:\full-stack2\data\charts\GOOGL\2024-04-11.png,2024-03-14,2024-04-11
GOOGL,2024-04-12,D:\full-stack2\data\charts\GOOGL\2024-04-12.png,2024-03-15,2024-04-12
GOOGL,2024-04-15,D:\full-stack2\data\charts\GOOGL\2024-04-15.png,2024-03-18,2024-04-15
GOOGL,2024-04-16,D:\full-stack2\data\charts\GOOGL\2024-04-16.png,2024-03-19,2024-04-16
GOOGL,2024-04-17,D:\full-stack2\data\charts\GOOGL\2024-04-17.png,2024-03-20,2024-04-17
GOOGL,2024-04-18,D:\full-stack2\data\charts\GOOGL\2024-04-18.png,2024-03-21,2024-04-18
GOOGL,2024-04-19,D:\full-stack2\data\charts\GOOGL\2024-04-19.png,2024-03-22,2024-04-19
GOOGL,2024-04-22,D:\full-stack2\data\charts\GOOGL\2024-04-22.png,2024-03-25,2024-04-22
GOOGL,2024-04-23,D:\full-stack2\data\charts\GOOGL\2024-04-23.png,2024-03-26,2024-04-23
GOOGL,2024-04-24,D:\full-stack2\data\charts\GOOGL\2024-04-24.png,2024-03-27,2024-04-24
GOOGL,2024-04-25,D:\full-stack2\data\charts\GOOGL\2024-04-25.png,2024-03-28,2024-04-25
GOOGL,2024-04-26,D:\full-stack2\data\charts\GOOGL\2024-04-26.png,2024-04-01,2024-04-26
GOOGL,2024-04-29,D:\full-stack2\data\charts\GOOGL\2024-04-29.png,2024-04-02,2024-04-29
GOOGL,2024-04-30,D:\full-stack2\data\charts\GOOGL\2024-04-30.png,2024-04-03,2024-04-30
GOOGL,2024-05-01,D:\full-stack2\data\charts\GOOGL\2024-05-01.png,2024-04-04,2024-05-01
GOOGL,2024-05-02,D:\full-stack2\data\charts\GOOGL\2024-05-02.png,2024-04-05,2024-05-02
GOOGL,2024-05-03,D:\full-stack2\data\charts\GOOGL\2024-05-03.png,2024-04-08,2024-05-03
GOOGL,2024-05-06,D:\full-stack2\data\charts\GOOGL\2024-05-06.png,2024-04-09,2024-05-06
GOOGL,2024-05-07,D:\full-stack2\data\charts\GOOGL\2024-05-07.png,2024-04-10,2024-05-07
GOOGL,2024-05-08,D:\full-stack2\data\charts\GOOGL\2024-05-08.png,2024-04-11,2024-05-08
GOOGL,2024-05-09,D:\full-stack2\data\charts\GOOGL\2024-05-09.png,2024-04-12,2024-05-09
GOOGL,2024-05-10,D:\full-stack2\data\charts\GOOGL\2024-05-10.png,2024-04-15,2024-05-10
GOOGL,2024-05-13,D:\full-stack2\data\charts\GOOGL\2024-05-13.png,2024-04-16,2024-05-13
GOOGL,2024-05-14,D:\full-stack2\data\charts\GOOGL\2024-05-14.png,2024-04-17,2024-05-14
GOOGL,2024-05-15,D:\full-stack2\data\charts\GOOGL\2024-05-15.png,2024-04-18,2024-05-15
GOOGL,2024-05-16,D:\full-stack2\data\charts\GOOGL\2024-05-16.png,2024-04-19,2024-05-16
GOOGL,2024-05-17,D:\full-stack2\data\charts\GOOGL\2024-05-17.png,2024-04-22,2024-05-17
GOOGL,2024-05-20,D:\full-stack2\data\charts\GOOGL\2024-05-20.png,2024-04-23,2024-05-20
GOOGL,2024-05-21,D:\full-stack2\data\charts\GOOGL\2024-05-21.png,2024-04-24,2024-05-21
GOOGL,2024-05-22,D:\full-stack2\data\charts\GOOGL\2024-05-22.png,2024-04-25,2024-05-22
GOOGL,2024-05-23,D:\full-stack2\data\charts\GOOGL\2024-05-23.png,2024-04-26,2024-05-23
GOOGL,2024-05-24,D:\full-stack2\data\charts\GOOGL\2024-05-24.png,2024-04-29,2024-05-24
GOOGL,2024-05-28,D:\full-stack2\data\charts\GOOGL\2024-05-28.png,2024-04-30,2024-05-28
GOOGL,2024-05-29,D:\full-stack2\data\charts\GOOGL\2024-05-29.png,2024-05-01,2024-05-29
GOOGL,2024-05-30,D:\full-stack2\data\charts\GOOGL\2024-05-30.png,2024-05-02,2024-05-30
GOOGL,2024-05-31,D:\full-stack2\data\charts\GOOGL\2024-05-31.png,2024-05-03,2024-05-31
GOOGL,2024-06-03,D:\full-stack2\data\charts\GOOGL\2024-06-03.png,2024-05-06,2024-06-03
GOOGL,2024-06-04,D:\full-stack2\data\charts\GOOGL\2024-06-04.png,2024-05-07,2024-06-04
GOOGL,2024-06-05,D:\full-stack2\data\charts\GOOGL\2024-06-05.png,2024-05-08,2024-06-05
GOOGL,2024-06-06,D:\full-stack2\data\charts\GOOGL\2024-06-06.png,2024-05-09,2024-06-06
GOOGL,2024-06-07,D:\full-stack2\data\charts\GOOGL\2024-06-07.png,2024-05-10,2024-06-07
GOOGL,2024-06-10,D:\full-stack2\data\charts\GOOGL\2024-06-10.png,2024-05-13,2024-06-10
GOOGL,2024-06-11,D:\full-stack2\data\charts\GOOGL\2024-06-11.png,2024-05-14,2024-06-11
GOOGL,2024-06-12,D:\full-stack2\data\charts\GOOGL\2024-06-12.png,2024-05-15,2024-06-12
GOOGL,2024-06-13,D:\full-stack2\data\charts\GOOGL\2024-06-13.png,2024-05-16,2024-06-13
GOOGL,2024-06-14,D:\full-stack2\data\charts\GOOGL\2024-06-14.png,2024-05-17,2024-06-14
GOOGL,2024-06-17,D:\full-stack2\data\charts\GOOGL\2024-06-17.png,2024-05-20,2024-06-17
GOOGL,2024-06-18,D:\full-stack2\data\charts\GOOGL\2024-06-18.png,2024-05-21,2024-06-18
GOOGL,2024-06-20,D:\full-stack2\data\charts\GOOGL\2024-06-20.png,2024-05-22,2024-06-20
GOOGL,2024-06-21,D:\full-stack2\data\charts\GOOGL\2024-06-21.png,2024-05-23,2024-06-21
GOOGL,2024-06-24,D:\full-stack2\data\charts\GOOGL\2024-06-24.png,2024-05-24,2024-06-24
GOOGL,2024-06-25,D:\full-stack2\data\charts\GOOGL\2024-06-25.png,2024-05-28,2024-06-25
GOOGL,2024-06-26,D:\full-stack2\data\charts\GOOGL\2024-06-26.png,2024-05-29,2024-06-26
GOOGL,2024-06-27,D:\full-stack2\data\charts\GOOGL\2024-06-27.png,2024-05-30,2024-06-27
GOOGL,2024-06-28,D:\full-stack2\data\charts\GOOGL\2024-06-28.png,2024-05-31,2024-06-28
GOOGL,2024-07-01,D:\full-stack2\data\charts\GOOGL\2024-07-01.png,2024-06-03,2024-07-01
GOOGL,2024-07-02,D:\full-stack2\data\charts\GOOGL\2024-07-02.png,2024-06-04,2024-07-02
GOOGL,2024-07-03,D:\full-stack2\data\charts\GOOGL\2024-07-03.png,2024-06-05,2024-07-03
GOOGL,2024-07-05,D:\full-stack2\data\charts\GOOGL\2024-07-05.png,2024-06-06,2024-07-05
GOOGL,2024-07-08,D:\full-stack2\data\charts\GOOGL\2024-07-08.png,2024-06-07,2024-07-08
GOOGL,2024-07-09,D:\full-stack2\data\charts\GOOGL\2024-07-09.png,2024-06-10,2024-07-09
GOOGL,2024-07-10,D:\full-stack2\data\charts\GOOGL\2024-07-10.png,2024-06-11,2024-07-10
GOOGL,2024-07-11,D:\full-stack2\data\charts\GOOGL\2024-07-11.png,2024-06-12,2024-07-11
GOOGL,2024-07-12,D:\full-stack2\data\charts\GOOGL\2024-07-12.png,2024-06-13,2024-07-12
GOOGL,2024-07-15,D:\full-stack2\data\charts\GOOGL\2024-07-15.png,2024-06-14,2024-07-15
GOOGL,2024-07-16,D:\full-stack2\data\charts\GOOGL\2024-07-16.png,2024-06-17,2024-07-16
GOOGL,2024-07-17,D:\full-stack2\data\charts\GOOGL\2024-07-17.png,2024-06-18,2024-07-17
GOOGL,2024-07-18,D:\full-stack2\data\charts\GOOGL\2024-07-18.png,2024-06-20,2024-07-18
GOOGL,2024-07-19,D:\full-stack2\data\charts\GOOGL\2024-07-19.png,2024-06-21,2024-07-19
GOOGL,2024-07-22,D:\full-stack2\data\charts\GOOGL\2024-07-22.png,2024-06-24,2024-07-22
GOOGL,2024-07-23,D:\full-stack2\data\charts\GOOGL\2024-07-23.png,2024-06-25,2024-07-23
GOOGL,2024-07-24,D:\full-stack2\data\charts\GOOGL\2024-07-24.png,2024-06-26,2024-07-24
GOOGL,2024-07-25,D:\full-stack2\data\charts\GOOGL\2024-07-25.png,2024-06-27,2024-07-25
GOOGL,2024-07-26,D:\full-stack2\data\charts\GOOGL\2024-07-26.png,2024-06-28,2024-07-26
GOOGL,2024-07-29,D:\full-stack2\data\charts\GOOGL\2024-07-29.png,2024-07-01,2024-07-29
GOOGL,2024-07-30,D:\full-stack2\data\charts\GOOGL\2024-07-30.png,2024-07-02,2024-07-30
GOOGL,2024-07-31,D:\full-stack2\data\charts\GOOGL\2024-07-31.png,2024-07-03,2024-07-31
GOOGL,2024-08-01,D:\full-stack2\data\charts\GOOGL\2024-08-01.png,2024-07-05,2024-08-01
GOOGL,2024-08-02,D:\full-stack2\data\charts\GOOGL\2024-08-02.png,2024-07-08,2024-08-02
GOOGL,2024-08-05,D:\full-stack2\data\charts\GOOGL\2024-08-05.png,2024-07-09,2024-08-05
GOOGL,2024-08-06,D:\full-stack2\data\charts\GOOGL\2024-08-06.png,2024-07-10,2024-08-06
GOOGL,2024-08-07,D:\full-stack2\data\charts\GOOGL\2024-08-07.png,2024-07-11,2024-08-07
GOOGL,2024-08-08,D:\full-stack2\data\charts\GOOGL\2024-08-08.png,2024-07-12,2024-08-08
GOOGL,2024-08-09,D:\full-stack2\data\charts\GOOGL\2024-08-09.png,2024-07-15,2024-08-09
GOOGL,2024-08-12,D:\full-stack2\data\charts\GOOGL\2024-08-12.png,2024-07-16,2024-08-12
GOOGL,2024-08-13,D:\full-stack2\data\charts\GOOGL\2024-08-13.png,2024-07-17,2024-08-13
GOOGL,2024-08-14,D:\full-stack2\data\charts\GOOGL\2024-08-14.png,2024-07-18,2024-08-14
GOOGL,2024-08-15,D:\full-stack2\data\charts\GOOGL\2024-08-15.png,2024-07-19,2024-08-15
GOOGL,2024-08-16,D:\full-stack2\data\charts\GOOGL\2024-08-16.png,2024-07-22,2024-08-16
GOOGL,2024-08-19,D:\full-stack2\data\charts\GOOGL\2024-08-19.png,2024-07-23,2024-08-19
GOOGL,2024-08-20,D:\full-stack2\data\charts\GOOGL\2024-08-20.png,2024-07-24,2024-08-20
GOOGL,2024-08-21,D:\full-stack2\data\charts\GOOGL\2024-08-21.png,2024-07-25,2024-08-21
GOOGL,2024-08-22,D:\full-stack2\data\charts\GOOGL\2024-08-22.png,2024-07-26,2024-08-22
GOOGL,2024-08-23,D:\full-stack2\data\charts\GOOGL\2024-08-23.png,2024-07-29,2024-08-23
GOOGL,2024-08-26,D:\full-stack2\data\charts\GOOGL\2024-08-26.png,2024-07-30,2024-08-26
GOOGL,2024-08-27,D:\full-stack2\data\charts\GOOGL\2024-08-27.png,2024-07-31,2024-08-27
GOOGL,2024-08-28,D:\full-stack2\data\charts\GOOGL\2024-08-28.png,2024-08-01,2024-08-28
GOOGL,2024-08-29,D:\full-stack2\data\charts\GOOGL\2024-08-29.png,2024-08-02,2024-08-29
GOOGL,2024-08-30,D:\full-stack2\data\charts\GOOGL\2024-08-30.png,2024-08-05,2024-08-30
GOOGL,2024-09-03,D:\full-stack2\data\charts\GOOGL\2024-09-03.png,2024-08-06,2024-09-03
GOOGL,2024-09-04,D:\full-stack2\data\charts\GOOGL\2024-09-04.png,2024-08-07,2024-09-04
GOOGL,2024-09-05,D:\full-stack2\data\charts\GOOGL\2024-09-05.png,2024-08-08,2024-09-05
GOOGL,2024-09-06,D:\full-stack2\data\charts\GOOGL\2024-09-06.png,2024-08-09,2024-09-06
GOOGL,2024-09-09,D:\full-stack2\data\charts\GOOGL\2024-09-09.png,2024-08-12,2024-09-09
GOOGL,2024-09-10,D:\full-stack2\data\charts\GOOGL\2024-09-10.png,2024-08-13,2024-09-10
GOOGL,2024-09-11,D:\full-stack2\data\charts\GOOGL\2024-09-11.png,2024-08-14,2024-09-11
GOOGL,2024-09-12,D:\full-stack2\data\charts\GOOGL\2024-09-12.png,2024-08-15,2024-09-12
GOOGL,2024-09-13,D:\full-stack2\data\charts\GOOGL\2024-09-13.png,2024-08-16,2024-09-13
GOOGL,2024-09-16,D:\full-stack2\data\charts\GOOGL\2024-09-16.png,2024-08-19,2024-09-16
GOOGL,2024-09-17,D:\full-stack2\data\charts\GOOGL\2024-09-17.png,2024-08-20,2024-09-17
GOOGL,2024-09-18,D:\full-stack2\data\charts\GOOGL\2024-09-18.png,2024-08-21,2024-09-18
GOOGL,2024-09-19,D:\full-stack2\data\charts\GOOGL\2024-09-19.png,2024-08-22,2024-09-19
GOOGL,2024-09-20,D:\full-stack2\data\charts\GOOGL\2024-09-20.png,2024-08-23,2024-09-20
GOOGL,2024-09-23,D:\full-stack2\data\charts\GOOGL\2024-09-23.png,2024-08-26,2024-09-23
GOOGL,2024-09-24,D:\full-stack2\data\charts\GOOGL\2024-09-24.png,2024-08-27,2024-09-24
GOOGL,2024-09-25,D:\full-stack2\data\charts\GOOGL\2024-09-25.png,2024-08-28,2024-09-25
GOOGL,2024-09-26,D:\full-stack2\data\charts\GOOGL\2024-09-26.png,2024-08-29,2024-09-26
GOOGL,2024-09-27,D:\full-stack2\data\charts\GOOGL\2024-09-27.png,2024-08-30,2024-09-27
GOOGL,2024-09-30,D:\full-stack2\data\charts\GOOGL\2024-09-30.png,2024-09-03,2024-09-30
GOOGL,2024-10-01,D:\full-stack2\data\charts\GOOGL\2024-10-01.png,2024-09-04,2024-10-01
GOOGL,2024-10-02,D:\full-stack2\data\charts\GOOGL\2024-10-02.png,2024-09-05,2024-10-02
GOOGL,2024-10-03,D:\full-stack2\data\charts\GOOGL\2024-10-03.png,2024-09-06,2024-10-03
GOOGL,2024-10-04,D:\full-stack2\data\charts\GOOGL\2024-10-04.png,2024-09-09,2024-10-04
GOOGL,2024-10-07,D:\full-stack2\data\charts\GOOGL\2024-10-07.png,2024-09-10,2024-10-07
GOOGL,2024-10-08,D:\full-stack2\data\charts\GOOGL\2024-10-08.png,2024-09-11,2024-10-08
GOOGL,2024-10-09,D:\full-stack2\data\charts\GOOGL\2024-10-09.png,2024-09-12,2024-10-09
GOOGL,2024-10-10,D:\full-stack2\data\charts\GOOGL\2024-10-10.png,2024-09-13,2024-10-10
GOOGL,2024-10-11,D:\full-stack2\data\charts\GOOGL\2024-10-11.png,2024-09-16,2024-10-11
GOOGL,2024-10-14,D:\full-stack2\data\charts\GOOGL\2024-10-14.png,2024-09-17,2024-10-14
GOOGL,2024-10-15,D:\full-stack2\data\charts\GOOGL\2024-10-15.png,2024-09-18,2024-10-15
GOOGL,2024-10-16,D:\full-stack2\data\charts\GOOGL\2024-10-16.png,2024-09-19,2024-10-16
GOOGL,2024-10-17,D:\full-stack2\data\charts\GOOGL\2024-10-17.png,2024-09-20,2024-10-17
GOOGL,2024-10-18,D:\full-stack2\data\charts\GOOGL\2024-10-18.png,2024-09-23,2024-10-18
GOOGL,2024-10-21,D:\full-stack2\data\charts\GOOGL\2024-10-21.png,2024-09-24,2024-10-21
GOOGL,2024-10-22,D:\full-stack2\data\charts\GOOGL\2024-10-22.png,2024-09-25,2024-10-22
GOOGL,2024-10-23,D:\full-stack2\data\charts\GOOGL\2024-10-23.png,2024-09-26,2024-10-23
GOOGL,2024-10-24,D:\full-stack2\data\charts\GOOGL\2024-10-24.png,2024-09-27,2024-10-24
GOOGL,2024-10-25,D:\full-stack2\data\charts\GOOGL\2024-10-25.png,2024-09-30,2024-10-25
GOOGL,2024-10-28,D:\full-stack2\data\charts\GOOGL\2024-10-28.png,2024-10-01,2024-10-28
GOOGL,2024-10-29,D:\full-stack2\data\charts\GOOGL\2024-10-29.png,2024-10-02,2024-10-29
GOOGL,2024-10-30,D:\full-stack2\data\charts\GOOGL\2024-10-30.png,2024-10-03,2024-10-30
GOOGL,2024-10-31,D:\full-stack2\data\charts\GOOGL\2024-10-31.png,2024-10-04,2024-10-31
GOOGL,2024-11-01,D:\full-stack2\data\charts\GOOGL\2024-11-01.png,2024-10-07,2024-11-01
GOOGL,2024-11-04,D:\full-stack2\data\charts\GOOGL\2024-11-04.png,2024-10-08,2024-11-04
GOOGL,2024-11-05,D:\full-stack2\data\charts\GOOGL\2024-11-05.png,2024-10-09,2024-11-05
GOOGL,2024-11-06,D:\full-stack2\data\charts\GOOGL\2024-11-06.png,2024-10-10,2024-11-06
GOOGL,2024-11-07,D:\full-stack2\data\charts\GOOGL\2024-11-07.png,2024-10-11,2024-11-07
GOOGL,2024-11-08,D:\full-stack2\data\charts\GOOGL\2024-11-08.png,2024-10-14,2024-11-08
GOOGL,2024-11-11,D:\full-stack2\data\charts\GOOGL\2024-11-11.png,2024-10-15,2024-11-11
GOOGL,2024-11-12,D:\full-stack2\data\charts\GOOGL\2024-11-12.png,2024-10-16,2024-11-12
GOOGL,2024-11-13,D:\full-stack2\data\charts\GOOGL\2024-11-13.png,2024-10-17,2024-11-13
GOOGL,2024-11-14,D:\full-stack2\data\charts\GOOGL\2024-11-14.png,2024-10-18,2024-11-14
GOOGL,2024-11-15,D:\full-stack2\data\charts\GOOGL\2024-11-15.png,2024-10-21,2024-11-15
GOOGL,2024-11-18,D:\full-stack2\data\charts\GOOGL\2024-11-18.png,2024-10-22,2024-11-18
GOOGL,2024-11-19,D:\full-stack2\data\charts\GOOGL\2024-11-19.png,2024-10-23,2024-11-19
GOOGL,2024-11-20,D:\full-stack2\data\charts\GOOGL\2024-11-20.png,2024-10-24,2024-11-20
GOOGL,2024-11-21,D:\full-stack2\data\charts\GOOGL\2024-11-21.png,2024-10-25,2024-11-21
GOOGL,2024-11-22,D:\full-stack2\data\charts\GOOGL\2024-11-22.png,2024-10-28,2024-11-22
GOOGL,2024-11-25,D:\full-stack2\data\charts\GOOGL\2024-11-25.png,2024-10-29,2024-11-25
GOOGL,2024-11-26,D:\full-stack2\data\charts\GOOGL\2024-11-26.png,2024-10-30,2024-11-26
GOOGL,2024-11-27,D:\full-stack2\data\charts\GOOGL\2024-11-27.png,2024-10-31,2024-11-27
GOOGL,2024-11-29,D:\full-stack2\data\charts\GOOGL\2024-11-29.png,2024-11-01,2024-11-29
GOOGL,2024-12-02,D:\full-stack2\data\charts\GOOGL\2024-12-02.png,2024-11-04,2024-12-02
GOOGL,2024-12-03,D:\full-stack2\data\charts\GOOGL\2024-12-03.png,2024-11-05,2024-12-03
GOOGL,2024-12-04,D:\full-stack2\data\charts\GOOGL\2024-12-04.png,2024-11-06,2024-12-04
GOOGL,2024-12-05,D:\full-stack2\data\charts\GOOGL\2024-12-05.png,2024-11-07,2024-12-05
GOOGL,2024-12-06,D:\full-stack2\data\charts\GOOGL\2024-12-06.png,2024-11-08,2024-12-06
GOOGL,2024-12-09,D:\full-stack2\data\charts\GOOGL\2024-12-09.png,2024-11-11,2024-12-09
GOOGL,2024-12-10,D:\full-stack2\data\charts\GOOGL\2024-12-10.png,2024-11-12,2024-12-10
GOOGL,2024-12-11,D:\full-stack2\data\charts\GOOGL\2024-12-11.png,2024-11-13,2024-12-11
GOOGL,2024-12-12,D:\full-stack2\data\charts\GOOGL\2024-12-12.png,2024-11-14,2024-12-12
GOOGL,2024-12-13,D:\full-stack2\data\charts\GOOGL\2024-12-13.png,2024-11-15,2024-12-13
GOOGL,2024-12-16,D:\full-stack2\data\charts\GOOGL\2024-12-16.png,2024-11-18,2024-12-16
GOOGL,2024-12-17,D:\full-stack2\data\charts\GOOGL\2024-12-17.png,2024-11-19,2024-12-17
GOOGL,2024-12-18,D:\full-stack2\data\charts\GOOGL\2024-12-18.png,2024-11-20,2024-12-18
GOOGL,2024-12-19,D:\full-stack2\data\charts\GOOGL\2024-12-19.png,2024-11-21,2024-12-19
GOOGL,2024-12-20,D:\full-stack2\data\charts\GOOGL\2024-12-20.png,2024-11-22,2024-12-20
GOOGL,2024-12-23,D:\full-stack2\data\charts\GOOGL\2024-12-23.png,2024-11-25,2024-12-23
GOOGL,2024-12-24,D:\full-stack2\data\charts\GOOGL\2024-12-24.png,2024-11-26,2024-12-24
GOOGL,2024-12-26,D:\full-stack2\data\charts\GOOGL\2024-12-26.png,2024-11-27,2024-12-26
GOOGL,2024-12-27,D:\full-stack2\data\charts\GOOGL\2024-12-27.png,2024-11-29,2024-12-27
GOOGL,2024-12-30,D:\full-stack2\data\charts\GOOGL\2024-12-30.png,2024-12-02,2024-12-30
GOOGL,2024-12-31,D:\full-stack2\data\charts\GOOGL\2024-12-31.png,2024-12-03,2024-12-31
GOOGL,2025-01-02,D:\full-stack2\data\charts\GOOGL\2025-01-02.png,2024-12-04,2025-01-02
GOOGL,2025-01-03,D:\full-stack2\data\charts\GOOGL\2025-01-03.png,2024-12-05,2025-01-03
GOOGL,2025-01-06,D:\full-stack2\data\charts\GOOGL\2025-01-06.png,2024-12-06,2025-01-06
GOOGL,2025-01-07,D:\full-stack2\data\charts\GOOGL\2025-01-07.png,2024-12-09,2025-01-07
GOOGL,2025-01-08,D:\full-stack2\data\charts\GOOGL\2025-01-08.png,2024-12-10,2025-01-08
GOOGL,2025-01-10,D:\full-stack2\data\charts\GOOGL\2025-01-10.png,2024-12-11,2025-01-10
GOOGL,2025-01-13,D:\full-stack2\data\charts\GOOGL\2025-01-13.png,2024-12-12,2025-01-13
GOOGL,2025-01-14,D:\full-stack2\data\charts\GOOGL\2025-01-14.png,2024-12-13,2025-01-14
GOOGL,2025-01-15,D:\full-stack2\data\charts\GOOGL\2025-01-15.png,2024-12-16,2025-01-15
GOOGL,2025-01-16,D:\full-stack2\data\charts\GOOGL\2025-01-16.png,2024-12-17,2025-01-16
GOOGL,2025-01-17,D:\full-stack2\data\charts\GOOGL\2025-01-17.png,2024-12-18,2025-01-17
GOOGL,2025-01-21,D:\full-stack2\data\charts\GOOGL\2025-01-21.png,2024-12-19,2025-01-21
GOOGL,2025-01-22,D:\full-stack2\data\charts\GOOGL\2025-01-22.png,2024-12-20,2025-01-22
GOOGL,2025-01-23,D:\full-stack2\data\charts\GOOGL\2025-01-23.png,2024-12-23,2025-01-23
GOOGL,2025-01-24,D:\full-stack2\data\charts\GOOGL\2025-01-24.png,2024-12-24,2025-01-24
GOOGL,2025-01-27,D:\full-stack2\data\charts\GOOGL\2025-01-27.png,2024-12-26,2025-01-27
GOOGL,2025-01-28,D:\full-stack2\data\charts\GOOGL\2025-01-28.png,2024-12-27,2025-01-28
GOOGL,2025-01-29,D:\full-stack2\data\charts\GOOGL\2025-01-29.png,2024-12-30,2025-01-29
GOOGL,2025-01-30,D:\full-stack2\data\charts\GOOGL\2025-01-30.png,2024-12-31,2025-01-30
GOOGL,2025-01-31,D:\full-stack2\data\charts\GOOGL\2025-01-31.png,2025-01-02,2025-01-31
GOOGL,2025-02-03,D:\full-stack2\data\charts\GOOGL\2025-02-03.png,2025-01-03,2025-02-03
GOOGL,2025-02-04,D:\full-stack2\data\charts\GOOGL\2025-02-04.png,2025-01-06,2025-02-04
GOOGL,2025-02-05,D:\full-stack2\data\charts\GOOGL\2025-02-05.png,2025-01-07,2025-02-05
GOOGL,2025-02-06,D:\full-stack2\data\charts\GOOGL\2025-02-06.png,2025-01-08,2025-02-06
GOOGL,2025-02-07,D:\full-stack2\data\charts\GOOGL\2025-02-07.png,2025-01-10,2025-02-07
GOOGL,2025-02-10,D:\full-stack2\data\charts\GOOGL\2025-02-10.png,2025-01-13,2025-02-10
GOOGL,2025-02-11,D:\full-stack2\data\charts\GOOGL\2025-02-11.png,2025-01-14,2025-02-11
GOOGL,2025-02-12,D:\full-stack2\data\charts\GOOGL\2025-02-12.png,2025-01-15,2025-02-12
GOOGL,2025-02-13,D:\full-stack2\data\charts\GOOGL\2025-02-13.png,2025-01-16,2025-02-13
GOOGL,2025-02-14,D:\full-stack2\data\charts\GOOGL\2025-02-14.png,2025-01-17,2025-02-14
GOOGL,2025-02-18,D:\full-stack2\data\charts\GOOGL\2025-02-18.png,2025-01-21,2025-02-18
GOOGL,2025-02-19,D:\full-stack2\data\charts\GOOGL\2025-02-19.png,2025-01-22,2025-02-19
GOOGL,2025-02-20,D:\full-stack2\data\charts\GOOGL\2025-02-20.png,2025-01-23,2025-02-20
GOOGL,2025-02-21,D:\full-stack2\data\charts\GOOGL\2025-02-21.png,2025-01-24,2025-02-21
GOOGL,2025-02-24,D:\full-stack2\data\charts\GOOGL\2025-02-24.png,2025-01-27,2025-02-24
GOOGL,2025-02-25,D:\full-stack2\data\charts\GOOGL\2025-02-25.png,2025-01-28,2025-02-25
GOOGL,2025-02-26,D:\full-stack2\data\charts\GOOGL\2025-02-26.png,2025-01-29,2025-02-26
GOOGL,2025-02-27,D:\full-stack2\data\charts\GOOGL\2025-02-27.png,2025-01-30,2025-02-27
GOOGL,2025-02-28,D:\full-stack2\data\charts\GOOGL\2025-02-28.png,2025-01-31,2025-02-28
GOOGL,2025-03-03,D:\full-stack2\data\charts\GOOGL\2025-03-03.png,2025-02-03,2025-03-03
GOOGL,2025-03-04,D:\full-stack2\data\charts\GOOGL\2025-03-04.png,2025-02-04,2025-03-04
GOOGL,2025-03-05,D:\full-stack2\data\charts\GOOGL\2025-03-05.png,2025-02-05,2025-03-05
GOOGL,2025-03-06,D:\full-stack2\data\charts\GOOGL\2025-03-06.png,2025-02-06,2025-03-06
GOOGL,2025-03-07,D:\full-stack2\data\charts\GOOGL\2025-03-07.png,2025-02-07,2025-03-07
GOOGL,2025-03-10,D:\full-stack2\data\charts\GOOGL\2025-03-10.png,2025-02-10,2025-03-10
GOOGL,2025-03-11,D:\full-stack2\data\charts\GOOGL\2025-03-11.png,2025-02-11,2025-03-11
GOOGL,2025-03-12,D:\full-stack2\data\charts\GOOGL\2025-03-12.png,2025-02-12,2025-03-12
GOOGL,2025-03-13,D:\full-stack2\data\charts\GOOGL\2025-03-13.png,2025-02-13,2025-03-13
GOOGL,2025-03-14,D:\full-stack2\data\charts\GOOGL\2025-03-14.png,2025-02-14,2025-03-14
GOOGL,2025-03-17,D:\full-stack2\data\charts\GOOGL\2025-03-17.png,2025-02-18,2025-03-17
GOOGL,2025-03-18,D:\full-stack2\data\charts\GOOGL\2025-03-18.png,2025-02-19,2025-03-18
GOOGL,2025-03-19,D:\full-stack2\data\charts\GOOGL\2025-03-19.png,2025-02-20,2025-03-19
GOOGL,2025-03-20,D:\full-stack2\data\charts\GOOGL\2025-03-20.png,2025-02-21,2025-03-20
GOOGL,2025-03-21,D:\full-stack2\data\charts\GOOGL\2025-03-21.png,2025-02-24,2025-03-21
GOOGL,2025-03-24,D:\full-stack2\data\charts\GOOGL\2025-03-24.png,2025-02-25,2025-03-24
GOOGL,2025-03-25,D:\full-stack2\data\charts\GOOGL\2025-03-25.png,2025-02-26,2025-03-25
GOOGL,2025-03-26,D:\full-stack2\data\charts\GOOGL\2025-03-26.png,2025-02-27,2025-03-26
GOOGL,2025-03-27,D:\full-stack2\data\charts\GOOGL\2025-03-27.png,2025-02-28,2025-03-27
GOOGL,2025-03-28,D:\full-stack2\data\charts\GOOGL\2025-03-28.png,2025-03-03,2025-03-28
GOOGL,2025-03-31,D:\full-stack2\data\charts\GOOGL\2025-03-31.png,2025-03-04,2025-03-31
GOOGL,2025-04-01,D:\full-stack2\data\charts\GOOGL\2025-04-01.png,2025-03-05,2025-04-01
GOOGL,2025-04-02,D:\full-stack2\data\charts\GOOGL\2025-04-02.png,2025-03-06,2025-04-02
GOOGL,2025-04-03,D:\full-stack2\data\charts\GOOGL\2025-04-03.png,2025-03-07,2025-04-03
GOOGL,2025-04-04,D:\full-stack2\data\charts\GOOGL\2025-04-04.png,2025-03-10,2025-04-04
GOOGL,2025-04-07,D:\full-stack2\data\charts\GOOGL\2025-04-07.png,2025-03-11,2025-04-07
GOOGL,2025-04-08,D:\full-stack2\data\charts\GOOGL\2025-04-08.png,2025-03-12,2025-04-08
GOOGL,2025-04-09,D:\full-stack2\data\charts\GOOGL\2025-04-09.png,2025-03-13,2025-04-09
GOOGL,2025-04-10,D:\full-stack2\data\charts\GOOGL\2025-04-10.png,2025-03-14,2025-04-10
GOOGL,2025-04-11,D:\full-stack2\data\charts\GOOGL\2025-04-11.png,2025-03-17,2025-04-11
GOOGL,2025-04-14,D:\full-stack2\data\charts\GOOGL\2025-04-14.png,2025-03-18,2025-04-14
GOOGL,2025-04-15,D:\full-stack2\data\charts\GOOGL\2025-04-15.png,2025-03-19,2025-04-15
GOOGL,2025-04-16,D:\full-stack2\data\charts\GOOGL\2025-04-16.png,2025-03-20,2025-04-16
GOOGL,2025-04-17,D:\full-stack2\data\charts\GOOGL\2025-04-17.png,2025-03-21,2025-04-17
GOOGL,2025-04-21,D:\full-stack2\data\charts\GOOGL\2025-04-21.png,2025-03-24,2025-04-21
GOOGL,2025-04-22,D:\full-stack2\data\charts\GOOGL\2025-04-22.png,2025-03-25,2025-04-22
GOOGL,2025-04-23,D:\full-stack2\data\charts\GOOGL\2025-04-23.png,2025-03-26,2025-04-23
GOOGL,2025-04-24,D:\full-stack2\data\charts\GOOGL\2025-04-24.png,2025-03-27,2025-04-24
GOOGL,2025-04-25,D:\full-stack2\data\charts\GOOGL\2025-04-25.png,2025-03-28,2025-04-25
GOOGL,2025-04-28,D:\full-stack2\data\charts\GOOGL\2025-04-28.png,2025-03-31,2025-04-28
GOOGL,2025-04-29,D:\full-stack2\data\charts\GOOGL\2025-04-29.png,2025-04-01,2025-04-29
GOOGL,2025-04-30,D:\full-stack2\data\charts\GOOGL\2025-04-30.png,2025-04-02,2025-04-30
GOOGL,2025-05-01,D:\full-stack2\data\charts\GOOGL\2025-05-01.png,2025-04-03,2025-05-01
GOOGL,2025-05-02,D:\full-stack2\data\charts\GOOGL\2025-05-02.png,2025-04-04,2025-05-02
GOOGL,2025-05-05,D:\full-stack2\data\charts\GOOGL\2025-05-05.png,2025-04-07,2025-05-05
GOOGL,2025-05-06,D:\full-stack2\data\charts\GOOGL\2025-05-06.png,2025-04-08,2025-05-06
GOOGL,2025-05-07,D:\full-stack2\data\charts\GOOGL\2025-05-07.png,2025-04-09,2025-05-07
GOOGL,2025-05-08,D:\full-stack2\data\charts\GOOGL\2025-05-08.png,2025-04-10,2025-05-08
GOOGL,2025-05-09,D:\full-stack2\data\charts\GOOGL\2025-05-09.png,2025-04-11,2025-05-09
GOOGL,2025-05-12,D:\full-stack2\data\charts\GOOGL\2025-05-12.png,2025-04-14,2025-05-12
GOOGL,2025-05-13,D:\full-stack2\data\charts\GOOGL\2025-05-13.png,2025-04-15,2025-05-13
GOOGL,2025-05-14,D:\full-stack2\data\charts\GOOGL\2025-05-14.png,2025-04-16,2025-05-14
GOOGL,2025-05-15,D:\full-stack2\data\charts\GOOGL\2025-05-15.png,2025-04-17,2025-05-15
GOOGL,2025-05-16,D:\full-stack2\data\charts\GOOGL\2025-05-16.png,2025-04-21,2025-05-16
GOOGL,2025-05-19,D:\full-stack2\data\charts\GOOGL\2025-05-19.png,2025-04-22,2025-05-19
GOOGL,2025-05-20,D:\full-stack2\data\charts\GOOGL\2025-05-20.png,2025-04-23,2025-05-20
GOOGL,2025-05-21,D:\full-stack2\data\charts\GOOGL\2025-05-21.png,2025-04-24,2025-05-21
GOOGL,2025-05-22,D:\full-stack2\data\charts\GOOGL\2025-05-22.png,2025-04-25,2025-05-22
GOOGL,2025-05-23,D:\full-stack2\data\charts\GOOGL\2025-05-23.png,2025-04-28,2025-05-23
GOOGL,2025-05-27,D:\full-stack2\data\charts\GOOGL\2025-05-27.png,2025-04-29,2025-05-27
GOOGL,2025-05-28,D:\full-stack2\data\charts\GOOGL\2025-05-28.png,2025-04-30,2025-05-28
GOOGL,2025-05-29,D:\full-stack2\data\charts\GOOGL\2025-05-29.png,2025-05-01,2025-05-29
GOOGL,2025-05-30,D:\full-stack2\data\charts\GOOGL\2025-05-30.png,2025-05-02,2025-05-30
GOOGL,2025-06-02,D:\full-stack2\data\charts\GOOGL\2025-06-02.png,2025-05-05,2025-06-02
GOOGL,2025-06-03,D:\full-stack2\data\charts\GOOGL\2025-06-03.png,2025-05-06,2025-06-03
GOOGL,2025-06-04,D:\full-stack2\data\charts\GOOGL\2025-06-04.png,2025-05-07,2025-06-04
GOOGL,2025-06-05,D:\full-stack2\data\charts\GOOGL\2025-06-05.png,2025-05-08,2025-06-05
GOOGL,2025-06-06,D:\full-stack2\data\charts\GOOGL\2025-06-06.png,2025-05-09,2025-06-06
GOOGL,2025-06-09,D:\full-stack2\data\charts\GOOGL\2025-06-09.png,2025-05-12,2025-06-09
GOOGL,2025-06-10,D:\full-stack2\data\charts\GOOGL\2025-06-10.png,2025-05-13,2025-06-10
GOOGL,2025-06-11,D:\full-stack2\data\charts\GOOGL\2025-06-11.png,2025-05-14,2025-06-11
GOOGL,2025-06-12,D:\full-stack2\data\charts\GOOGL\2025-06-12.png,2025-05-15,2025-06-12
GOOGL,2025-06-13,D:\full-stack2\data\charts\GOOGL\2025-06-13.png,2025-05-16,2025-06-13
GOOGL,2025-06-16,D:\full-stack2\data\charts\GOOGL\2025-06-16.png,2025-05-19,2025-06-16
GOOGL,2025-06-17,D:\full-stack2\data\charts\GOOGL\2025-06-17.png,2025-05-20,2025-06-17
GOOGL,2025-06-18,D:\full-stack2\data\charts\GOOGL\2025-06-18.png,2025-05-21,2025-06-18
GOOGL,2025-06-20,D:\full-stack2\data\charts\GOOGL\2025-06-20.png,2025-05-22,2025-06-20
GOOGL,2025-06-23,D:\full-stack2\data\charts\GOOGL\2025-06-23.png,2025-05-23,2025-06-23
GOOGL,2025-06-24,D:\full-stack2\data\charts\GOOGL\2025-06-24.png,2025-05-27,2025-06-24
GOOGL,2025-06-25,D:\full-stack2\data\charts\GOOGL\2025-06-25.png,2025-05-28,2025-06-25
GOOGL,2025-06-26,D:\full-stack2\data\charts\GOOGL\2025-06-26.png,2025-05-29,2025-06-26
GOOGL,2025-06-27,D:\full-stack2\data\charts\GOOGL\2025-06-27.png,2025-05-30,2025-06-27
GOOGL,2025-06-30,D:\full-stack2\data\charts\GOOGL\2025-06-30.png,2025-06-02,2025-06-30
GOOGL,2025-07-01,D:\full-stack2\data\charts\GOOGL\2025-07-01.png,2025-06-03,2025-07-01
GOOGL,2025-07-02,D:\full-stack2\data\charts\GOOGL\2025-07-02.png,2025-06-04,2025-07-02
GOOGL,2025-07-03,D:\full-stack2\data\charts\GOOGL\2025-07-03.png,2025-06-05,2025-07-03
GOOGL,2025-07-07,D:\full-stack2\data\charts\GOOGL\2025-07-07.png,2025-06-06,2025-07-07
GOOGL,2025-07-08,D:\full-stack2\data\charts\GOOGL\2025-07-08.png,2025-06-09,2025-07-08
GOOGL,2025-07-09,D:\full-stack2\data\charts\GOOGL\2025-07-09.png,2025-06-10,2025-07-09
GOOGL,2025-07-10,D:\full-stack2\data\charts\GOOGL\2025-07-10.png,2025-06-11,2025-07-10
GOOGL,2025-07-11,D:\full-stack2\data\charts\GOOGL\2025-07-11.png,2025-06-12,2025-07-11
GOOGL,2025-07-14,D:\full-stack2\data\charts\GOOGL\2025-07-14.png,2025-06-13,2025-07-14
GOOGL,2025-07-15,D:\full-stack2\data\charts\GOOGL\2025-07-15.png,2025-06-16,2025-07-15
GOOGL,2025-07-16,D:\full-stack2\data\charts\GOOGL\2025-07-16.png,2025-06-17,2025-07-16
GOOGL,2025-07-17,D:\full-stack2\data\charts\GOOGL\2025-07-17.png,2025-06-18,2025-07-17
GOOGL,2025-07-18,D:\full-stack2\data\charts\GOOGL\2025-07-18.png,2025-06-20,2025-07-18
GOOGL,2025-07-21,D:\full-stack2\data\charts\GOOGL\2025-07-21.png,2025-06-23,2025-07-21
GOOGL,2025-07-22,D:\full-stack2\data\charts\GOOGL\2025-07-22.png,2025-06-24,2025-07-22
GOOGL,2025-07-23,D:\full-stack2\data\charts\GOOGL\2025-07-23.png,2025-06-25,2025-07-23
GOOGL,2025-07-24,D:\full-stack2\data\charts\GOOGL\2025-07-24.png,2025-06-26,2025-07-24
GOOGL,2025-07-25,D:\full-stack2\data\charts\GOOGL\2025-07-25.png,2025-06-27,2025-07-25
GOOGL,2025-07-28,D:\full-stack2\data\charts\GOOGL\2025-07-28.png,2025-06-30,2025-07-28
GOOGL,2025-07-29,D:\full-stack2\data\charts\GOOGL\2025-07-29.png,2025-07-01,2025-07-29
GOOGL,2025-07-30,D:\full-stack2\data\charts\GOOGL\2025-07-30.png,2025-07-02,2025-07-30
GOOGL,2025-07-31,D:\full-stack2\data\charts\GOOGL\2025-07-31.png,2025-07-03,2025-07-31
GOOGL,2025-08-01,D:\full-stack2\data\charts\GOOGL\2025-08-01.png,2025-07-07,2025-08-01
GOOGL,2025-08-04,D:\full-stack2\data\charts\GOOGL\2025-08-04.png,2025-07-08,2025-08-04
GOOGL,2025-08-05,D:\full-stack2\data\charts\GOOGL\2025-08-05.png,2025-07-09,2025-08-05
GOOGL,2025-08-06,D:\full-stack2\data\charts\GOOGL\2025-08-06.png,2025-07-10,2025-08-06
GOOGL,2025-08-07,D:\full-stack2\data\charts\GOOGL\2025-08-07.png,2025-07-11,2025-08-07
GOOGL,2025-08-08,D:\full-stack2\data\charts\GOOGL\2025-08-08.png,2025-07-14,2025-08-08
GOOGL,2025-08-11,D:\full-stack2\data\charts\GOOGL\2025-08-11.png,2025-07-15,2025-08-11
GOOGL,2025-08-12,D:\full-stack2\data\charts\GOOGL\2025-08-12.png,2025-07-16,2025-08-12
GOOGL,2025-08-13,D:\full-stack2\data\charts\GOOGL\2025-08-13.png,2025-07-17,2025-08-13
GOOGL,2025-08-14,D:\full-stack2\data\charts\GOOGL\2025-08-14.png,2025-07-18,2025-08-14
GOOGL,2025-08-15,D:\full-stack2\data\charts\GOOGL\2025-08-15.png,2025-07-21,2025-08-15
GOOGL,2025-08-18,D:\full-stack2\data\charts\GOOGL\2025-08-18.png,2025-07-22,2025-08-18
GOOGL,2025-08-19,D:\full-stack2\data\charts\GOOGL\2025-08-19.png,2025-07-23,2025-08-19
GOOGL,2025-08-20,D:\full-stack2\data\charts\GOOGL\2025-08-20.png,2025-07-24,2025-08-20
GOOGL,2025-08-21,D:\full-stack2\data\charts\GOOGL\2025-08-21.png,2025-07-25,2025-08-21
GOOGL,2025-08-22,D:\full-stack2\data\charts\GOOGL\2025-08-22.png,2025-07-28,2025-08-22
GOOGL,2025-08-25,D:\full-stack2\data\charts\GOOGL\2025-08-25.png,2025-07-29,2025-08-25
GOOGL,2025-08-26,D:\full-stack2\data\charts\GOOGL\2025-08-26.png,2025-07-30,2025-08-26
GOOGL,2025-08-27,D:\full-stack2\data\charts\GOOGL\2025-08-27.png,2025-07-31,2025-08-27
GOOGL,2025-08-28,D:\full-stack2\data\charts\GOOGL\2025-08-28.png,2025-08-01,2025-08-28
GOOGL,2025-08-29,D:\full-stack2\data\charts\GOOGL\2025-08-29.png,2025-08-04,2025-08-29
GOOGL,2025-09-02,D:\full-stack2\data\charts\GOOGL\2025-09-02.png,2025-08-05,2025-09-02
GOOGL,2025-09-03,D:\full-stack2\data\charts\GOOGL\2025-09-03.png,2025-08-06,2025-09-03
GOOGL,2025-09-04,D:\full-stack2\data\charts\GOOGL\2025-09-04.png,2025-08-07,2025-09-04
GOOGL,2025-09-05,D:\full-stack2\data\charts\GOOGL\2025-09-05.png,2025-08-08,2025-09-05
GOOGL,2025-09-08,D:\full-stack2\data\charts\GOOGL\2025-09-08.png,2025-08-11,2025-09-08
GOOGL,2025-09-09,D:\full-stack2\data\charts\GOOGL\2025-09-09.png,2025-08-12,2025-09-09
GOOGL,2025-09-10,D:\full-stack2\data\charts\GOOGL\2025-09-10.png,2025-08-13,2025-09-10
GOOGL,2025-09-11,D:\full-stack2\data\charts\GOOGL\2025-09-11.png,2025-08-14,2025-09-11
GOOGL,2025-09-12,D:\full-stack2\data\charts\GOOGL\2025-09-12.png,2025-08-15,2025-09-12
GOOGL,2025-09-15,D:\full-stack2\data\charts\GOOGL\2025-09-15.png,2025-08-18,2025-09-15
GOOGL,2025-09-16,D:\full-stack2\data\charts\GOOGL\2025-09-16.png,2025-08-19,2025-09-16
GOOGL,2025-09-17,D:\full-stack2\data\charts\GOOGL\2025-09-17.png,2025-08-20,2025-09-17
GOOGL,2025-09-18,D:\full-stack2\data\charts\GOOGL\2025-09-18.png,2025-08-21,2025-09-18
GOOGL,2025-09-19,D:\full-stack2\data\charts\GOOGL\2025-09-19.png,2025-08-22,2025-09-19
GOOGL,2025-09-22,D:\full-stack2\data\charts\GOOGL\2025-09-22.png,2025-08-25,2025-09-22
GOOGL,2025-09-23,D:\full-stack2\data\charts\GOOGL\2025-09-23.png,2025-08-26,2025-09-23
GOOGL,2025-09-24,D:\full-stack2\data\charts\GOOGL\2025-09-24.png,2025-08-27,2025-09-24
GOOGL,2025-09-25,D:\full-stack2\data\charts\GOOGL\2025-09-25.png,2025-08-28,2025-09-25
GOOGL,2025-09-26,D:\full-stack2\data\charts\GOOGL\2025-09-26.png,2025-08-29,2025-09-26
GOOGL,2025-09-29,D:\full-stack2\data\charts\GOOGL\2025-09-29.png,2025-09-02,2025-09-29
GOOGL,2025-09-30,D:\full-stack2\data\charts\GOOGL\2025-09-30.png,2025-09-03,2025-09-30
GOOGL,2025-10-01,D:\full-stack2\data\charts\GOOGL\2025-10-01.png,2025-09-04,2025-10-01
GOOGL,2025-10-02,D:\full-stack2\data\charts\GOOGL\2025-10-02.png,2025-09-05,2025-10-02
GOOGL,2025-10-03,D:\full-stack2\data\charts\GOOGL\2025-10-03.png,2025-09-08,2025-10-03
GOOGL,2025-10-06,D:\full-stack2\data\charts\GOOGL\2025-10-06.png,2025-09-09,2025-10-06
GOOGL,2025-10-07,D:\full-stack2\data\charts\GOOGL\2025-10-07.png,2025-09-10,2025-10-07
GOOGL,2025-10-08,D:\full-stack2\data\charts\GOOGL\2025-10-08.png,2025-09-11,2025-10-08
GOOGL,2025-10-09,D:\full-stack2\data\charts\GOOGL\2025-10-09.png,2025-09-12,2025-10-09
GOOGL,2025-10-10,D:\full-stack2\data\charts\GOOGL\2025-10-10.png,2025-09-15,2025-10-10
GOOGL,2025-10-13,D:\full-stack2\data\charts\GOOGL\2025-10-13.png,2025-09-16,2025-10-13
GOOGL,2025-10-14,D:\full-stack2\data\charts\GOOGL\2025-10-14.png,2025-09-17,2025-10-14
GOOGL,2025-10-15,D:\full-stack2\data\charts\GOOGL\2025-10-15.png,2025-09-18,2025-10-15
GOOGL,2025-10-16,D:\full-stack2\data\charts\GOOGL\2025-10-16.png,2025-09-19,2025-10-16
GOOGL,2025-10-17,D:\full-stack2\data\charts\GOOGL\2025-10-17.png,2025-09-22,2025-10-17
GOOGL,2025-10-20,D:\full-stack2\data\charts\GOOGL\2025-10-20.png,2025-09-23,2025-10-20
GOOGL,2025-10-21,D:\full-stack2\data\charts\GOOGL\2025-10-21.png,2025-09-24,2025-10-21
GOOGL,2025-10-22,D:\full-stack2\data\charts\GOOGL\2025-10-22.png,2025-09-25,2025-10-22
GOOGL,2025-10-23,D:\full-stack2\data\charts\GOOGL\2025-10-23.png,2025-09-26,2025-10-23
GOOGL,2025-10-24,D:\full-stack2\data\charts\GOOGL\2025-10-24.png,2025-09-29,2025-10-24
GOOGL,2025-10-27,D:\full-stack2\data\charts\GOOGL\2025-10-27.png,2025-09-30,2025-10-27
GOOGL,2025-10-28,D:\full-stack2\data\charts\GOOGL\2025-10-28.png,2025-10-01,2025-10-28
GOOGL,2025-10-29,D:\full-stack2\data\charts\GOOGL\2025-10-29.png,2025-10-02,2025-10-29
GOOGL,2025-10-30,D:\full-stack2\data\charts\GOOGL\2025-10-30.png,2025-10-03,2025-10-30
GOOGL,2025-10-31,D:\full-stack2\data\charts\GOOGL\2025-10-31.png,2025-10-06,2025-10-31
GOOGL,2025-11-03,D:\full-stack2\data\charts\GOOGL\2025-11-03.png,2025-10-07,2025-11-03
GOOGL,2025-11-04,D:\full-stack2\data\charts\GOOGL\2025-11-04.png,2025-10-08,2025-11-04
GOOGL,2025-11-05,D:\full-stack2\data\charts\GOOGL\2025-11-05.png,2025-10-09,2025-11-05
GOOGL,2025-11-06,D:\full-stack2\data\charts\GOOGL\2025-11-06.png,2025-10-10,2025-11-06
GOOGL,2025-11-07,D:\full-stack2\data\charts\GOOGL\2025-11-07.png,2025-10-13,2025-11-07
GOOGL,2025-11-10,D:\full-stack2\data\charts\GOOGL\2025-11-10.png,2025-10-14,2025-11-10
GOOGL,2025-11-11,D:\full-stack2\data\charts\GOOGL\2025-11-11.png,2025-10-15,2025-11-11
GOOGL,2025-11-12,D:\full-stack2\data\charts\GOOGL\2025-11-12.png,2025-10-16,2025-11-12
GOOGL,2025-11-13,D:\full-stack2\data\charts\GOOGL\2025-11-13.png,2025-10-17,2025-11-13
GOOGL,2025-11-14,D:\full-stack2\data\charts\GOOGL\2025-11-14.png,2025-10-20,2025-11-14
GOOGL,2025-11-17,D:\full-stack2\data\charts\GOOGL\2025-11-17.png,2025-10-21,2025-11-17
GOOGL,2025-11-18,D:\full-stack2\data\charts\GOOGL\2025-11-18.png,2025-10-22,2025-11-18
GOOGL,2025-11-19,D:\full-stack2\data\charts\GOOGL\2025-11-19.png,2025-10-23,2025-11-19
GOOGL,2025-11-20,D:\full-stack2\data\charts\GOOGL\2025-11-20.png,2025-10-24,2025-11-20
GOOGL,2025-11-21,D:\full-stack2\data\charts\GOOGL\2025-11-21.png,2025-10-27,2025-11-21
GOOGL,2025-11-24,D:\full-stack2\data\charts\GOOGL\2025-11-24.png,2025-10-28,2025-11-24
GOOGL,2025-11-25,D:\full-stack2\data\charts\GOOGL\2025-11-25.png,2025-10-29,2025-11-25
GOOGL,2025-11-26,D:\full-stack2\data\charts\GOOGL\2025-11-26.png,2025-10-30,2025-11-26
GOOGL,2025-11-28,D:\full-stack2\data\charts\GOOGL\2025-11-28.png,2025-10-31,2025-11-28
GOOGL,2025-12-01,D:\full-stack2\data\charts\GOOGL\2025-12-01.png,2025-11-03,2025-12-01
GOOGL,2025-12-02,D:\full-stack2\data\charts\GOOGL\2025-12-02.png,2025-11-04,2025-12-02
GOOGL,2025-12-03,D:\full-stack2\data\charts\GOOGL\2025-12-03.png,2025-11-05,2025-12-03
GOOGL,2025-12-04,D:\full-stack2\data\charts\GOOGL\2025-12-04.png,2025-11-06,2025-12-04
GOOGL,2025-12-05,D:\full-stack2\data\charts\GOOGL\2025-12-05.png,2025-11-07,2025-12-05
GOOGL,2025-12-08,D:\full-stack2\data\charts\GOOGL\2025-12-08.png,2025-11-10,2025-12-08
GOOGL,2025-12-09,D:\full-stack2\data\charts\GOOGL\2025-12-09.png,2025-11-11,2025-12-09
GOOGL,2025-12-10,D:\full-stack2\data\charts\GOOGL\2025-12-10.png,2025-11-12,2025-12-10
GOOGL,2025-12-11,D:\full-stack2\data\charts\GOOGL\2025-12-11.png,2025-11-13,2025-12-11
GOOGL,2025-12-12,D:\full-stack2\data\charts\GOOGL\2025-12-12.png,2025-11-14,2025-12-12
GOOGL,2025-12-15,D:\full-stack2\data\charts\GOOGL\2025-12-15.png,2025-11-17,2025-12-15
GOOGL,2025-12-16,D:\full-stack2\data\charts\GOOGL\2025-12-16.png,2025-11-18,2025-12-16
GOOGL,2025-12-17,D:\full-stack2\data\charts\GOOGL\2025-12-17.png,2025-11-19,2025-12-17
GOOGL,2025-12-18,D:\full-stack2\data\charts\GOOGL\2025-12-18.png,2025-11-20,2025-12-18
GOOGL,2025-12-19,D:\full-stack2\data\charts\GOOGL\2025-12-19.png,2025-11-21,2025-12-19
GOOGL,2025-12-22,D:\full-stack2\data\charts\GOOGL\2025-12-22.png,2025-11-24,2025-12-22
GOOGL,2025-12-23,D:\full-stack2\data\charts\GOOGL\2025-12-23.png,2025-11-25,2025-12-23
GOOGL,2025-12-24,D:\full-stack2\data\charts\GOOGL\2025-12-24.png,2025-11-26,2025-12-24
GOOGL,2025-12-26,D:\full-stack2\data\charts\GOOGL\2025-12-26.png,2025-11-28,2025-12-26
GOOGL,2025-12-29,D:\full-stack2\data\charts\GOOGL\2025-12-29.png,2025-12-01,2025-12-29
MSFT,2022-01-31,D:\full-stack2\data\charts\MSFT\2022-01-31.png,2022-01-03,2022-01-31
MSFT,2022-02-01,D:\full-stack2\data\charts\MSFT\2022-02-01.png,2022-01-04,2022-02-01
MSFT,2022-02-02,D:\full-stack2\data\charts\MSFT\2022-02-02.png,2022-01-05,2022-02-02
MSFT,2022-02-03,D:\full-stack2\data\charts\MSFT\2022-02-03.png,2022-01-06,2022-02-03
MSFT,2022-02-04,D:\full-stack2\data\charts\MSFT\2022-02-04.png,2022-01-07,2022-02-04
MSFT,2022-02-07,D:\full-stack2\data\charts\MSFT\2022-02-07.png,2022-01-10,2022-02-07
MSFT,2022-02-08,D:\full-stack2\data\charts\MSFT\2022-02-08.png,2022-01-11,2022-02-08
MSFT,2022-02-09,D:\full-stack2\data\charts\MSFT\2022-02-09.png,2022-01-12,2022-02-09
MSFT,2022-02-10,D:\full-stack2\data\charts\MSFT\2022-02-10.png,2022-01-13,2022-02-10
MSFT,2022-02-11,D:\full-stack2\data\charts\MSFT\2022-02-11.png,2022-01-14,2022-02-11
MSFT,2022-02-14,D:\full-stack2\data\charts\MSFT\2022-02-14.png,2022-01-18,2022-02-14
MSFT,2022-02-15,D:\full-stack2\data\charts\MSFT\2022-02-15.png,2022-01-19,2022-02-15
MSFT,2022-02-16,D:\full-stack2\data\charts\MSFT\2022-02-16.png,2022-01-20,2022-02-16
MSFT,2022-02-17,D:\full-stack2\data\charts\MSFT\2022-02-17.png,2022-01-21,2022-02-17
MSFT,2022-02-18,D:\full-stack2\data\charts\MSFT\2022-02-18.png,2022-01-24,2022-02-18
MSFT,2022-02-22,D:\full-stack2\data\charts\MSFT\2022-02-22.png,2022-01-25,2022-02-22
MSFT,2022-02-23,D:\full-stack2\data\charts\MSFT\2022-02-23.png,2022-01-26,2022-02-23
MSFT,2022-02-24,D:\full-stack2\data\charts\MSFT\2022-02-24.png,2022-01-27,2022-02-24
MSFT,2022-02-25,D:\full-stack2\data\charts\MSFT\2022-02-25.png,2022-01-28,2022-02-25
MSFT,2022-02-28,D:\full-stack2\data\charts\MSFT\2022-02-28.png,2022-01-31,2022-02-28
MSFT,2022-03-01,D:\full-stack2\data\charts\MSFT\2022-03-01.png,2022-02-01,2022-03-01
MSFT,2022-03-02,D:\full-stack2\data\charts\MSFT\2022-03-02.png,2022-02-02,2022-03-02
MSFT,2022-03-03,D:\full-stack2\data\charts\MSFT\2022-03-03.png,2022-02-03,2022-03-03
MSFT,2022-03-04,D:\full-stack2\data\charts\MSFT\2022-03-04.png,2022-02-04,2022-03-04
MSFT,2022-03-07,D:\full-stack2\data\charts\MSFT\2022-03-07.png,2022-02-07,2022-03-07
MSFT,2022-03-08,D:\full-stack2\data\charts\MSFT\2022-03-08.png,2022-02-08,2022-03-08
MSFT,2022-03-09,D:\full-stack2\data\charts\MSFT\2022-03-09.png,2022-02-09,2022-03-09
MSFT,2022-03-10,D:\full-stack2\data\charts\MSFT\2022-03-10.png,2022-02-10,2022-03-10
MSFT,2022-03-11,D:\full-stack2\data\charts\MSFT\2022-03-11.png,2022-02-11,2022-03-11
MSFT,2022-03-14,D:\full-stack2\data\charts\MSFT\2022-03-14.png,2022-02-14,2022-03-14
MSFT,2022-03-15,D:\full-stack2\data\charts\MSFT\2022-03-15.png,2022-02-15,2022-03-15
MSFT,2022-03-16,D:\full-stack2\data\charts\MSFT\2022-03-16.png,2022-02-16,2022-03-16
MSFT,2022-03-17,D:\full-stack2\data\charts\MSFT\2022-03-17.png,2022-02-17,2022-03-17
MSFT,2022-03-18,D:\full-stack2\data\charts\MSFT\2022-03-18.png,2022-02-18,2022-03-18
MSFT,2022-03-21,D:\full-stack2\data\charts\MSFT\2022-03-21.png,2022-02-22,2022-03-21
MSFT,2022-03-22,D:\full-stack2\data\charts\MSFT\2022-03-22.png,2022-02-23,2022-03-22
MSFT,2022-03-23,D:\full-stack2\data\charts\MSFT\2022-03-23.png,2022-02-24,2022-03-23
MSFT,2022-03-24,D:\full-stack2\data\charts\MSFT\2022-03-24.png,2022-02-25,2022-03-24
MSFT,2022-03-25,D:\full-stack2\data\charts\MSFT\2022-03-25.png,2022-02-28,2022-03-25
MSFT,2022-03-28,D:\full-stack2\data\charts\MSFT\2022-03-28.png,2022-03-01,2022-03-28
MSFT,2022-03-29,D:\full-stack2\data\charts\MSFT\2022-03-29.png,2022-03-02,2022-03-29
MSFT,2022-03-30,D:\full-stack2\data\charts\MSFT\2022-03-30.png,2022-03-03,2022-03-30
MSFT,2022-03-31,D:\full-stack2\data\charts\MSFT\2022-03-31.png,2022-03-04,2022-03-31
MSFT,2022-04-01,D:\full-stack2\data\charts\MSFT\2022-04-01.png,2022-03-07,2022-04-01
MSFT,2022-04-04,D:\full-stack2\data\charts\MSFT\2022-04-04.png,2022-03-08,2022-04-04
MSFT,2022-04-05,D:\full-stack2\data\charts\MSFT\2022-04-05.png,2022-03-09,2022-04-05
MSFT,2022-04-06,D:\full-stack2\data\charts\MSFT\2022-04-06.png,2022-03-10,2022-04-06
MSFT,2022-04-07,D:\full-stack2\data\charts\MSFT\2022-04-07.png,2022-03-11,2022-04-07
MSFT,2022-04-08,D:\full-stack2\data\charts\MSFT\2022-04-08.png,2022-03-14,2022-04-08
MSFT,2022-04-11,D:\full-stack2\data\charts\MSFT\2022-04-11.png,2022-03-15,2022-04-11
MSFT,2022-04-12,D:\full-stack2\data\charts\MSFT\2022-04-12.png,2022-03-16,2022-04-12
MSFT,2022-04-13,D:\full-stack2\data\charts\MSFT\2022-04-13.png,2022-03-17,2022-04-13
MSFT,2022-04-14,D:\full-stack2\data\charts\MSFT\2022-04-14.png,2022-03-18,2022-04-14
MSFT,2022-04-18,D:\full-stack2\data\charts\MSFT\2022-04-18.png,2022-03-21,2022-04-18
MSFT,2022-04-19,D:\full-stack2\data\charts\MSFT\2022-04-19.png,2022-03-22,2022-04-19
MSFT,2022-04-20,D:\full-stack2\data\charts\MSFT\2022-04-20.png,2022-03-23,2022-04-20
MSFT,2022-04-21,D:\full-stack2\data\charts\MSFT\2022-04-21.png,2022-03-24,2022-04-21
MSFT,2022-04-22,D:\full-stack2\data\charts\MSFT\2022-04-22.png,2022-03-25,2022-04-22
MSFT,2022-04-25,D:\full-stack2\data\charts\MSFT\2022-04-25.png,2022-03-28,2022-04-25
MSFT,2022-04-26,D:\full-stack2\data\charts\MSFT\2022-04-26.png,2022-03-29,2022-04-26
MSFT,2022-04-27,D:\full-stack2\data\charts\MSFT\2022-04-27.png,2022-03-30,2022-04-27
MSFT,2022-04-28,D:\full-stack2\data\charts\MSFT\2022-04-28.png,2022-03-31,2022-04-28
MSFT,2022-04-29,D:\full-stack2\data\charts\MSFT\2022-04-29.png,2022-04-01,2022-04-29
MSFT,2022-05-02,D:\full-stack2\data\charts\MSFT\2022-05-02.png,2022-04-04,2022-05-02
MSFT,2022-05-03,D:\full-stack2\data\charts\MSFT\2022-05-03.png,2022-04-05,2022-05-03
MSFT,2022-05-04,D:\full-stack2\data\charts\MSFT\2022-05-04.png,2022-04-06,2022-05-04
MSFT,2022-05-05,D:\full-stack2\data\charts\MSFT\2022-05-05.png,2022-04-07,2022-05-05
MSFT,2022-05-06,D:\full-stack2\data\charts\MSFT\2022-05-06.png,2022-04-08,2022-05-06
MSFT,2022-05-09,D:\full-stack2\data\charts\MSFT\2022-05-09.png,2022-04-11,2022-05-09
MSFT,2022-05-10,D:\full-stack2\data\charts\MSFT\2022-05-10.png,2022-04-12,2022-05-10
MSFT,2022-05-11,D:\full-stack2\data\charts\MSFT\2022-05-11.png,2022-04-13,2022-05-11
MSFT,2022-05-12,D:\full-stack2\data\charts\MSFT\2022-05-12.png,2022-04-14,2022-05-12
MSFT,2022-05-13,D:\full-stack2\data\charts\MSFT\2022-05-13.png,2022-04-18,2022-05-13
MSFT,2022-05-16,D:\full-stack2\data\charts\MSFT\2022-05-16.png,2022-04-19,2022-05-16
MSFT,2022-05-17,D:\full-stack2\data\charts\MSFT\2022-05-17.png,2022-04-20,2022-05-17
MSFT,2022-05-18,D:\full-stack2\data\charts\MSFT\2022-05-18.png,2022-04-21,2022-05-18
MSFT,2022-05-19,D:\full-stack2\data\charts\MSFT\2022-05-19.png,2022-04-22,2022-05-19
MSFT,2022-05-20,D:\full-stack2\data\charts\MSFT\2022-05-20.png,2022-04-25,2022-05-20
MSFT,2022-05-23,D:\full-stack2\data\charts\MSFT\2022-05-23.png,2022-04-26,2022-05-23
MSFT,2022-05-24,D:\full-stack2\data\charts\MSFT\2022-05-24.png,2022-04-27,2022-05-24
MSFT,2022-05-25,D:\full-stack2\data\charts\MSFT\2022-05-25.png,2022-04-28,2022-05-25
MSFT,2022-05-26,D:\full-stack2\data\charts\MSFT\2022-05-26.png,2022-04-29,2022-05-26
MSFT,2022-05-27,D:\full-stack2\data\charts\MSFT\2022-05-27.png,2022-05-02,2022-05-27
MSFT,2022-05-31,D:\full-stack2\data\charts\MSFT\2022-05-31.png,2022-05-03,2022-05-31
MSFT,2022-06-01,D:\full-stack2\data\charts\MSFT\2022-06-01.png,2022-05-04,2022-06-01
MSFT,2022-06-02,D:\full-stack2\data\charts\MSFT\2022-06-02.png,2022-05-05,2022-06-02
MSFT,2022-06-03,D:\full-stack2\data\charts\MSFT\2022-06-03.png,2022-05-06,2022-06-03
MSFT,2022-06-06,D:\full-stack2\data\charts\MSFT\2022-06-06.png,2022-05-09,2022-06-06
MSFT,2022-06-07,D:\full-stack2\data\charts\MSFT\2022-06-07.png,2022-05-10,2022-06-07
MSFT,2022-06-08,D:\full-stack2\data\charts\MSFT\2022-06-08.png,2022-05-11,2022-06-08
MSFT,2022-06-09,D:\full-stack2\data\charts\MSFT\2022-06-09.png,2022-05-12,2022-06-09
MSFT,2022-06-10,D:\full-stack2\data\charts\MSFT\2022-06-10.png,2022-05-13,2022-06-10
MSFT,2022-06-13,D:\full-stack2\data\charts\MSFT\2022-06-13.png,2022-05-16,2022-06-13
MSFT,2022-06-14,D:\full-stack2\data\charts\MSFT\2022-06-14.png,2022-05-17,2022-06-14
MSFT,2022-06-15,D:\full-stack2\data\charts\MSFT\2022-06-15.png,2022-05-18,2022-06-15
MSFT,2022-06-16,D:\full-stack2\data\charts\MSFT\2022-06-16.png,2022-05-19,2022-06-16
MSFT,2022-06-17,D:\full-stack2\data\charts\MSFT\2022-06-17.png,2022-05-20,2022-06-17
MSFT,2022-06-21,D:\full-stack2\data\charts\MSFT\2022-06-21.png,2022-05-23,2022-06-21
MSFT,2022-06-22,D:\full-stack2\data\charts\MSFT\2022-06-22.png,2022-05-24,2022-06-22
MSFT,2022-06-23,D:\full-stack2\data\charts\MSFT\2022-06-23.png,2022-05-25,2022-06-23
MSFT,2022-06-24,D:\full-stack2\data\charts\MSFT\2022-06-24.png,2022-05-26,2022-06-24
MSFT,2022-06-27,D:\full-stack2\data\charts\MSFT\2022-06-27.png,2022-05-27,2022-06-27
MSFT,2022-06-28,D:\full-stack2\data\charts\MSFT\2022-06-28.png,2022-05-31,2022-06-28
MSFT,2022-06-29,D:\full-stack2\data\charts\MSFT\2022-06-29.png,2022-06-01,2022-06-29
MSFT,2022-06-30,D:\full-stack2\data\charts\MSFT\2022-06-30.png,2022-06-02,2022-06-30
MSFT,2022-07-01,D:\full-stack2\data\charts\MSFT\2022-07-01.png,2022-06-03,2022-07-01
MSFT,2022-07-05,D:\full-stack2\data\charts\MSFT\2022-07-05.png,2022-06-06,2022-07-05
MSFT,2022-07-06,D:\full-stack2\data\charts\MSFT\2022-07-06.png,2022-06-07,2022-07-06
MSFT,2022-07-07,D:\full-stack2\data\charts\MSFT\2022-07-07.png,2022-06-08,2022-07-07
MSFT,2022-07-08,D:\full-stack2\data\charts\MSFT\2022-07-08.png,2022-06-09,2022-07-08
MSFT,2022-07-11,D:\full-stack2\data\charts\MSFT\2022-07-11.png,2022-06-10,2022-07-11
MSFT,2022-07-12,D:\full-stack2\data\charts\MSFT\2022-07-12.png,2022-06-13,2022-07-12
MSFT,2022-07-13,D:\full-stack2\data\charts\MSFT\2022-07-13.png,2022-06-14,2022-07-13
MSFT,2022-07-14,D:\full-stack2\data\charts\MSFT\2022-07-14.png,2022-06-15,2022-07-14
MSFT,2022-07-15,D:\full-stack2\data\charts\MSFT\2022-07-15.png,2022-06-16,2022-07-15
MSFT,2022-07-18,D:\full-stack2\data\charts\MSFT\2022-07-18.png,2022-06-17,2022-07-18
MSFT,2022-07-19,D:\full-stack2\data\charts\MSFT\2022-07-19.png,2022-06-21,2022-07-19
MSFT,2022-07-20,D:\full-stack2\data\charts\MSFT\2022-07-20.png,2022-06-22,2022-07-20
MSFT,2022-07-21,D:\full-stack2\data\charts\MSFT\2022-07-21.png,2022-06-23,2022-07-21
MSFT,2022-07-22,D:\full-stack2\data\charts\MSFT\2022-07-22.png,2022-06-24,2022-07-22
MSFT,2022-07-25,D:\full-stack2\data\charts\MSFT\2022-07-25.png,2022-06-27,2022-07-25
MSFT,2022-07-26,D:\full-stack2\data\charts\MSFT\2022-07-26.png,2022-06-28,2022-07-26
MSFT,2022-07-27,D:\full-stack2\data\charts\MSFT\2022-07-27.png,2022-06-29,2022-07-27
MSFT,2022-07-28,D:\full-stack2\data\charts\MSFT\2022-07-28.png,2022-06-30,2022-07-28
MSFT,2022-07-29,D:\full-stack2\data\charts\MSFT\2022-07-29.png,2022-07-01,2022-07-29
MSFT,2022-08-01,D:\full-stack2\data\charts\MSFT\2022-08-01.png,2022-07-05,2022-08-01
MSFT,2022-08-02,D:\full-stack2\data\charts\MSFT\2022-08-02.png,2022-07-06,2022-08-02
MSFT,2022-08-03,D:\full-stack2\data\charts\MSFT\2022-08-03.png,2022-07-07,2022-08-03
MSFT,2022-08-04,D:\full-stack2\data\charts\MSFT\2022-08-04.png,2022-07-08,2022-08-04
MSFT,2022-08-05,D:\full-stack2\data\charts\MSFT\2022-08-05.png,2022-07-11,2022-08-05
MSFT,2022-08-08,D:\full-stack2\data\charts\MSFT\2022-08-08.png,2022-07-12,2022-08-08
MSFT,2022-08-09,D:\full-stack2\data\charts\MSFT\2022-08-09.png,2022-07-13,2022-08-09
MSFT,2022-08-10,D:\full-stack2\data\charts\MSFT\2022-08-10.png,2022-07-14,2022-08-10
MSFT,2022-08-11,D:\full-stack2\data\charts\MSFT\2022-08-11.png,2022-07-15,2022-08-11
MSFT,2022-08-12,D:\full-stack2\data\charts\MSFT\2022-08-12.png,2022-07-18,2022-08-12
MSFT,2022-08-15,D:\full-stack2\data\charts\MSFT\2022-08-15.png,2022-07-19,2022-08-15
MSFT,2022-08-16,D:\full-stack2\data\charts\MSFT\2022-08-16.png,2022-07-20,2022-08-16
MSFT,2022-08-17,D:\full-stack2\data\charts\MSFT\2022-08-17.png,2022-07-21,2022-08-17
MSFT,2022-08-18,D:\full-stack2\data\charts\MSFT\2022-08-18.png,2022-07-22,2022-08-18
MSFT,2022-08-19,D:\full-stack2\data\charts\MSFT\2022-08-19.png,2022-07-25,2022-08-19
MSFT,2022-08-22,D:\full-stack2\data\charts\MSFT\2022-08-22.png,2022-07-26,2022-08-22
MSFT,2022-08-23,D:\full-stack2\data\charts\MSFT\2022-08-23.png,2022-07-27,2022-08-23
MSFT,2022-08-24,D:\full-stack2\data\charts\MSFT\2022-08-24.png,2022-07-28,2022-08-24
MSFT,2022-08-25,D:\full-stack2\data\charts\MSFT\2022-08-25.png,2022-07-29,2022-08-25
MSFT,2022-08-26,D:\full-stack2\data\charts\MSFT\2022-08-26.png,2022-08-01,2022-08-26
MSFT,2022-08-29,D:\full-stack2\data\charts\MSFT\2022-08-29.png,2022-08-02,2022-08-29
MSFT,2022-08-30,D:\full-stack2\data\charts\MSFT\2022-08-30.png,2022-08-03,2022-08-30
MSFT,2022-08-31,D:\full-stack2\data\charts\MSFT\2022-08-31.png,2022-08-04,2022-08-31
MSFT,2022-09-01,D:\full-stack2\data\charts\MSFT\2022-09-01.png,2022-08-05,2022-09-01
MSFT,2022-09-02,D:\full-stack2\data\charts\MSFT\2022-09-02.png,2022-08-08,2022-09-02
MSFT,2022-09-06,D:\full-stack2\data\charts\MSFT\2022-09-06.png,2022-08-09,2022-09-06
MSFT,2022-09-07,D:\full-stack2\data\charts\MSFT\2022-09-07.png,2022-08-10,2022-09-07
MSFT,2022-09-08,D:\full-stack2\data\charts\MSFT\2022-09-08.png,2022-08-11,2022-09-08
MSFT,2022-09-09,D:\full-stack2\data\charts\MSFT\2022-09-09.png,2022-08-12,2022-09-09
MSFT,2022-09-12,D:\full-stack2\data\charts\MSFT\2022-09-12.png,2022-08-15,2022-09-12
MSFT,2022-09-13,D:\full-stack2\data\charts\MSFT\2022-09-13.png,2022-08-16,2022-09-13
MSFT,2022-09-14,D:\full-stack2\data\charts\MSFT\2022-09-14.png,2022-08-17,2022-09-14
MSFT,2022-09-15,D:\full-stack2\data\charts\MSFT\2022-09-15.png,2022-08-18,2022-09-15
MSFT,2022-09-16,D:\full-stack2\data\charts\MSFT\2022-09-16.png,2022-08-19,2022-09-16
MSFT,2022-09-19,D:\full-stack2\data\charts\MSFT\2022-09-19.png,2022-08-22,2022-09-19
MSFT,2022-09-20,D:\full-stack2\data\charts\MSFT\2022-09-20.png,2022-08-23,2022-09-20
MSFT,2022-09-21,D:\full-stack2\data\charts\MSFT\2022-09-21.png,2022-08-24,2022-09-21
MSFT,2022-09-22,D:\full-stack2\data\charts\MSFT\2022-09-22.png,2022-08-25,2022-09-22
MSFT,2022-09-23,D:\full-stack2\data\charts\MSFT\2022-09-23.png,2022-08-26,2022-09-23
MSFT,2022-09-26,D:\full-stack2\data\charts\MSFT\2022-09-26.png,2022-08-29,2022-09-26
MSFT,2022-09-27,D:\full-stack2\data\charts\MSFT\2022-09-27.png,2022-08-30,2022-09-27
MSFT,2022-09-28,D:\full-stack2\data\charts\MSFT\2022-09-28.png,2022-08-31,2022-09-28
MSFT,2022-09-29,D:\full-stack2\data\charts\MSFT\2022-09-29.png,2022-09-01,2022-09-29
MSFT,2022-09-30,D:\full-stack2\data\charts\MSFT\2022-09-30.png,2022-09-02,2022-09-30
MSFT,2022-10-03,D:\full-stack2\data\charts\MSFT\2022-10-03.png,2022-09-06,2022-10-03
MSFT,2022-10-04,D:\full-stack2\data\charts\MSFT\2022-10-04.png,2022-09-07,2022-10-04
MSFT,2022-10-05,D:\full-stack2\data\charts\MSFT\2022-10-05.png,2022-09-08,2022-10-05
MSFT,2022-10-06,D:\full-stack2\data\charts\MSFT\2022-10-06.png,2022-09-09,2022-10-06
MSFT,2022-10-07,D:\full-stack2\data\charts\MSFT\2022-10-07.png,2022-09-12,2022-10-07
MSFT,2022-10-10,D:\full-stack2\data\charts\MSFT\2022-10-10.png,2022-09-13,2022-10-10
MSFT,2022-10-11,D:\full-stack2\data\charts\MSFT\2022-10-11.png,2022-09-14,2022-10-11
MSFT,2022-10-12,D:\full-stack2\data\charts\MSFT\2022-10-12.png,2022-09-15,2022-10-12
MSFT,2022-10-13,D:\full-stack2\data\charts\MSFT\2022-10-13.png,2022-09-16,2022-10-13
MSFT,2022-10-14,D:\full-stack2\data\charts\MSFT\2022-10-14.png,2022-09-19,2022-10-14
MSFT,2022-10-17,D:\full-stack2\data\charts\MSFT\2022-10-17.png,2022-09-20,2022-10-17
MSFT,2022-10-18,D:\full-stack2\data\charts\MSFT\2022-10-18.png,2022-09-21,2022-10-18
MSFT,2022-10-19,D:\full-stack2\data\charts\MSFT\2022-10-19.png,2022-09-22,2022-10-19
MSFT,2022-10-20,D:\full-stack2\data\charts\MSFT\2022-10-20.png,2022-09-23,2022-10-20
MSFT,2022-10-21,D:\full-stack2\data\charts\MSFT\2022-10-21.png,2022-09-26,2022-10-21
MSFT,2022-10-24,D:\full-stack2\data\charts\MSFT\2022-10-24.png,2022-09-27,2022-10-24
MSFT,2022-10-25,D:\full-stack2\data\charts\MSFT\2022-10-25.png,2022-09-28,2022-10-25
MSFT,2022-10-26,D:\full-stack2\data\charts\MSFT\2022-10-26.png,2022-09-29,2022-10-26
MSFT,2022-10-27,D:\full-stack2\data\charts\MSFT\2022-10-27.png,2022-09-30,2022-10-27
MSFT,2022-10-28,D:\full-stack2\data\charts\MSFT\2022-10-28.png,2022-10-03,2022-10-28
MSFT,2022-10-31,D:\full-stack2\data\charts\MSFT\2022-10-31.png,2022-10-04,2022-10-31
MSFT,2022-11-01,D:\full-stack2\data\charts\MSFT\2022-11-01.png,2022-10-05,2022-11-01
MSFT,2022-11-02,D:\full-stack2\data\charts\MSFT\2022-11-02.png,2022-10-06,2022-11-02
MSFT,2022-11-03,D:\full-stack2\data\charts\MSFT\2022-11-03.png,2022-10-07,2022-11-03
MSFT,2022-11-04,D:\full-stack2\data\charts\MSFT\2022-11-04.png,2022-10-10,2022-11-04
MSFT,2022-11-07,D:\full-stack2\data\charts\MSFT\2022-11-07.png,2022-10-11,2022-11-07
MSFT,2022-11-08,D:\full-stack2\data\charts\MSFT\2022-11-08.png,2022-10-12,2022-11-08
MSFT,2022-11-09,D:\full-stack2\data\charts\MSFT\2022-11-09.png,2022-10-13,2022-11-09
MSFT,2022-11-10,D:\full-stack2\data\charts\MSFT\2022-11-10.png,2022-10-14,2022-11-10
MSFT,2022-11-11,D:\full-stack2\data\charts\MSFT\2022-11-11.png,2022-10-17,2022-11-11
MSFT,2022-11-14,D:\full-stack2\data\charts\MSFT\2022-11-14.png,2022-10-18,2022-11-14
MSFT,2022-11-15,D:\full-stack2\data\charts\MSFT\2022-11-15.png,2022-10-19,2022-11-15
MSFT,2022-11-16,D:\full-stack2\data\charts\MSFT\2022-11-16.png,2022-10-20,2022-11-16
MSFT,2022-11-17,D:\full-stack2\data\charts\MSFT\2022-11-17.png,2022-10-21,2022-11-17
MSFT,2022-11-18,D:\full-stack2\data\charts\MSFT\2022-11-18.png,2022-10-24,2022-11-18
MSFT,2022-11-21,D:\full-stack2\data\charts\MSFT\2022-11-21.png,2022-10-25,2022-11-21
MSFT,2022-11-22,D:\full-stack2\data\charts\MSFT\2022-11-22.png,2022-10-26,2022-11-22
MSFT,2022-11-23,D:\full-stack2\data\charts\MSFT\2022-11-23.png,2022-10-27,2022-11-23
MSFT,2022-11-25,D:\full-stack2\data\charts\MSFT\2022-11-25.png,2022-10-28,2022-11-25
MSFT,2022-11-28,D:\full-stack2\data\charts\MSFT\2022-11-28.png,2022-10-31,2022-11-28
MSFT,2022-11-29,D:\full-stack2\data\charts\MSFT\2022-11-29.png,2022-11-01,2022-11-29
MSFT,2022-11-30,D:\full-stack2\data\charts\MSFT\2022-11-30.png,2022-11-02,2022-11-30
MSFT,2022-12-01,D:\full-stack2\data\charts\MSFT\2022-12-01.png,2022-11-03,2022-12-01
MSFT,2022-12-02,D:\full-stack2\data\charts\MSFT\2022-12-02.png,2022-11-04,2022-12-02
MSFT,2022-12-05,D:\full-stack2\data\charts\MSFT\2022-12-05.png,2022-11-07,2022-12-05
MSFT,2022-12-06,D:\full-stack2\data\charts\MSFT\2022-12-06.png,2022-11-08,2022-12-06
MSFT,2022-12-07,D:\full-stack2\data\charts\MSFT\2022-12-07.png,2022-11-09,2022-12-07
MSFT,2022-12-08,D:\full-stack2\data\charts\MSFT\2022-12-08.png,2022-11-10,2022-12-08
MSFT,2022-12-09,D:\full-stack2\data\charts\MSFT\2022-12-09.png,2022-11-11,2022-12-09
MSFT,2022-12-12,D:\full-stack2\data\charts\MSFT\2022-12-12.png,2022-11-14,2022-12-12
MSFT,2022-12-13,D:\full-stack2\data\charts\MSFT\2022-12-13.png,2022-11-15,2022-12-13
MSFT,2022-12-14,D:\full-stack2\data\charts\MSFT\2022-12-14.png,2022-11-16,2022-12-14
MSFT,2022-12-15,D:\full-stack2\data\charts\MSFT\2022-12-15.png,2022-11-17,2022-12-15
MSFT,2022-12-16,D:\full-stack2\data\charts\MSFT\2022-12-16.png,2022-11-18,2022-12-16
MSFT,2022-12-19,D:\full-stack2\data\charts\MSFT\2022-12-19.png,2022-11-21,2022-12-19
MSFT,2022-12-20,D:\full-stack2\data\charts\MSFT\2022-12-20.png,2022-11-22,2022-12-20
MSFT,2022-12-21,D:\full-stack2\data\charts\MSFT\2022-12-21.png,2022-11-23,2022-12-21
MSFT,2022-12-22,D:\full-stack2\data\charts\MSFT\2022-12-22.png,2022-11-25,2022-12-22
MSFT,2022-12-23,D:\full-stack2\data\charts\MSFT\2022-12-23.png,2022-11-28,2022-12-23
MSFT,2022-12-27,D:\full-stack2\data\charts\MSFT\2022-12-27.png,2022-11-29,2022-12-27
MSFT,2022-12-28,D:\full-stack2\data\charts\MSFT\2022-12-28.png,2022-11-30,2022-12-28
MSFT,2022-12-29,D:\full-stack2\data\charts\MSFT\2022-12-29.png,2022-12-01,2022-12-29
MSFT,2022-12-30,D:\full-stack2\data\charts\MSFT\2022-12-30.png,2022-12-02,2022-12-30
MSFT,2023-01-03,D:\full-stack2\data\charts\MSFT\2023-01-03.png,2022-12-05,2023-01-03
MSFT,2023-01-04,D:\full-stack2\data\charts\MSFT\2023-01-04.png,2022-12-06,2023-01-04
MSFT,2023-01-05,D:\full-stack2\data\charts\MSFT\2023-01-05.png,2022-12-07,2023-01-05
MSFT,2023-01-06,D:\full-stack2\data\charts\MSFT\2023-01-06.png,2022-12-08,2023-01-06
MSFT,2023-01-09,D:\full-stack2\data\charts\MSFT\2023-01-09.png,2022-12-09,2023-01-09
MSFT,2023-01-10,D:\full-stack2\data\charts\MSFT\2023-01-10.png,2022-12-12,2023-01-10
MSFT,2023-01-11,D:\full-stack2\data\charts\MSFT\2023-01-11.png,2022-12-13,2023-01-11
MSFT,2023-01-12,D:\full-stack2\data\charts\MSFT\2023-01-12.png,2022-12-14,2023-01-12
MSFT,2023-01-13,D:\full-stack2\data\charts\MSFT\2023-01-13.png,2022-12-15,2023-01-13
MSFT,2023-01-17,D:\full-stack2\data\charts\MSFT\2023-01-17.png,2022-12-16,2023-01-17
MSFT,2023-01-18,D:\full-stack2\data\charts\MSFT\2023-01-18.png,2022-12-19,2023-01-18
MSFT,2023-01-19,D:\full-stack2\data\charts\MSFT\2023-01-19.png,2022-12-20,2023-01-19
MSFT,2023-01-20,D:\full-stack2\data\charts\MSFT\2023-01-20.png,2022-12-21,2023-01-20
MSFT,2023-01-23,D:\full-stack2\data\charts\MSFT\2023-01-23.png,2022-12-22,2023-01-23
MSFT,2023-01-24,D:\full-stack2\data\charts\MSFT\2023-01-24.png,2022-12-23,2023-01-24
MSFT,2023-01-25,D:\full-stack2\data\charts\MSFT\2023-01-25.png,2022-12-27,2023-01-25
MSFT,2023-01-26,D:\full-stack2\data\charts\MSFT\2023-01-26.png,2022-12-28,2023-01-26
MSFT,2023-01-27,D:\full-stack2\data\charts\MSFT\2023-01-27.png,2022-12-29,2023-01-27
MSFT,2023-01-30,D:\full-stack2\data\charts\MSFT\2023-01-30.png,2022-12-30,2023-01-30
MSFT,2023-01-31,D:\full-stack2\data\charts\MSFT\2023-01-31.png,2023-01-03,2023-01-31
MSFT,2023-02-01,D:\full-stack2\data\charts\MSFT\2023-02-01.png,2023-01-04,2023-02-01
MSFT,2023-02-02,D:\full-stack2\data\charts\MSFT\2023-02-02.png,2023-01-05,2023-02-02
MSFT,2023-02-03,D:\full-stack2\data\charts\MSFT\2023-02-03.png,2023-01-06,2023-02-03
MSFT,2023-02-06,D:\full-stack2\data\charts\MSFT\2023-02-06.png,2023-01-09,2023-02-06
MSFT,2023-02-07,D:\full-stack2\data\charts\MSFT\2023-02-07.png,2023-01-10,2023-02-07
MSFT,2023-02-08,D:\full-stack2\data\charts\MSFT\2023-02-08.png,2023-01-11,2023-02-08
MSFT,2023-02-09,D:\full-stack2\data\charts\MSFT\2023-02-09.png,2023-01-12,2023-02-09
MSFT,2023-02-10,D:\full-stack2\data\charts\MSFT\2023-02-10.png,2023-01-13,2023-02-10
MSFT,2023-02-13,D:\full-stack2\data\charts\MSFT\2023-02-13.png,2023-01-17,2023-02-13
MSFT,2023-02-14,D:\full-stack2\data\charts\MSFT\2023-02-14.png,2023-01-18,2023-02-14
MSFT,2023-02-15,D:\full-stack2\data\charts\MSFT\2023-02-15.png,2023-01-19,2023-02-15
MSFT,2023-02-16,D:\full-stack2\data\charts\MSFT\2023-02-16.png,2023-01-20,2023-02-16
MSFT,2023-02-17,D:\full-stack2\data\charts\MSFT\2023-02-17.png,2023-01-23,2023-02-17
MSFT,2023-02-21,D:\full-stack2\data\charts\MSFT\2023-02-21.png,2023-01-24,2023-02-21
MSFT,2023-02-22,D:\full-stack2\data\charts\MSFT\2023-02-22.png,2023-01-25,2023-02-22
MSFT,2023-02-23,D:\full-stack2\data\charts\MSFT\2023-02-23.png,2023-01-26,2023-02-23
MSFT,2023-02-24,D:\full-stack2\data\charts\MSFT\2023-02-24.png,2023-01-27,2023-02-24
MSFT,2023-02-27,D:\full-stack2\data\charts\MSFT\2023-02-27.png,2023-01-30,2023-02-27
MSFT,2023-02-28,D:\full-stack2\data\charts\MSFT\2023-02-28.png,2023-01-31,2023-02-28
MSFT,2023-03-01,D:\full-stack2\data\charts\MSFT\2023-03-01.png,2023-02-01,2023-03-01
MSFT,2023-03-02,D:\full-stack2\data\charts\MSFT\2023-03-02.png,2023-02-02,2023-03-02
MSFT,2023-03-03,D:\full-stack2\data\charts\MSFT\2023-03-03.png,2023-02-03,2023-03-03
MSFT,2023-03-06,D:\full-stack2\data\charts\MSFT\2023-03-06.png,2023-02-06,2023-03-06
MSFT,2023-03-07,D:\full-stack2\data\charts\MSFT\2023-03-07.png,2023-02-07,2023-03-07
MSFT,2023-03-08,D:\full-stack2\data\charts\MSFT\2023-03-08.png,2023-02-08,2023-03-08
MSFT,2023-03-09,D:\full-stack2\data\charts\MSFT\2023-03-09.png,2023-02-09,2023-03-09
MSFT,2023-03-10,D:\full-stack2\data\charts\MSFT\2023-03-10.png,2023-02-10,2023-03-10
MSFT,2023-03-13,D:\full-stack2\data\charts\MSFT\2023-03-13.png,2023-02-13,2023-03-13
MSFT,2023-03-14,D:\full-stack2\data\charts\MSFT\2023-03-14.png,2023-02-14,2023-03-14
MSFT,2023-03-15,D:\full-stack2\data\charts\MSFT\2023-03-15.png,2023-02-15,2023-03-15
MSFT,2023-03-16,D:\full-stack2\data\charts\MSFT\2023-03-16.png,2023-02-16,2023-03-16
MSFT,2023-03-17,D:\full-stack2\data\charts\MSFT\2023-03-17.png,2023-02-17,2023-03-17
MSFT,2023-03-20,D:\full-stack2\data\charts\MSFT\2023-03-20.png,2023-02-21,2023-03-20
MSFT,2023-03-21,D:\full-stack2\data\charts\MSFT\2023-03-21.png,2023-02-22,2023-03-21
MSFT,2023-03-22,D:\full-stack2\data\charts\MSFT\2023-03-22.png,2023-02-23,2023-03-22
MSFT,2023-03-23,D:\full-stack2\data\charts\MSFT\2023-03-23.png,2023-02-24,2023-03-23
MSFT,2023-03-24,D:\full-stack2\data\charts\MSFT\2023-03-24.png,2023-02-27,2023-03-24
MSFT,2023-03-27,D:\full-stack2\data\charts\MSFT\2023-03-27.png,2023-02-28,2023-03-27
MSFT,2023-03-28,D:\full-stack2\data\charts\MSFT\2023-03-28.png,2023-03-01,2023-03-28
MSFT,2023-03-29,D:\full-stack2\data\charts\MSFT\2023-03-29.png,2023-03-02,2023-03-29
MSFT,2023-03-30,D:\full-stack2\data\charts\MSFT\2023-03-30.png,2023-03-03,2023-03-30
MSFT,2023-03-31,D:\full-stack2\data\charts\MSFT\2023-03-31.png,2023-03-06,2023-03-31
MSFT,2023-04-03,D:\full-stack2\data\charts\MSFT\2023-04-03.png,2023-03-07,2023-04-03
MSFT,2023-04-04,D:\full-stack2\data\charts\MSFT\2023-04-04.png,2023-03-08,2023-04-04
MSFT,2023-04-05,D:\full-stack2\data\charts\MSFT\2023-04-05.png,2023-03-09,2023-04-05
MSFT,2023-04-06,D:\full-stack2\data\charts\MSFT\2023-04-06.png,2023-03-10,2023-04-06
MSFT,2023-04-10,D:\full-stack2\data\charts\MSFT\2023-04-10.png,2023-03-13,2023-04-10
MSFT,2023-04-11,D:\full-stack2\data\charts\MSFT\2023-04-11.png,2023-03-14,2023-04-11
MSFT,2023-04-12,D:\full-stack2\data\charts\MSFT\2023-04-12.png,2023-03-15,2023-04-12
MSFT,2023-04-13,D:\full-stack2\data\charts\MSFT\2023-04-13.png,2023-03-16,2023-04-13
MSFT,2023-04-14,D:\full-stack2\data\charts\MSFT\2023-04-14.png,2023-03-17,2023-04-14
MSFT,2023-04-17,D:\full-stack2\data\charts\MSFT\2023-04-17.png,2023-03-20,2023-04-17
MSFT,2023-04-18,D:\full-stack2\data\charts\MSFT\2023-04-18.png,2023-03-21,2023-04-18
MSFT,2023-04-19,D:\full-stack2\data\charts\MSFT\2023-04-19.png,2023-03-22,2023-04-19
MSFT,2023-04-20,D:\full-stack2\data\charts\MSFT\2023-04-20.png,2023-03-23,2023-04-20
MSFT,2023-04-21,D:\full-stack2\data\charts\MSFT\2023-04-21.png,2023-03-24,2023-04-21
MSFT,2023-04-24,D:\full-stack2\data\charts\MSFT\2023-04-24.png,2023-03-27,2023-04-24
MSFT,2023-04-25,D:\full-stack2\data\charts\MSFT\2023-04-25.png,2023-03-28,2023-04-25
MSFT,2023-04-26,D:\full-stack2\data\charts\MSFT\2023-04-26.png,2023-03-29,2023-04-26
MSFT,2023-04-27,D:\full-stack2\data\charts\MSFT\2023-04-27.png,2023-03-30,2023-04-27
MSFT,2023-04-28,D:\full-stack2\data\charts\MSFT\2023-04-28.png,2023-03-31,2023-04-28
MSFT,2023-05-01,D:\full-stack2\data\charts\MSFT\2023-05-01.png,2023-04-03,2023-05-01
MSFT,2023-05-02,D:\full-stack2\data\charts\MSFT\2023-05-02.png,2023-04-04,2023-05-02
MSFT,2023-05-03,D:\full-stack2\data\charts\MSFT\2023-05-03.png,2023-04-05,2023-05-03
MSFT,2023-05-04,D:\full-stack2\data\charts\MSFT\2023-05-04.png,2023-04-06,2023-05-04
MSFT,2023-05-05,D:\full-stack2\data\charts\MSFT\2023-05-05.png,2023-04-10,2023-05-05
MSFT,2023-05-08,D:\full-stack2\data\charts\MSFT\2023-05-08.png,2023-04-11,2023-05-08
MSFT,2023-05-09,D:\full-stack2\data\charts\MSFT\2023-05-09.png,2023-04-12,2023-05-09
MSFT,2023-05-10,D:\full-stack2\data\charts\MSFT\2023-05-10.png,2023-04-13,2023-05-10
MSFT,2023-05-11,D:\full-stack2\data\charts\MSFT\2023-05-11.png,2023-04-14,2023-05-11
MSFT,2023-05-12,D:\full-stack2\data\charts\MSFT\2023-05-12.png,2023-04-17,2023-05-12
MSFT,2023-05-15,D:\full-stack2\data\charts\MSFT\2023-05-15.png,2023-04-18,2023-05-15
MSFT,2023-05-16,D:\full-stack2\data\charts\MSFT\2023-05-16.png,2023-04-19,2023-05-16
MSFT,2023-05-17,D:\full-stack2\data\charts\MSFT\2023-05-17.png,2023-04-20,2023-05-17
MSFT,2023-05-18,D:\full-stack2\data\charts\MSFT\2023-05-18.png,2023-04-21,2023-05-18
MSFT,2023-05-19,D:\full-stack2\data\charts\MSFT\2023-05-19.png,2023-04-24,2023-05-19
MSFT,2023-05-22,D:\full-stack2\data\charts\MSFT\2023-05-22.png,2023-04-25,2023-05-22
MSFT,2023-05-23,D:\full-stack2\data\charts\MSFT\2023-05-23.png,2023-04-26,2023-05-23
MSFT,2023-05-24,D:\full-stack2\data\charts\MSFT\2023-05-24.png,2023-04-27,2023-05-24
MSFT,2023-05-25,D:\full-stack2\data\charts\MSFT\2023-05-25.png,2023-04-28,2023-05-25
MSFT,2023-05-26,D:\full-stack2\data\charts\MSFT\2023-05-26.png,2023-05-01,2023-05-26
MSFT,2023-05-30,D:\full-stack2\data\charts\MSFT\2023-05-30.png,2023-05-02,2023-05-30
MSFT,2023-05-31,D:\full-stack2\data\charts\MSFT\2023-05-31.png,2023-05-03,2023-05-31
MSFT,2023-06-01,D:\full-stack2\data\charts\MSFT\2023-06-01.png,2023-05-04,2023-06-01
MSFT,2023-06-02,D:\full-stack2\data\charts\MSFT\2023-06-02.png,2023-05-05,2023-06-02
MSFT,2023-06-05,D:\full-stack2\data\charts\MSFT\2023-06-05.png,2023-05-08,2023-06-05
MSFT,2023-06-06,D:\full-stack2\data\charts\MSFT\2023-06-06.png,2023-05-09,2023-06-06
MSFT,2023-06-07,D:\full-stack2\data\charts\MSFT\2023-06-07.png,2023-05-10,2023-06-07
MSFT,2023-06-08,D:\full-stack2\data\charts\MSFT\2023-06-08.png,2023-05-11,2023-06-08
MSFT,2023-06-09,D:\full-stack2\data\charts\MSFT\2023-06-09.png,2023-05-12,2023-06-09
MSFT,2023-06-12,D:\full-stack2\data\charts\MSFT\2023-06-12.png,2023-05-15,2023-06-12
MSFT,2023-06-13,D:\full-stack2\data\charts\MSFT\2023-06-13.png,2023-05-16,2023-06-13
MSFT,2023-06-14,D:\full-stack2\data\charts\MSFT\2023-06-14.png,2023-05-17,2023-06-14
MSFT,2023-06-15,D:\full-stack2\data\charts\MSFT\2023-06-15.png,2023-05-18,2023-06-15
MSFT,2023-06-16,D:\full-stack2\data\charts\MSFT\2023-06-16.png,2023-05-19,2023-06-16
MSFT,2023-06-20,D:\full-stack2\data\charts\MSFT\2023-06-20.png,2023-05-22,2023-06-20
MSFT,2023-06-21,D:\full-stack2\data\charts\MSFT\2023-06-21.png,2023-05-23,2023-06-21
MSFT,2023-06-22,D:\full-stack2\data\charts\MSFT\2023-06-22.png,2023-05-24,2023-06-22
MSFT,2023-06-23,D:\full-stack2\data\charts\MSFT\2023-06-23.png,2023-05-25,2023-06-23
MSFT,2023-06-26,D:\full-stack2\data\charts\MSFT\2023-06-26.png,2023-05-26,2023-06-26
MSFT,2023-06-27,D:\full-stack2\data\charts\MSFT\2023-06-27.png,2023-05-30,2023-06-27
MSFT,2023-06-28,D:\full-stack2\data\charts\MSFT\2023-06-28.png,2023-05-31,2023-06-28
MSFT,2023-06-29,D:\full-stack2\data\charts\MSFT\2023-06-29.png,2023-06-01,2023-06-29
MSFT,2023-06-30,D:\full-stack2\data\charts\MSFT\2023-06-30.png,2023-06-02,2023-06-30
MSFT,2023-07-03,D:\full-stack2\data\charts\MSFT\2023-07-03.png,2023-06-05,2023-07-03
MSFT,2023-07-05,D:\full-stack2\data\charts\MSFT\2023-07-05.png,2023-06-06,2023-07-05
MSFT,2023-07-06,D:\full-stack2\data\charts\MSFT\2023-07-06.png,2023-06-07,2023-07-06
MSFT,2023-07-07,D:\full-stack2\data\charts\MSFT\2023-07-07.png,2023-06-08,2023-07-07
MSFT,2023-07-10,D:\full-stack2\data\charts\MSFT\2023-07-10.png,2023-06-09,2023-07-10
MSFT,2023-07-11,D:\full-stack2\data\charts\MSFT\2023-07-11.png,2023-06-12,2023-07-11
MSFT,2023-07-12,D:\full-stack2\data\charts\MSFT\2023-07-12.png,2023-06-13,2023-07-12
MSFT,2023-07-13,D:\full-stack2\data\charts\MSFT\2023-07-13.png,2023-06-14,2023-07-13
MSFT,2023-07-14,D:\full-stack2\data\charts\MSFT\2023-07-14.png,2023-06-15,2023-07-14
MSFT,2023-07-17,D:\full-stack2\data\charts\MSFT\2023-07-17.png,2023-06-16,2023-07-17
MSFT,2023-07-18,D:\full-stack2\data\charts\MSFT\2023-07-18.png,2023-06-20,2023-07-18
MSFT,2023-07-19,D:\full-stack2\data\charts\MSFT\2023-07-19.png,2023-06-21,2023-07-19
MSFT,2023-07-20,D:\full-stack2\data\charts\MSFT\2023-07-20.png,2023-06-22,2023-07-20
MSFT,2023-07-21,D:\full-stack2\data\charts\MSFT\2023-07-21.png,2023-06-23,2023-07-21
MSFT,2023-07-24,D:\full-stack2\data\charts\MSFT\2023-07-24.png,2023-06-26,2023-07-24
MSFT,2023-07-25,D:\full-stack2\data\charts\MSFT\2023-07-25.png,2023-06-27,2023-07-25
MSFT,2023-07-26,D:\full-stack2\data\charts\MSFT\2023-07-26.png,2023-06-28,2023-07-26
MSFT,2023-07-27,D:\full-stack2\data\charts\MSFT\2023-07-27.png,2023-06-29,2023-07-27
MSFT,2023-07-28,D:\full-stack2\data\charts\MSFT\2023-07-28.png,2023-06-30,2023-07-28
MSFT,2023-07-31,D:\full-stack2\data\charts\MSFT\2023-07-31.png,2023-07-03,2023-07-31
MSFT,2023-08-01,D:\full-stack2\data\charts\MSFT\2023-08-01.png,2023-07-05,2023-08-01
MSFT,2023-08-02,D:\full-stack2\data\charts\MSFT\2023-08-02.png,2023-07-06,2023-08-02
MSFT,2023-08-03,D:\full-stack2\data\charts\MSFT\2023-08-03.png,2023-07-07,2023-08-03
MSFT,2023-08-04,D:\full-stack2\data\charts\MSFT\2023-08-04.png,2023-07-10,2023-08-04
MSFT,2023-08-07,D:\full-stack2\data\charts\MSFT\2023-08-07.png,2023-07-11,2023-08-07
MSFT,2023-08-08,D:\full-stack2\data\charts\MSFT\2023-08-08.png,2023-07-12,2023-08-08
MSFT,2023-08-09,D:\full-stack2\data\charts\MSFT\2023-08-09.png,2023-07-13,2023-08-09
MSFT,2023-08-10,D:\full-stack2\data\charts\MSFT\2023-08-10.png,2023-07-14,2023-08-10
MSFT,2023-08-11,D:\full-stack2\data\charts\MSFT\2023-08-11.png,2023-07-17,2023-08-11
MSFT,2023-08-14,D:\full-stack2\data\charts\MSFT\2023-08-14.png,2023-07-18,2023-08-14
MSFT,2023-08-15,D:\full-stack2\data\charts\MSFT\2023-08-15.png,2023-07-19,2023-08-15
MSFT,2023-08-16,D:\full-stack2\data\charts\MSFT\2023-08-16.png,2023-07-20,2023-08-16
MSFT,2023-08-17,D:\full-stack2\data\charts\MSFT\2023-08-17.png,2023-07-21,2023-08-17
MSFT,2023-08-18,D:\full-stack2\data\charts\MSFT\2023-08-18.png,2023-07-24,2023-08-18
MSFT,2023-08-21,D:\full-stack2\data\charts\MSFT\2023-08-21.png,2023-07-25,2023-08-21
MSFT,2023-08-22,D:\full-stack2\data\charts\MSFT\2023-08-22.png,2023-07-26,2023-08-22
MSFT,2023-08-23,D:\full-stack2\data\charts\MSFT\2023-08-23.png,2023-07-27,2023-08-23
MSFT,2023-08-24,D:\full-stack2\data\charts\MSFT\2023-08-24.png,2023-07-28,2023-08-24
MSFT,2023-08-25,D:\full-stack2\data\charts\MSFT\2023-08-25.png,2023-07-31,2023-08-25
MSFT,2023-08-28,D:\full-stack2\data\charts\MSFT\2023-08-28.png,2023-08-01,2023-08-28
MSFT,2023-08-29,D:\full-stack2\data\charts\MSFT\2023-08-29.png,2023-08-02,2023-08-29
MSFT,2023-08-30,D:\full-stack2\data\charts\MSFT\2023-08-30.png,2023-08-03,2023-08-30
MSFT,2023-08-31,D:\full-stack2\data\charts\MSFT\2023-08-31.png,2023-08-04,2023-08-31
MSFT,2023-09-01,D:\full-stack2\data\charts\MSFT\2023-09-01.png,2023-08-07,2023-09-01
MSFT,2023-09-05,D:\full-stack2\data\charts\MSFT\2023-09-05.png,2023-08-08,2023-09-05
MSFT,2023-09-06,D:\full-stack2\data\charts\MSFT\2023-09-06.png,2023-08-09,2023-09-06
MSFT,2023-09-07,D:\full-stack2\data\charts\MSFT\2023-09-07.png,2023-08-10,2023-09-07
MSFT,2023-09-08,D:\full-stack2\data\charts\MSFT\2023-09-08.png,2023-08-11,2023-09-08
MSFT,2023-09-11,D:\full-stack2\data\charts\MSFT\2023-09-11.png,2023-08-14,2023-09-11
MSFT,2023-09-12,D:\full-stack2\data\charts\MSFT\2023-09-12.png,2023-08-15,2023-09-12
MSFT,2023-09-13,D:\full-stack2\data\charts\MSFT\2023-09-13.png,2023-08-16,2023-09-13
MSFT,2023-09-14,D:\full-stack2\data\charts\MSFT\2023-09-14.png,2023-08-17,2023-09-14
MSFT,2023-09-15,D:\full-stack2\data\charts\MSFT\2023-09-15.png,2023-08-18,2023-09-15
MSFT,2023-09-18,D:\full-stack2\data\charts\MSFT\2023-09-18.png,2023-08-21,2023-09-18
MSFT,2023-09-19,D:\full-stack2\data\charts\MSFT\2023-09-19.png,2023-08-22,2023-09-19
MSFT,2023-09-20,D:\full-stack2\data\charts\MSFT\2023-09-20.png,2023-08-23,2023-09-20
MSFT,2023-09-21,D:\full-stack2\data\charts\MSFT\2023-09-21.png,2023-08-24,2023-09-21
MSFT,2023-09-22,D:\full-stack2\data\charts\MSFT\2023-09-22.png,2023-08-25,2023-09-22
MSFT,2023-09-25,D:\full-stack2\data\charts\MSFT\2023-09-25.png,2023-08-28,2023-09-25
MSFT,2023-09-26,D:\full-stack2\data\charts\MSFT\2023-09-26.png,2023-08-29,2023-09-26
MSFT,2023-09-27,D:\full-stack2\data\charts\MSFT\2023-09-27.png,2023-08-30,2023-09-27
MSFT,2023-09-28,D:\full-stack2\data\charts\MSFT\2023-09-28.png,2023-08-31,2023-09-28
MSFT,2023-09-29,D:\full-stack2\data\charts\MSFT\2023-09-29.png,2023-09-01,2023-09-29
MSFT,2023-10-02,D:\full-stack2\data\charts\MSFT\2023-10-02.png,2023-09-05,2023-10-02
MSFT,2023-10-03,D:\full-stack2\data\charts\MSFT\2023-10-03.png,2023-09-06,2023-10-03
MSFT,2023-10-04,D:\full-stack2\data\charts\MSFT\2023-10-04.png,2023-09-07,2023-10-04
MSFT,2023-10-05,D:\full-stack2\data\charts\MSFT\2023-10-05.png,2023-09-08,2023-10-05
MSFT,2023-10-06,D:\full-stack2\data\charts\MSFT\2023-10-06.png,2023-09-11,2023-10-06
MSFT,2023-10-09,D:\full-stack2\data\charts\MSFT\2023-10-09.png,2023-09-12,2023-10-09
MSFT,2023-10-10,D:\full-stack2\data\charts\MSFT\2023-10-10.png,2023-09-13,2023-10-10
MSFT,2023-10-11,D:\full-stack2\data\charts\MSFT\2023-10-11.png,2023-09-14,2023-10-11
MSFT,2023-10-12,D:\full-stack2\data\charts\MSFT\2023-10-12.png,2023-09-15,2023-10-12
MSFT,2023-10-13,D:\full-stack2\data\charts\MSFT\2023-10-13.png,2023-09-18,2023-10-13
MSFT,2023-10-16,D:\full-stack2\data\charts\MSFT\2023-10-16.png,2023-09-19,2023-10-16
MSFT,2023-10-17,D:\full-stack2\data\charts\MSFT\2023-10-17.png,2023-09-20,2023-10-17
MSFT,2023-10-18,D:\full-stack2\data\charts\MSFT\2023-10-18.png,2023-09-21,2023-10-18
MSFT,2023-10-19,D:\full-stack2\data\charts\MSFT\2023-10-19.png,2023-09-22,2023-10-19
MSFT,2023-10-20,D:\full-stack2\data\charts\MSFT\2023-10-20.png,2023-09-25,2023-10-20
MSFT,2023-10-23,D:\full-stack2\data\charts\MSFT\2023-10-23.png,2023-09-26,2023-10-23
MSFT,2023-10-24,D:\full-stack2\data\charts\MSFT\2023-10-24.png,2023-09-27,2023-10-24
MSFT,2023-10-25,D:\full-stack2\data\charts\MSFT\2023-10-25.png,2023-09-28,2023-10-25
MSFT,2023-10-26,D:\full-stack2\data\charts\MSFT\2023-10-26.png,2023-09-29,2023-10-26
MSFT,2023-10-27,D:\full-stack2\data\charts\MSFT\2023-10-27.png,2023-10-02,2023-10-27
MSFT,2023-10-30,D:\full-stack2\data\charts\MSFT\2023-10-30.png,2023-10-03,2023-10-30
MSFT,2023-10-31,D:\full-stack2\data\charts\MSFT\2023-10-31.png,2023-10-04,2023-10-31
MSFT,2023-11-01,D:\full-stack2\data\charts\MSFT\2023-11-01.png,2023-10-05,2023-11-01
MSFT,2023-11-02,D:\full-stack2\data\charts\MSFT\2023-11-02.png,2023-10-06,2023-11-02
MSFT,2023-11-03,D:\full-stack2\data\charts\MSFT\2023-11-03.png,2023-10-09,2023-11-03
MSFT,2023-11-06,D:\full-stack2\data\charts\MSFT\2023-11-06.png,2023-10-10,2023-11-06
MSFT,2023-11-07,D:\full-stack2\data\charts\MSFT\2023-11-07.png,2023-10-11,2023-11-07
MSFT,2023-11-08,D:\full-stack2\data\charts\MSFT\2023-11-08.png,2023-10-12,2023-11-08
MSFT,2023-11-09,D:\full-stack2\data\charts\MSFT\2023-11-09.png,2023-10-13,2023-11-09
MSFT,2023-11-10,D:\full-stack2\data\charts\MSFT\2023-11-10.png,2023-10-16,2023-11-10
MSFT,2023-11-13,D:\full-stack2\data\charts\MSFT\2023-11-13.png,2023-10-17,2023-11-13
MSFT,2023-11-14,D:\full-stack2\data\charts\MSFT\2023-11-14.png,2023-10-18,2023-11-14
MSFT,2023-11-15,D:\full-stack2\data\charts\MSFT\2023-11-15.png,2023-10-19,2023-11-15
MSFT,2023-11-16,D:\full-stack2\data\charts\MSFT\2023-11-16.png,2023-10-20,2023-11-16
MSFT,2023-11-17,D:\full-stack2\data\charts\MSFT\2023-11-17.png,2023-10-23,2023-11-17
MSFT,2023-11-20,D:\full-stack2\data\charts\MSFT\2023-11-20.png,2023-10-24,2023-11-20
MSFT,2023-11-21,D:\full-stack2\data\charts\MSFT\2023-11-21.png,2023-10-25,2023-11-21
MSFT,2023-11-22,D:\full-stack2\data\charts\MSFT\2023-11-22.png,2023-10-26,2023-11-22
MSFT,2023-11-24,D:\full-stack2\data\charts\MSFT\2023-11-24.png,2023-10-27,2023-11-24
MSFT,2023-11-27,D:\full-stack2\data\charts\MSFT\2023-11-27.png,2023-10-30,2023-11-27
MSFT,2023-11-28,D:\full-stack2\data\charts\MSFT\2023-11-28.png,2023-10-31,2023-11-28
MSFT,2023-11-29,D:\full-stack2\data\charts\MSFT\2023-11-29.png,2023-11-01,2023-11-29
MSFT,2023-11-30,D:\full-stack2\data\charts\MSFT\2023-11-30.png,2023-11-02,2023-11-30
MSFT,2023-12-01,D:\full-stack2\data\charts\MSFT\2023-12-01.png,2023-11-03,2023-12-01
MSFT,2023-12-04,D:\full-stack2\data\charts\MSFT\2023-12-04.png,2023-11-06,2023-12-04
MSFT,2023-12-05,D:\full-stack2\data\charts\MSFT\2023-12-05.png,2023-11-07,2023-12-05
MSFT,2023-12-06,D:\full-stack2\data\charts\MSFT\2023-12-06.png,2023-11-08,2023-12-06
MSFT,2023-12-07,D:\full-stack2\data\charts\MSFT\2023-12-07.png,2023-11-09,2023-12-07
MSFT,2023-12-08,D:\full-stack2\data\charts\MSFT\2023-12-08.png,2023-11-10,2023-12-08
MSFT,2023-12-11,D:\full-stack2\data\charts\MSFT\2023-12-11.png,2023-11-13,2023-12-11
MSFT,2023-12-12,D:\full-stack2\data\charts\MSFT\2023-12-12.png,2023-11-14,2023-12-12
MSFT,2023-12-13,D:\full-stack2\data\charts\MSFT\2023-12-13.png,2023-11-15,2023-12-13
MSFT,2023-12-14,D:\full-stack2\data\charts\MSFT\2023-12-14.png,2023-11-16,2023-12-14
MSFT,2023-12-15,D:\full-stack2\data\charts\MSFT\2023-12-15.png,2023-11-17,2023-12-15
MSFT,2023-12-18,D:\full-stack2\data\charts\MSFT\2023-12-18.png,2023-11-20,2023-12-18
MSFT,2023-12-19,D:\full-stack2\data\charts\MSFT\2023-12-19.png,2023-11-21,2023-12-19
MSFT,2023-12-20,D:\full-stack2\data\charts\MSFT\2023-12-20.png,2023-11-22,2023-12-20
MSFT,2023-12-21,D:\full-stack2\data\charts\MSFT\2023-12-21.png,2023-11-24,2023-12-21
MSFT,2023-12-22,D:\full-stack2\data\charts\MSFT\2023-12-22.png,2023-11-27,2023-12-22
MSFT,2023-12-26,D:\full-stack2\data\charts\MSFT\2023-12-26.png,2023-11-28,2023-12-26
MSFT,2023-12-27,D:\full-stack2\data\charts\MSFT\2023-12-27.png,2023-11-29,2023-12-27
MSFT,2023-12-28,D:\full-stack2\data\charts\MSFT\2023-12-28.png,2023-11-30,2023-12-28
MSFT,2023-12-29,D:\full-stack2\data\charts\MSFT\2023-12-29.png,2023-12-01,2023-12-29
MSFT,2024-01-02,D:\full-stack2\data\charts\MSFT\2024-01-02.png,2023-12-04,2024-01-02
MSFT,2024-01-03,D:\full-stack2\data\charts\MSFT\2024-01-03.png,2023-12-05,2024-01-03
MSFT,2024-01-04,D:\full-stack2\data\charts\MSFT\2024-01-04.png,2023-12-06,2024-01-04
MSFT,2024-01-05,D:\full-stack2\data\charts\MSFT\2024-01-05.png,2023-12-07,2024-01-05
MSFT,2024-01-08,D:\full-stack2\data\charts\MSFT\2024-01-08.png,2023-12-08,2024-01-08
MSFT,2024-01-09,D:\full-stack2\data\charts\MSFT\2024-01-09.png,2023-12-11,2024-01-09
MSFT,2024-01-10,D:\full-stack2\data\charts\MSFT\2024-01-10.png,2023-12-12,2024-01-10
MSFT,2024-01-11,D:\full-stack2\data\charts\MSFT\2024-01-11.png,2023-12-13,2024-01-11
MSFT,2024-01-12,D:\full-stack2\data\charts\MSFT\2024-01-12.png,2023-12-14,2024-01-12
MSFT,2024-01-16,D:\full-stack2\data\charts\MSFT\2024-01-16.png,2023-12-15,2024-01-16
MSFT,2024-01-17,D:\full-stack2\data\charts\MSFT\2024-01-17.png,2023-12-18,2024-01-17
MSFT,2024-01-18,D:\full-stack2\data\charts\MSFT\2024-01-18.png,2023-12-19,2024-01-18
MSFT,2024-01-19,D:\full-stack2\data\charts\MSFT\2024-01-19.png,2023-12-20,2024-01-19
MSFT,2024-01-22,D:\full-stack2\data\charts\MSFT\2024-01-22.png,2023-12-21,2024-01-22
MSFT,2024-01-23,D:\full-stack2\data\charts\MSFT\2024-01-23.png,2023-12-22,2024-01-23
MSFT,2024-01-24,D:\full-stack2\data\charts\MSFT\2024-01-24.png,2023-12-26,2024-01-24
MSFT,2024-01-25,D:\full-stack2\data\charts\MSFT\2024-01-25.png,2023-12-27,2024-01-25
MSFT,2024-01-26,D:\full-stack2\data\charts\MSFT\2024-01-26.png,2023-12-28,2024-01-26
MSFT,2024-01-29,D:\full-stack2\data\charts\MSFT\2024-01-29.png,2023-12-29,2024-01-29
MSFT,2024-01-30,D:\full-stack2\data\charts\MSFT\2024-01-30.png,2024-01-02,2024-01-30
MSFT,2024-01-31,D:\full-stack2\data\charts\MSFT\2024-01-31.png,2024-01-03,2024-01-31
MSFT,2024-02-01,D:\full-stack2\data\charts\MSFT\2024-02-01.png,2024-01-04,2024-02-01
MSFT,2024-02-02,D:\full-stack2\data\charts\MSFT\2024-02-02.png,2024-01-05,2024-02-02
MSFT,2024-02-05,D:\full-stack2\data\charts\MSFT\2024-02-05.png,2024-01-08,2024-02-05
MSFT,2024-02-06,D:\full-stack2\data\charts\MSFT\2024-02-06.png,2024-01-09,2024-02-06
MSFT,2024-02-07,D:\full-stack2\data\charts\MSFT\2024-02-07.png,2024-01-10,2024-02-07
MSFT,2024-02-08,D:\full-stack2\data\charts\MSFT\2024-02-08.png,2024-01-11,2024-02-08
MSFT,2024-02-09,D:\full-stack2\data\charts\MSFT\2024-02-09.png,2024-01-12,2024-02-09
MSFT,2024-02-12,D:\full-stack2\data\charts\MSFT\2024-02-12.png,2024-01-16,2024-02-12
MSFT,2024-02-13,D:\full-stack2\data\charts\MSFT\2024-02-13.png,2024-01-17,2024-02-13
MSFT,2024-02-14,D:\full-stack2\data\charts\MSFT\2024-02-14.png,2024-01-18,2024-02-14
MSFT,2024-02-15,D:\full-stack2\data\charts\MSFT\2024-02-15.png,2024-01-19,2024-02-15
MSFT,2024-02-16,D:\full-stack2\data\charts\MSFT\2024-02-16.png,2024-01-22,2024-02-16
MSFT,2024-02-20,D:\full-stack2\data\charts\MSFT\2024-02-20.png,2024-01-23,2024-02-20
MSFT,2024-02-21,D:\full-stack2\data\charts\MSFT\2024-02-21.png,2024-01-24,2024-02-21
MSFT,2024-02-22,D:\full-stack2\data\charts\MSFT\2024-02-22.png,2024-01-25,2024-02-22
MSFT,2024-02-23,D:\full-stack2\data\charts\MSFT\2024-02-23.png,2024-01-26,2024-02-23
MSFT,2024-02-26,D:\full-stack2\data\charts\MSFT\2024-02-26.png,2024-01-29,2024-02-26
MSFT,2024-02-27,D:\full-stack2\data\charts\MSFT\2024-02-27.png,2024-01-30,2024-02-27
MSFT,2024-02-28,D:\full-stack2\data\charts\MSFT\2024-02-28.png,2024-01-31,2024-02-28
MSFT,2024-02-29,D:\full-stack2\data\charts\MSFT\2024-02-29.png,2024-02-01,2024-02-29
MSFT,2024-03-01,D:\full-stack2\data\charts\MSFT\2024-03-01.png,2024-02-02,2024-03-01
MSFT,2024-03-04,D:\full-stack2\data\charts\MSFT\2024-03-04.png,2024-02-05,2024-03-04
MSFT,2024-03-05,D:\full-stack2\data\charts\MSFT\2024-03-05.png,2024-02-06,2024-03-05
MSFT,2024-03-06,D:\full-stack2\data\charts\MSFT\2024-03-06.png,2024-02-07,2024-03-06
MSFT,2024-03-07,D:\full-stack2\data\charts\MSFT\2024-03-07.png,2024-02-08,2024-03-07
MSFT,2024-03-08,D:\full-stack2\data\charts\MSFT\2024-03-08.png,2024-02-09,2024-03-08
MSFT,2024-03-11,D:\full-stack2\data\charts\MSFT\2024-03-11.png,2024-02-12,2024-03-11
MSFT,2024-03-12,D:\full-stack2\data\charts\MSFT\2024-03-12.png,2024-02-13,2024-03-12
MSFT,2024-03-13,D:\full-stack2\data\charts\MSFT\2024-03-13.png,2024-02-14,2024-03-13
MSFT,2024-03-14,D:\full-stack2\data\charts\MSFT\2024-03-14.png,2024-02-15,2024-03-14
MSFT,2024-03-15,D:\full-stack2\data\charts\MSFT\2024-03-15.png,2024-02-16,2024-03-15
MSFT,2024-03-18,D:\full-stack2\data\charts\MSFT\2024-03-18.png,2024-02-20,2024-03-18
MSFT,2024-03-19,D:\full-stack2\data\charts\MSFT\2024-03-19.png,2024-02-21,2024-03-19
MSFT,2024-03-20,D:\full-stack2\data\charts\MSFT\2024-03-20.png,2024-02-22,2024-03-20
MSFT,2024-03-21,D:\full-stack2\data\charts\MSFT\2024-03-21.png,2024-02-23,2024-03-21
MSFT,2024-03-22,D:\full-stack2\data\charts\MSFT\2024-03-22.png,2024-02-26,2024-03-22
MSFT,2024-03-25,D:\full-stack2\data\charts\MSFT\2024-03-25.png,2024-02-27,2024-03-25
MSFT,2024-03-26,D:\full-stack2\data\charts\MSFT\2024-03-26.png,2024-02-28,2024-03-26
MSFT,2024-03-27,D:\full-stack2\data\charts\MSFT\2024-03-27.png,2024-02-29,2024-03-27
MSFT,2024-03-28,D:\full-stack2\data\charts\MSFT\2024-03-28.png,2024-03-01,2024-03-28
MSFT,2024-04-01,D:\full-stack2\data\charts\MSFT\2024-04-01.png,2024-03-04,2024-04-01
MSFT,2024-04-02,D:\full-stack2\data\charts\MSFT\2024-04-02.png,2024-03-05,2024-04-02
MSFT,2024-04-03,D:\full-stack2\data\charts\MSFT\2024-04-03.png,2024-03-06,2024-04-03
MSFT,2024-04-04,D:\full-stack2\data\charts\MSFT\2024-04-04.png,2024-03-07,2024-04-04
MSFT,2024-04-05,D:\full-stack2\data\charts\MSFT\2024-04-05.png,2024-03-08,2024-04-05
MSFT,2024-04-08,D:\full-stack2\data\charts\MSFT\2024-04-08.png,2024-03-11,2024-04-08
MSFT,2024-04-09,D:\full-stack2\data\charts\MSFT\2024-04-09.png,2024-03-12,2024-04-09
MSFT,2024-04-10,D:\full-stack2\data\charts\MSFT\2024-04-10.png,2024-03-13,2024-04-10
MSFT,2024-04-11,D:\full-stack2\data\charts\MSFT\2024-04-11.png,2024-03-14,2024-04-11
MSFT,2024-04-12,D:\full-stack2\data\charts\MSFT\2024-04-12.png,2024-03-15,2024-04-12
MSFT,2024-04-15,D:\full-stack2\data\charts\MSFT\2024-04-15.png,2024-03-18,2024-04-15
MSFT,2024-04-16,D:\full-stack2\data\charts\MSFT\2024-04-16.png,2024-03-19,2024-04-16
MSFT,2024-04-17,D:\full-stack2\data\charts\MSFT\2024-04-17.png,2024-03-20,2024-04-17
MSFT,2024-04-18,D:\full-stack2\data\charts\MSFT\2024-04-18.png,2024-03-21,2024-04-18
MSFT,2024-04-19,D:\full-stack2\data\charts\MSFT\2024-04-19.png,2024-03-22,2024-04-19
MSFT,2024-04-22,D:\full-stack2\data\charts\MSFT\2024-04-22.png,2024-03-25,2024-04-22
MSFT,2024-04-23,D:\full-stack2\data\charts\MSFT\2024-04-23.png,2024-03-26,2024-04-23
MSFT,2024-04-24,D:\full-stack2\data\charts\MSFT\2024-04-24.png,2024-03-27,2024-04-24
MSFT,2024-04-25,D:\full-stack2\data\charts\MSFT\2024-04-25.png,2024-03-28,2024-04-25
MSFT,2024-04-26,D:\full-stack2\data\charts\MSFT\2024-04-26.png,2024-04-01,2024-04-26
MSFT,2024-04-29,D:\full-stack2\data\charts\MSFT\2024-04-29.png,2024-04-02,2024-04-29
MSFT,2024-04-30,D:\full-stack2\data\charts\MSFT\2024-04-30.png,2024-04-03,2024-04-30
MSFT,2024-05-01,D:\full-stack2\data\charts\MSFT\2024-05-01.png,2024-04-04,2024-05-01
MSFT,2024-05-02,D:\full-stack2\data\charts\MSFT\2024-05-02.png,2024-04-05,2024-05-02
MSFT,2024-05-03,D:\full-stack2\data\charts\MSFT\2024-05-03.png,2024-04-08,2024-05-03
MSFT,2024-05-06,D:\full-stack2\data\charts\MSFT\2024-05-06.png,2024-04-09,2024-05-06
MSFT,2024-05-07,D:\full-stack2\data\charts\MSFT\2024-05-07.png,2024-04-10,2024-05-07
MSFT,2024-05-08,D:\full-stack2\data\charts\MSFT\2024-05-08.png,2024-04-11,2024-05-08
MSFT,2024-05-09,D:\full-stack2\data\charts\MSFT\2024-05-09.png,2024-04-12,2024-05-09
MSFT,2024-05-10,D:\full-stack2\data\charts\MSFT\2024-05-10.png,2024-04-15,2024-05-10
MSFT,2024-05-13,D:\full-stack2\data\charts\MSFT\2024-05-13.png,2024-04-16,2024-05-13
MSFT,2024-05-14,D:\full-stack2\data\charts\MSFT\2024-05-14.png,2024-04-17,2024-05-14
MSFT,2024-05-15,D:\full-stack2\data\charts\MSFT\2024-05-15.png,2024-04-18,2024-05-15
MSFT,2024-05-16,D:\full-stack2\data\charts\MSFT\2024-05-16.png,2024-04-19,2024-05-16
MSFT,2024-05-17,D:\full-stack2\data\charts\MSFT\2024-05-17.png,2024-04-22,2024-05-17
MSFT,2024-05-20,D:\full-stack2\data\charts\MSFT\2024-05-20.png,2024-04-23,2024-05-20
MSFT,2024-05-21,D:\full-stack2\data\charts\MSFT\2024-05-21.png,2024-04-24,2024-05-21
MSFT,2024-05-22,D:\full-stack2\data\charts\MSFT\2024-05-22.png,2024-04-25,2024-05-22
MSFT,2024-05-23,D:\full-stack2\data\charts\MSFT\2024-05-23.png,2024-04-26,2024-05-23
MSFT,2024-05-24,D:\full-stack2\data\charts\MSFT\2024-05-24.png,2024-04-29,2024-05-24
MSFT,2024-05-28,D:\full-stack2\data\charts\MSFT\2024-05-28.png,2024-04-30,2024-05-28
MSFT,2024-05-29,D:\full-stack2\data\charts\MSFT\2024-05-29.png,2024-05-01,2024-05-29
MSFT,2024-05-30,D:\full-stack2\data\charts\MSFT\2024-05-30.png,2024-05-02,2024-05-30
MSFT,2024-05-31,D:\full-stack2\data\charts\MSFT\2024-05-31.png,2024-05-03,2024-05-31
MSFT,2024-06-03,D:\full-stack2\data\charts\MSFT\2024-06-03.png,2024-05-06,2024-06-03
MSFT,2024-06-04,D:\full-stack2\data\charts\MSFT\2024-06-04.png,2024-05-07,2024-06-04
MSFT,2024-06-05,D:\full-stack2\data\charts\MSFT\2024-06-05.png,2024-05-08,2024-06-05
MSFT,2024-06-06,D:\full-stack2\data\charts\MSFT\2024-06-06.png,2024-05-09,2024-06-06
MSFT,2024-06-07,D:\full-stack2\data\charts\MSFT\2024-06-07.png,2024-05-10,2024-06-07
MSFT,2024-06-10,D:\full-stack2\data\charts\MSFT\2024-06-10.png,2024-05-13,2024-06-10
MSFT,2024-06-11,D:\full-stack2\data\charts\MSFT\2024-06-11.png,2024-05-14,2024-06-11
MSFT,2024-06-12,D:\full-stack2\data\charts\MSFT\2024-06-12.png,2024-05-15,2024-06-12
MSFT,2024-06-13,D:\full-stack2\data\charts\MSFT\2024-06-13.png,2024-05-16,2024-06-13
MSFT,2024-06-14,D:\full-stack2\data\charts\MSFT\2024-06-14.png,2024-05-17,2024-06-14
MSFT,2024-06-17,D:\full-stack2\data\charts\MSFT\2024-06-17.png,2024-05-20,2024-06-17
MSFT,2024-06-18,D:\full-stack2\data\charts\MSFT\2024-06-18.png,2024-05-21,2024-06-18
MSFT,2024-06-20,D:\full-stack2\data\charts\MSFT\2024-06-20.png,2024-05-22,2024-06-20
MSFT,2024-06-21,D:\full-stack2\data\charts\MSFT\2024-06-21.png,2024-05-23,2024-06-21
MSFT,2024-06-24,D:\full-stack2\data\charts\MSFT\2024-06-24.png,2024-05-24,2024-06-24
MSFT,2024-06-25,D:\full-stack2\data\charts\MSFT\2024-06-25.png,2024-05-28,2024-06-25
MSFT,2024-06-26,D:\full-stack2\data\charts\MSFT\2024-06-26.png,2024-05-29,2024-06-26
MSFT,2024-06-27,D:\full-stack2\data\charts\MSFT\2024-06-27.png,2024-05-30,2024-06-27
MSFT,2024-06-28,D:\full-stack2\data\charts\MSFT\2024-06-28.png,2024-05-31,2024-06-28
MSFT,2024-07-01,D:\full-stack2\data\charts\MSFT\2024-07-01.png,2024-06-03,2024-07-01
MSFT,2024-07-02,D:\full-stack2\data\charts\MSFT\2024-07-02.png,2024-06-04,2024-07-02
MSFT,2024-07-03,D:\full-stack2\data\charts\MSFT\2024-07-03.png,2024-06-05,2024-07-03
MSFT,2024-07-05,D:\full-stack2\data\charts\MSFT\2024-07-05.png,2024-06-06,2024-07-05
MSFT,2024-07-08,D:\full-stack2\data\charts\MSFT\2024-07-08.png,2024-06-07,2024-07-08
MSFT,2024-07-09,D:\full-stack2\data\charts\MSFT\2024-07-09.png,2024-06-10,2024-07-09
MSFT,2024-07-10,D:\full-stack2\data\charts\MSFT\2024-07-10.png,2024-06-11,2024-07-10
MSFT,2024-07-11,D:\full-stack2\data\charts\MSFT\2024-07-11.png,2024-06-12,2024-07-11
MSFT,2024-07-12,D:\full-stack2\data\charts\MSFT\2024-07-12.png,2024-06-13,2024-07-12
MSFT,2024-07-15,D:\full-stack2\data\charts\MSFT\2024-07-15.png,2024-06-14,2024-07-15
MSFT,2024-07-16,D:\full-stack2\data\charts\MSFT\2024-07-16.png,2024-06-17,2024-07-16
MSFT,2024-07-17,D:\full-stack2\data\charts\MSFT\2024-07-17.png,2024-06-18,2024-07-17
MSFT,2024-07-18,D:\full-stack2\data\charts\MSFT\2024-07-18.png,2024-06-20,2024-07-18
MSFT,2024-07-19,D:\full-stack2\data\charts\MSFT\2024-07-19.png,2024-06-21,2024-07-19
MSFT,2024-07-22,D:\full-stack2\data\charts\MSFT\2024-07-22.png,2024-06-24,2024-07-22
MSFT,2024-07-23,D:\full-stack2\data\charts\MSFT\2024-07-23.png,2024-06-25,2024-07-23
MSFT,2024-07-24,D:\full-stack2\data\charts\MSFT\2024-07-24.png,2024-06-26,2024-07-24
MSFT,2024-07-25,D:\full-stack2\data\charts\MSFT\2024-07-25.png,2024-06-27,2024-07-25
MSFT,2024-07-26,D:\full-stack2\data\charts\MSFT\2024-07-26.png,2024-06-28,2024-07-26
MSFT,2024-07-29,D:\full-stack2\data\charts\MSFT\2024-07-29.png,2024-07-01,2024-07-29
MSFT,2024-07-30,D:\full-stack2\data\charts\MSFT\2024-07-30.png,2024-07-02,2024-07-30
MSFT,2024-07-31,D:\full-stack2\data\charts\MSFT\2024-07-31.png,2024-07-03,2024-07-31
MSFT,2024-08-01,D:\full-stack2\data\charts\MSFT\2024-08-01.png,2024-07-05,2024-08-01
MSFT,2024-08-02,D:\full-stack2\data\charts\MSFT\2024-08-02.png,2024-07-08,2024-08-02
MSFT,2024-08-05,D:\full-stack2\data\charts\MSFT\2024-08-05.png,2024-07-09,2024-08-05
MSFT,2024-08-06,D:\full-stack2\data\charts\MSFT\2024-08-06.png,2024-07-10,2024-08-06
MSFT,2024-08-07,D:\full-stack2\data\charts\MSFT\2024-08-07.png,2024-07-11,2024-08-07
MSFT,2024-08-08,D:\full-stack2\data\charts\MSFT\2024-08-08.png,2024-07-12,2024-08-08
MSFT,2024-08-09,D:\full-stack2\data\charts\MSFT\2024-08-09.png,2024-07-15,2024-08-09
MSFT,2024-08-12,D:\full-stack2\data\charts\MSFT\2024-08-12.png,2024-07-16,2024-08-12
MSFT,2024-08-13,D:\full-stack2\data\charts\MSFT\2024-08-13.png,2024-07-17,2024-08-13
MSFT,2024-08-14,D:\full-stack2\data\charts\MSFT\2024-08-14.png,2024-07-18,2024-08-14
MSFT,2024-08-15,D:\full-stack2\data\charts\MSFT\2024-08-15.png,2024-07-19,2024-08-15
MSFT,2024-08-16,D:\full-stack2\data\charts\MSFT\2024-08-16.png,2024-07-22,2024-08-16
MSFT,2024-08-19,D:\full-stack2\data\charts\MSFT\2024-08-19.png,2024-07-23,2024-08-19
MSFT,2024-08-20,D:\full-stack2\data\charts\MSFT\2024-08-20.png,2024-07-24,2024-08-20
MSFT,2024-08-21,D:\full-stack2\data\charts\MSFT\2024-08-21.png,2024-07-25,2024-08-21
MSFT,2024-08-22,D:\full-stack2\data\charts\MSFT\2024-08-22.png,2024-07-26,2024-08-22
MSFT,2024-08-23,D:\full-stack2\data\charts\MSFT\2024-08-23.png,2024-07-29,2024-08-23
MSFT,2024-08-26,D:\full-stack2\data\charts\MSFT\2024-08-26.png,2024-07-30,2024-08-26
MSFT,2024-08-27,D:\full-stack2\data\charts\MSFT\2024-08-27.png,2024-07-31,2024-08-27
MSFT,2024-08-28,D:\full-stack2\data\charts\MSFT\2024-08-28.png,2024-08-01,2024-08-28
MSFT,2024-08-29,D:\full-stack2\data\charts\MSFT\2024-08-29.png,2024-08-02,2024-08-29
MSFT,2024-08-30,D:\full-stack2\data\charts\MSFT\2024-08-30.png,2024-08-05,2024-08-30
MSFT,2024-09-03,D:\full-stack2\data\charts\MSFT\2024-09-03.png,2024-08-06,2024-09-03
MSFT,2024-09-04,D:\full-stack2\data\charts\MSFT\2024-09-04.png,2024-08-07,2024-09-04
MSFT,2024-09-05,D:\full-stack2\data\charts\MSFT\2024-09-05.png,2024-08-08,2024-09-05
MSFT,2024-09-06,D:\full-stack2\data\charts\MSFT\2024-09-06.png,2024-08-09,2024-09-06
MSFT,2024-09-09,D:\full-stack2\data\charts\MSFT\2024-09-09.png,2024-08-12,2024-09-09
MSFT,2024-09-10,D:\full-stack2\data\charts\MSFT\2024-09-10.png,2024-08-13,2024-09-10
MSFT,2024-09-11,D:\full-stack2\data\charts\MSFT\2024-09-11.png,2024-08-14,2024-09-11
MSFT,2024-09-12,D:\full-stack2\data\charts\MSFT\2024-09-12.png,2024-08-15,2024-09-12
MSFT,2024-09-13,D:\full-stack2\data\charts\MSFT\2024-09-13.png,2024-08-16,2024-09-13
MSFT,2024-09-16,D:\full-stack2\data\charts\MSFT\2024-09-16.png,2024-08-19,2024-09-16
MSFT,2024-09-17,D:\full-stack2\data\charts\MSFT\2024-09-17.png,2024-08-20,2024-09-17
MSFT,2024-09-18,D:\full-stack2\data\charts\MSFT\2024-09-18.png,2024-08-21,2024-09-18
MSFT,2024-09-19,D:\full-stack2\data\charts\MSFT\2024-09-19.png,2024-08-22,2024-09-19
MSFT,2024-09-20,D:\full-stack2\data\charts\MSFT\2024-09-20.png,2024-08-23,2024-09-20
MSFT,2024-09-23,D:\full-stack2\data\charts\MSFT\2024-09-23.png,2024-08-26,2024-09-23
MSFT,2024-09-24,D:\full-stack2\data\charts\MSFT\2024-09-24.png,2024-08-27,2024-09-24
MSFT,2024-09-25,D:\full-stack2\data\charts\MSFT\2024-09-25.png,2024-08-28,2024-09-25
MSFT,2024-09-26,D:\full-stack2\data\charts\MSFT\2024-09-26.png,2024-08-29,2024-09-26
MSFT,2024-09-27,D:\full-stack2\data\charts\MSFT\2024-09-27.png,2024-08-30,2024-09-27
MSFT,2024-09-30,D:\full-stack2\data\charts\MSFT\2024-09-30.png,2024-09-03,2024-09-30
MSFT,2024-10-01,D:\full-stack2\data\charts\MSFT\2024-10-01.png,2024-09-04,2024-10-01
MSFT,2024-10-02,D:\full-stack2\data\charts\MSFT\2024-10-02.png,2024-09-05,2024-10-02
MSFT,2024-10-03,D:\full-stack2\data\charts\MSFT\2024-10-03.png,2024-09-06,2024-10-03
MSFT,2024-10-04,D:\full-stack2\data\charts\MSFT\2024-10-04.png,2024-09-09,2024-10-04
MSFT,2024-10-07,D:\full-stack2\data\charts\MSFT\2024-10-07.png,2024-09-10,2024-10-07
MSFT,2024-10-08,D:\full-stack2\data\charts\MSFT\2024-10-08.png,2024-09-11,2024-10-08
MSFT,2024-10-09,D:\full-stack2\data\charts\MSFT\2024-10-09.png,2024-09-12,2024-10-09
MSFT,2024-10-10,D:\full-stack2\data\charts\MSFT\2024-10-10.png,2024-09-13,2024-10-10
MSFT,2024-10-11,D:\full-stack2\data\charts\MSFT\2024-10-11.png,2024-09-16,2024-10-11
MSFT,2024-10-14,D:\full-stack2\data\charts\MSFT\2024-10-14.png,2024-09-17,2024-10-14
MSFT,2024-10-15,D:\full-stack2\data\charts\MSFT\2024-10-15.png,2024-09-18,2024-10-15
MSFT,2024-10-16,D:\full-stack2\data\charts\MSFT\2024-10-16.png,2024-09-19,2024-10-16
MSFT,2024-10-17,D:\full-stack2\data\charts\MSFT\2024-10-17.png,2024-09-20,2024-10-17
MSFT,2024-10-18,D:\full-stack2\data\charts\MSFT\2024-10-18.png,2024-09-23,2024-10-18
MSFT,2024-10-21,D:\full-stack2\data\charts\MSFT\2024-10-21.png,2024-09-24,2024-10-21
MSFT,2024-10-22,D:\full-stack2\data\charts\MSFT\2024-10-22.png,2024-09-25,2024-10-22
MSFT,2024-10-23,D:\full-stack2\data\charts\MSFT\2024-10-23.png,2024-09-26,2024-10-23
MSFT,2024-10-24,D:\full-stack2\data\charts\MSFT\2024-10-24.png,2024-09-27,2024-10-24
MSFT,2024-10-25,D:\full-stack2\data\charts\MSFT\2024-10-25.png,2024-09-30,2024-10-25
MSFT,2024-10-28,D:\full-stack2\data\charts\MSFT\2024-10-28.png,2024-10-01,2024-10-28
MSFT,2024-10-29,D:\full-stack2\data\charts\MSFT\2024-10-29.png,2024-10-02,2024-10-29
MSFT,2024-10-30,D:\full-stack2\data\charts\MSFT\2024-10-30.png,2024-10-03,2024-10-30
MSFT,2024-10-31,D:\full-stack2\data\charts\MSFT\2024-10-31.png,2024-10-04,2024-10-31
MSFT,2024-11-01,D:\full-stack2\data\charts\MSFT\2024-11-01.png,2024-10-07,2024-11-01
MSFT,2024-11-04,D:\full-stack2\data\charts\MSFT\2024-11-04.png,2024-10-08,2024-11-04
MSFT,2024-11-05,D:\full-stack2\data\charts\MSFT\2024-11-05.png,2024-10-09,2024-11-05
MSFT,2024-11-06,D:\full-stack2\data\charts\MSFT\2024-11-06.png,2024-10-10,2024-11-06
MSFT,2024-11-07,D:\full-stack2\data\charts\MSFT\2024-11-07.png,2024-10-11,2024-11-07
MSFT,2024-11-08,D:\full-stack2\data\charts\MSFT\2024-11-08.png,2024-10-14,2024-11-08
MSFT,2024-11-11,D:\full-stack2\data\charts\MSFT\2024-11-11.png,2024-10-15,2024-11-11
MSFT,2024-11-12,D:\full-stack2\data\charts\MSFT\2024-11-12.png,2024-10-16,2024-11-12
MSFT,2024-11-13,D:\full-stack2\data\charts\MSFT\2024-11-13.png,2024-10-17,2024-11-13
MSFT,2024-11-14,D:\full-stack2\data\charts\MSFT\2024-11-14.png,2024-10-18,2024-11-14
MSFT,2024-11-15,D:\full-stack2\data\charts\MSFT\2024-11-15.png,2024-10-21,2024-11-15
MSFT,2024-11-18,D:\full-stack2\data\charts\MSFT\2024-11-18.png,2024-10-22,2024-11-18
MSFT,2024-11-19,D:\full-stack2\data\charts\MSFT\2024-11-19.png,2024-10-23,2024-11-19
MSFT,2024-11-20,D:\full-stack2\data\charts\MSFT\2024-11-20.png,2024-10-24,2024-11-20
MSFT,2024-11-21,D:\full-stack2\data\charts\MSFT\2024-11-21.png,2024-10-25,2024-11-21
MSFT,2024-11-22,D:\full-stack2\data\charts\MSFT\2024-11-22.png,2024-10-28,2024-11-22
MSFT,2024-11-25,D:\full-stack2\data\charts\MSFT\2024-11-25.png,2024-10-29,2024-11-25
MSFT,2024-11-26,D:\full-stack2\data\charts\MSFT\2024-11-26.png,2024-10-30,2024-11-26
MSFT,2024-11-27,D:\full-stack2\data\charts\MSFT\2024-11-27.png,2024-10-31,2024-11-27
MSFT,2024-11-29,D:\full-stack2\data\charts\MSFT\2024-11-29.png,2024-11-01,2024-11-29
MSFT,2024-12-02,D:\full-stack2\data\charts\MSFT\2024-12-02.png,2024-11-04,2024-12-02
MSFT,2024-12-03,D:\full-stack2\data\charts\MSFT\2024-12-03.png,2024-11-05,2024-12-03
MSFT,2024-12-04,D:\full-stack2\data\charts\MSFT\2024-12-04.png,2024-11-06,2024-12-04
MSFT,2024-12-05,D:\full-stack2\data\charts\MSFT\2024-12-05.png,2024-11-07,2024-12-05
MSFT,2024-12-06,D:\full-stack2\data\charts\MSFT\2024-12-06.png,2024-11-08,2024-12-06
MSFT,2024-12-09,D:\full-stack2\data\charts\MSFT\2024-12-09.png,2024-11-11,2024-12-09
MSFT,2024-12-10,D:\full-stack2\data\charts\MSFT\2024-12-10.png,2024-11-12,2024-12-10
MSFT,2024-12-11,D:\full-stack2\data\charts\MSFT\2024-12-11.png,2024-11-13,2024-12-11
MSFT,2024-12-12,D:\full-stack2\data\charts\MSFT\2024-12-12.png,2024-11-14,2024-12-12
MSFT,2024-12-13,D:\full-stack2\data\charts\MSFT\2024-12-13.png,2024-11-15,2024-12-13
MSFT,2024-12-16,D:\full-stack2\data\charts\MSFT\2024-12-16.png,2024-11-18,2024-12-16
MSFT,2024-12-17,D:\full-stack2\data\charts\MSFT\2024-12-17.png,2024-11-19,2024-12-17
MSFT,2024-12-18,D:\full-stack2\data\charts\MSFT\2024-12-18.png,2024-11-20,2024-12-18
MSFT,2024-12-19,D:\full-stack2\data\charts\MSFT\2024-12-19.png,2024-11-21,2024-12-19
MSFT,2024-12-20,D:\full-stack2\data\charts\MSFT\2024-12-20.png,2024-11-22,2024-12-20
MSFT,2024-12-23,D:\full-stack2\data\charts\MSFT\2024-12-23.png,2024-11-25,2024-12-23
MSFT,2024-12-24,D:\full-stack2\data\charts\MSFT\2024-12-24.png,2024-11-26,2024-12-24
MSFT,2024-12-26,D:\full-stack2\data\charts\MSFT\2024-12-26.png,2024-11-27,2024-12-26
MSFT,2024-12-27,D:\full-stack2\data\charts\MSFT\2024-12-27.png,2024-11-29,2024-12-27
MSFT,2024-12-30,D:\full-stack2\data\charts\MSFT\2024-12-30.png,2024-12-02,2024-12-30
MSFT,2024-12-31,D:\full-stack2\data\charts\MSFT\2024-12-31.png,2024-12-03,2024-12-31
MSFT,2025-01-02,D:\full-stack2\data\charts\MSFT\2025-01-02.png,2024-12-04,2025-01-02
MSFT,2025-01-03,D:\full-stack2\data\charts\MSFT\2025-01-03.png,2024-12-05,2025-01-03
MSFT,2025-01-06,D:\full-stack2\data\charts\MSFT\2025-01-06.png,2024-12-06,2025-01-06
MSFT,2025-01-07,D:\full-stack2\data\charts\MSFT\2025-01-07.png,2024-12-09,2025-01-07
MSFT,2025-01-08,D:\full-stack2\data\charts\MSFT\2025-01-08.png,2024-12-10,2025-01-08
MSFT,2025-01-10,D:\full-stack2\data\charts\MSFT\2025-01-10.png,2024-12-11,2025-01-10
MSFT,2025-01-13,D:\full-stack2\data\charts\MSFT\2025-01-13.png,2024-12-12,2025-01-13
MSFT,2025-01-14,D:\full-stack2\data\charts\MSFT\2025-01-14.png,2024-12-13,2025-01-14
MSFT,2025-01-15,D:\full-stack2\data\charts\MSFT\2025-01-15.png,2024-12-16,2025-01-15
MSFT,2025-01-16,D:\full-stack2\data\charts\MSFT\2025-01-16.png,2024-12-17,2025-01-16
MSFT,2025-01-17,D:\full-stack2\data\charts\MSFT\2025-01-17.png,2024-12-18,2025-01-17
MSFT,2025-01-21,D:\full-stack2\data\charts\MSFT\2025-01-21.png,2024-12-19,2025-01-21
MSFT,2025-01-22,D:\full-stack2\data\charts\MSFT\2025-01-22.png,2024-12-20,2025-01-22
MSFT,2025-01-23,D:\full-stack2\data\charts\MSFT\2025-01-23.png,2024-12-23,2025-01-23
MSFT,2025-01-24,D:\full-stack2\data\charts\MSFT\2025-01-24.png,2024-12-24,2025-01-24
MSFT,2025-01-27,D:\full-stack2\data\charts\MSFT\2025-01-27.png,2024-12-26,2025-01-27
MSFT,2025-01-28,D:\full-stack2\data\charts\MSFT\2025-01-28.png,2024-12-27,2025-01-28
MSFT,2025-01-29,D:\full-stack2\data\charts\MSFT\2025-01-29.png,2024-12-30,2025-01-29
MSFT,2025-01-30,D:\full-stack2\data\charts\MSFT\2025-01-30.png,2024-12-31,2025-01-30
MSFT,2025-01-31,D:\full-stack2\data\charts\MSFT\2025-01-31.png,2025-01-02,2025-01-31
MSFT,2025-02-03,D:\full-stack2\data\charts\MSFT\2025-02-03.png,2025-01-03,2025-02-03
MSFT,2025-02-04,D:\full-stack2\data\charts\MSFT\2025-02-04.png,2025-01-06,2025-02-04
MSFT,2025-02-05,D:\full-stack2\data\charts\MSFT\2025-02-05.png,2025-01-07,2025-02-05
MSFT,2025-02-06,D:\full-stack2\data\charts\MSFT\2025-02-06.png,2025-01-08,2025-02-06
MSFT,2025-02-07,D:\full-stack2\data\charts\MSFT\2025-02-07.png,2025-01-10,2025-02-07
MSFT,2025-02-10,D:\full-stack2\data\charts\MSFT\2025-02-10.png,2025-01-13,2025-02-10
MSFT,2025-02-11,D:\full-stack2\data\charts\MSFT\2025-02-11.png,2025-01-14,2025-02-11
MSFT,2025-02-12,D:\full-stack2\data\charts\MSFT\2025-02-12.png,2025-01-15,2025-02-12
MSFT,2025-02-13,D:\full-stack2\data\charts\MSFT\2025-02-13.png,2025-01-16,2025-02-13
MSFT,2025-02-14,D:\full-stack2\data\charts\MSFT\2025-02-14.png,2025-01-17,2025-02-14
MSFT,2025-02-18,D:\full-stack2\data\charts\MSFT\2025-02-18.png,2025-01-21,2025-02-18
MSFT,2025-02-19,D:\full-stack2\data\charts\MSFT\2025-02-19.png,2025-01-22,2025-02-19
MSFT,2025-02-20,D:\full-stack2\data\charts\MSFT\2025-02-20.png,2025-01-23,2025-02-20
MSFT,2025-02-21,D:\full-stack2\data\charts\MSFT\2025-02-21.png,2025-01-24,2025-02-21
MSFT,2025-02-24,D:\full-stack2\data\charts\MSFT\2025-02-24.png,2025-01-27,2025-02-24
MSFT,2025-02-25,D:\full-stack2\data\charts\MSFT\2025-02-25.png,2025-01-28,2025-02-25
MSFT,2025-02-26,D:\full-stack2\data\charts\MSFT\2025-02-26.png,2025-01-29,2025-02-26
MSFT,2025-02-27,D:\full-stack2\data\charts\MSFT\2025-02-27.png,2025-01-30,2025-02-27
MSFT,2025-02-28,D:\full-stack2\data\charts\MSFT\2025-02-28.png,2025-01-31,2025-02-28
MSFT,2025-03-03,D:\full-stack2\data\charts\MSFT\2025-03-03.png,2025-02-03,2025-03-03
MSFT,2025-03-04,D:\full-stack2\data\charts\MSFT\2025-03-04.png,2025-02-04,2025-03-04
MSFT,2025-03-05,D:\full-stack2\data\charts\MSFT\2025-03-05.png,2025-02-05,2025-03-05
MSFT,2025-03-06,D:\full-stack2\data\charts\MSFT\2025-03-06.png,2025-02-06,2025-03-06
MSFT,2025-03-07,D:\full-stack2\data\charts\MSFT\2025-03-07.png,2025-02-07,2025-03-07
MSFT,2025-03-10,D:\full-stack2\data\charts\MSFT\2025-03-10.png,2025-02-10,2025-03-10
MSFT,2025-03-11,D:\full-stack2\data\charts\MSFT\2025-03-11.png,2025-02-11,2025-03-11
MSFT,2025-03-12,D:\full-stack2\data\charts\MSFT\2025-03-12.png,2025-02-12,2025-03-12
MSFT,2025-03-13,D:\full-stack2\data\charts\MSFT\2025-03-13.png,2025-02-13,2025-03-13
MSFT,2025-03-14,D:\full-stack2\data\charts\MSFT\2025-03-14.png,2025-02-14,2025-03-14
MSFT,2025-03-17,D:\full-stack2\data\charts\MSFT\2025-03-17.png,2025-02-18,2025-03-17
MSFT,2025-03-18,D:\full-stack2\data\charts\MSFT\2025-03-18.png,2025-02-19,2025-03-18
MSFT,2025-03-19,D:\full-stack2\data\charts\MSFT\2025-03-19.png,2025-02-20,2025-03-19
MSFT,2025-03-20,D:\full-stack2\data\charts\MSFT\2025-03-20.png,2025-02-21,2025-03-20
MSFT,2025-03-21,D:\full-stack2\data\charts\MSFT\2025-03-21.png,2025-02-24,2025-03-21
MSFT,2025-03-24,D:\full-stack2\data\charts\MSFT\2025-03-24.png,2025-02-25,2025-03-24
MSFT,2025-03-25,D:\full-stack2\data\charts\MSFT\2025-03-25.png,2025-02-26,2025-03-25
MSFT,2025-03-26,D:\full-stack2\data\charts\MSFT\2025-03-26.png,2025-02-27,2025-03-26
MSFT,2025-03-27,D:\full-stack2\data\charts\MSFT\2025-03-27.png,2025-02-28,2025-03-27
MSFT,2025-03-28,D:\full-stack2\data\charts\MSFT\2025-03-28.png,2025-03-03,2025-03-28
MSFT,2025-03-31,D:\full-stack2\data\charts\MSFT\2025-03-31.png,2025-03-04,2025-03-31
MSFT,2025-04-01,D:\full-stack2\data\charts\MSFT\2025-04-01.png,2025-03-05,2025-04-01
MSFT,2025-04-02,D:\full-stack2\data\charts\MSFT\2025-04-02.png,2025-03-06,2025-04-02
MSFT,2025-04-03,D:\full-stack2\data\charts\MSFT\2025-04-03.png,2025-03-07,2025-04-03
MSFT,2025-04-04,D:\full-stack2\data\charts\MSFT\2025-04-04.png,2025-03-10,2025-04-04
MSFT,2025-04-07,D:\full-stack2\data\charts\MSFT\2025-04-07.png,2025-03-11,2025-04-07
MSFT,2025-04-08,D:\full-stack2\data\charts\MSFT\2025-04-08.png,2025-03-12,2025-04-08
MSFT,2025-04-09,D:\full-stack2\data\charts\MSFT\2025-04-09.png,2025-03-13,2025-04-09
MSFT,2025-04-10,D:\full-stack2\data\charts\MSFT\2025-04-10.png,2025-03-14,2025-04-10
MSFT,2025-04-11,D:\full-stack2\data\charts\MSFT\2025-04-11.png,2025-03-17,2025-04-11
MSFT,2025-04-14,D:\full-stack2\data\charts\MSFT\2025-04-14.png,2025-03-18,2025-04-14
MSFT,2025-04-15,D:\full-stack2\data\charts\MSFT\2025-04-15.png,2025-03-19,2025-04-15
MSFT,2025-04-16,D:\full-stack2\data\charts\MSFT\2025-04-16.png,2025-03-20,2025-04-16
MSFT,2025-04-17,D:\full-stack2\data\charts\MSFT\2025-04-17.png,2025-03-21,2025-04-17
MSFT,2025-04-21,D:\full-stack2\data\charts\MSFT\2025-04-21.png,2025-03-24,2025-04-21
MSFT,2025-04-22,D:\full-stack2\data\charts\MSFT\2025-04-22.png,2025-03-25,2025-04-22
MSFT,2025-04-23,D:\full-stack2\data\charts\MSFT\2025-04-23.png,2025-03-26,2025-04-23
MSFT,2025-04-24,D:\full-stack2\data\charts\MSFT\2025-04-24.png,2025-03-27,2025-04-24
MSFT,2025-04-25,D:\full-stack2\data\charts\MSFT\2025-04-25.png,2025-03-28,2025-04-25
MSFT,2025-04-28,D:\full-stack2\data\charts\MSFT\2025-04-28.png,2025-03-31,2025-04-28
MSFT,2025-04-29,D:\full-stack2\data\charts\MSFT\2025-04-29.png,2025-04-01,2025-04-29
MSFT,2025-04-30,D:\full-stack2\data\charts\MSFT\2025-04-30.png,2025-04-02,2025-04-30
MSFT,2025-05-01,D:\full-stack2\data\charts\MSFT\2025-05-01.png,2025-04-03,2025-05-01
MSFT,2025-05-02,D:\full-stack2\data\charts\MSFT\2025-05-02.png,2025-04-04,2025-05-02
MSFT,2025-05-05,D:\full-stack2\data\charts\MSFT\2025-05-05.png,2025-04-07,2025-05-05
MSFT,2025-05-06,D:\full-stack2\data\charts\MSFT\2025-05-06.png,2025-04-08,2025-05-06
MSFT,2025-05-07,D:\full-stack2\data\charts\MSFT\2025-05-07.png,2025-04-09,2025-05-07
MSFT,2025-05-08,D:\full-stack2\data\charts\MSFT\2025-05-08.png,2025-04-10,2025-05-08
MSFT,2025-05-09,D:\full-stack2\data\charts\MSFT\2025-05-09.png,2025-04-11,2025-05-09
MSFT,2025-05-12,D:\full-stack2\data\charts\MSFT\2025-05-12.png,2025-04-14,2025-05-12
MSFT,2025-05-13,D:\full-stack2\data\charts\MSFT\2025-05-13.png,2025-04-15,2025-05-13
MSFT,2025-05-14,D:\full-stack2\data\charts\MSFT\2025-05-14.png,2025-04-16,2025-05-14
MSFT,2025-05-15,D:\full-stack2\data\charts\MSFT\2025-05-15.png,2025-04-17,2025-05-15
MSFT,2025-05-16,D:\full-stack2\data\charts\MSFT\2025-05-16.png,2025-04-21,2025-05-16
MSFT,2025-05-19,D:\full-stack2\data\charts\MSFT\2025-05-19.png,2025-04-22,2025-05-19
MSFT,2025-05-20,D:\full-stack2\data\charts\MSFT\2025-05-20.png,2025-04-23,2025-05-20
MSFT,2025-05-21,D:\full-stack2\data\charts\MSFT\2025-05-21.png,2025-04-24,2025-05-21
MSFT,2025-05-22,D:\full-stack2\data\charts\MSFT\2025-05-22.png,2025-04-25,2025-05-22
MSFT,2025-05-23,D:\full-stack2\data\charts\MSFT\2025-05-23.png,2025-04-28,2025-05-23
MSFT,2025-05-27,D:\full-stack2\data\charts\MSFT\2025-05-27.png,2025-04-29,2025-05-27
MSFT,2025-05-28,D:\full-stack2\data\charts\MSFT\2025-05-28.png,2025-04-30,2025-05-28
MSFT,2025-05-29,D:\full-stack2\data\charts\MSFT\2025-05-29.png,2025-05-01,2025-05-29
MSFT,2025-05-30,D:\full-stack2\data\charts\MSFT\2025-05-30.png,2025-05-02,2025-05-30
MSFT,2025-06-02,D:\full-stack2\data\charts\MSFT\2025-06-02.png,2025-05-05,2025-06-02
MSFT,2025-06-03,D:\full-stack2\data\charts\MSFT\2025-06-03.png,2025-05-06,2025-06-03
MSFT,2025-06-04,D:\full-stack2\data\charts\MSFT\2025-06-04.png,2025-05-07,2025-06-04
MSFT,2025-06-05,D:\full-stack2\data\charts\MSFT\2025-06-05.png,2025-05-08,2025-06-05
MSFT,2025-06-06,D:\full-stack2\data\charts\MSFT\2025-06-06.png,2025-05-09,2025-06-06
MSFT,2025-06-09,D:\full-stack2\data\charts\MSFT\2025-06-09.png,2025-05-12,2025-06-09
MSFT,2025-06-10,D:\full-stack2\data\charts\MSFT\2025-06-10.png,2025-05-13,2025-06-10
MSFT,2025-06-11,D:\full-stack2\data\charts\MSFT\2025-06-11.png,2025-05-14,2025-06-11
MSFT,2025-06-12,D:\full-stack2\data\charts\MSFT\2025-06-12.png,2025-05-15,2025-06-12
MSFT,2025-06-13,D:\full-stack2\data\charts\MSFT\2025-06-13.png,2025-05-16,2025-06-13
MSFT,2025-06-16,D:\full-stack2\data\charts\MSFT\2025-06-16.png,2025-05-19,2025-06-16
MSFT,2025-06-17,D:\full-stack2\data\charts\MSFT\2025-06-17.png,2025-05-20,2025-06-17
MSFT,2025-06-18,D:\full-stack2\data\charts\MSFT\2025-06-18.png,2025-05-21,2025-06-18
MSFT,2025-06-20,D:\full-stack2\data\charts\MSFT\2025-06-20.png,2025-05-22,2025-06-20
MSFT,2025-06-23,D:\full-stack2\data\charts\MSFT\2025-06-23.png,2025-05-23,2025-06-23
MSFT,2025-06-24,D:\full-stack2\data\charts\MSFT\2025-06-24.png,2025-05-27,2025-06-24
MSFT,2025-06-25,D:\full-stack2\data\charts\MSFT\2025-06-25.png,2025-05-28,2025-06-25
MSFT,2025-06-26,D:\full-stack2\data\charts\MSFT\2025-06-26.png,2025-05-29,2025-06-26
MSFT,2025-06-27,D:\full-stack2\data\charts\MSFT\2025-06-27.png,2025-05-30,2025-06-27
MSFT,2025-06-30,D:\full-stack2\data\charts\MSFT\2025-06-30.png,2025-06-02,2025-06-30
MSFT,2025-07-01,D:\full-stack2\data\charts\MSFT\2025-07-01.png,2025-06-03,2025-07-01
MSFT,2025-07-02,D:\full-stack2\data\charts\MSFT\2025-07-02.png,2025-06-04,2025-07-02
MSFT,2025-07-03,D:\full-stack2\data\charts\MSFT\2025-07-03.png,2025-06-05,2025-07-03
MSFT,2025-07-07,D:\full-stack2\data\charts\MSFT\2025-07-07.png,2025-06-06,2025-07-07
MSFT,2025-07-08,D:\full-stack2\data\charts\MSFT\2025-07-08.png,2025-06-09,2025-07-08
MSFT,2025-07-09,D:\full-stack2\data\charts\MSFT\2025-07-09.png,2025-06-10,2025-07-09
MSFT,2025-07-10,D:\full-stack2\data\charts\MSFT\2025-07-10.png,2025-06-11,2025-07-10
MSFT,2025-07-11,D:\full-stack2\data\charts\MSFT\2025-07-11.png,2025-06-12,2025-07-11
MSFT,2025-07-14,D:\full-stack2\data\charts\MSFT\2025-07-14.png,2025-06-13,2025-07-14
MSFT,2025-07-15,D:\full-stack2\data\charts\MSFT\2025-07-15.png,2025-06-16,2025-07-15
MSFT,2025-07-16,D:\full-stack2\data\charts\MSFT\2025-07-16.png,2025-06-17,2025-07-16
MSFT,2025-07-17,D:\full-stack2\data\charts\MSFT\2025-07-17.png,2025-06-18,2025-07-17
MSFT,2025-07-18,D:\full-stack2\data\charts\MSFT\2025-07-18.png,2025-06-20,2025-07-18
MSFT,2025-07-21,D:\full-stack2\data\charts\MSFT\2025-07-21.png,2025-06-23,2025-07-21
MSFT,2025-07-22,D:\full-stack2\data\charts\MSFT\2025-07-22.png,2025-06-24,2025-07-22
MSFT,2025-07-23,D:\full-stack2\data\charts\MSFT\2025-07-23.png,2025-06-25,2025-07-23
MSFT,2025-07-24,D:\full-stack2\data\charts\MSFT\2025-07-24.png,2025-06-26,2025-07-24
MSFT,2025-07-25,D:\full-stack2\data\charts\MSFT\2025-07-25.png,2025-06-27,2025-07-25
MSFT,2025-07-28,D:\full-stack2\data\charts\MSFT\2025-07-28.png,2025-06-30,2025-07-28
MSFT,2025-07-29,D:\full-stack2\data\charts\MSFT\2025-07-29.png,2025-07-01,2025-07-29
MSFT,2025-07-30,D:\full-stack2\data\charts\MSFT\2025-07-30.png,2025-07-02,2025-07-30
MSFT,2025-07-31,D:\full-stack2\data\charts\MSFT\2025-07-31.png,2025-07-03,2025-07-31
MSFT,2025-08-01,D:\full-stack2\data\charts\MSFT\2025-08-01.png,2025-07-07,2025-08-01
MSFT,2025-08-04,D:\full-stack2\data\charts\MSFT\2025-08-04.png,2025-07-08,2025-08-04
MSFT,2025-08-05,D:\full-stack2\data\charts\MSFT\2025-08-05.png,2025-07-09,2025-08-05
MSFT,2025-08-06,D:\full-stack2\data\charts\MSFT\2025-08-06.png,2025-07-10,2025-08-06
MSFT,2025-08-07,D:\full-stack2\data\charts\MSFT\2025-08-07.png,2025-07-11,2025-08-07
MSFT,2025-08-08,D:\full-stack2\data\charts\MSFT\2025-08-08.png,2025-07-14,2025-08-08
MSFT,2025-08-11,D:\full-stack2\data\charts\MSFT\2025-08-11.png,2025-07-15,2025-08-11
MSFT,2025-08-12,D:\full-stack2\data\charts\MSFT\2025-08-12.png,2025-07-16,2025-08-12
MSFT,2025-08-13,D:\full-stack2\data\charts\MSFT\2025-08-13.png,2025-07-17,2025-08-13
MSFT,2025-08-14,D:\full-stack2\data\charts\MSFT\2025-08-14.png,2025-07-18,2025-08-14
MSFT,2025-08-15,D:\full-stack2\data\charts\MSFT\2025-08-15.png,2025-07-21,2025-08-15
MSFT,2025-08-18,D:\full-stack2\data\charts\MSFT\2025-08-18.png,2025-07-22,2025-08-18
MSFT,2025-08-19,D:\full-stack2\data\charts\MSFT\2025-08-19.png,2025-07-23,2025-08-19
MSFT,2025-08-20,D:\full-stack2\data\charts\MSFT\2025-08-20.png,2025-07-24,2025-08-20
MSFT,2025-08-21,D:\full-stack2\data\charts\MSFT\2025-08-21.png,2025-07-25,2025-08-21
MSFT,2025-08-22,D:\full-stack2\data\charts\MSFT\2025-08-22.png,2025-07-28,2025-08-22
MSFT,2025-08-25,D:\full-stack2\data\charts\MSFT\2025-08-25.png,2025-07-29,2025-08-25
MSFT,2025-08-26,D:\full-stack2\data\charts\MSFT\2025-08-26.png,2025-07-30,2025-08-26
MSFT,2025-08-27,D:\full-stack2\data\charts\MSFT\2025-08-27.png,2025-07-31,2025-08-27
MSFT,2025-08-28,D:\full-stack2\data\charts\MSFT\2025-08-28.png,2025-08-01,2025-08-28
MSFT,2025-08-29,D:\full-stack2\data\charts\MSFT\2025-08-29.png,2025-08-04,2025-08-29
MSFT,2025-09-02,D:\full-stack2\data\charts\MSFT\2025-09-02.png,2025-08-05,2025-09-02
MSFT,2025-09-03,D:\full-stack2\data\charts\MSFT\2025-09-03.png,2025-08-06,2025-09-03
MSFT,2025-09-04,D:\full-stack2\data\charts\MSFT\2025-09-04.png,2025-08-07,2025-09-04
MSFT,2025-09-05,D:\full-stack2\data\charts\MSFT\2025-09-05.png,2025-08-08,2025-09-05
MSFT,2025-09-08,D:\full-stack2\data\charts\MSFT\2025-09-08.png,2025-08-11,2025-09-08
MSFT,2025-09-09,D:\full-stack2\data\charts\MSFT\2025-09-09.png,2025-08-12,2025-09-09
MSFT,2025-09-10,D:\full-stack2\data\charts\MSFT\2025-09-10.png,2025-08-13,2025-09-10
MSFT,2025-09-11,D:\full-stack2\data\charts\MSFT\2025-09-11.png,2025-08-14,2025-09-11
MSFT,2025-09-12,D:\full-stack2\data\charts\MSFT\2025-09-12.png,2025-08-15,2025-09-12
MSFT,2025-09-15,D:\full-stack2\data\charts\MSFT\2025-09-15.png,2025-08-18,2025-09-15
MSFT,2025-09-16,D:\full-stack2\data\charts\MSFT\2025-09-16.png,2025-08-19,2025-09-16
MSFT,2025-09-17,D:\full-stack2\data\charts\MSFT\2025-09-17.png,2025-08-20,2025-09-17
MSFT,2025-09-18,D:\full-stack2\data\charts\MSFT\2025-09-18.png,2025-08-21,2025-09-18
MSFT,2025-09-19,D:\full-stack2\data\charts\MSFT\2025-09-19.png,2025-08-22,2025-09-19
MSFT,2025-09-22,D:\full-stack2\data\charts\MSFT\2025-09-22.png,2025-08-25,2025-09-22
MSFT,2025-09-23,D:\full-stack2\data\charts\MSFT\2025-09-23.png,2025-08-26,2025-09-23
MSFT,2025-09-24,D:\full-stack2\data\charts\MSFT\2025-09-24.png,2025-08-27,2025-09-24
MSFT,2025-09-25,D:\full-stack2\data\charts\MSFT\2025-09-25.png,2025-08-28,2025-09-25
MSFT,2025-09-26,D:\full-stack2\data\charts\MSFT\2025-09-26.png,2025-08-29,2025-09-26
MSFT,2025-09-29,D:\full-stack2\data\charts\MSFT\2025-09-29.png,2025-09-02,2025-09-29
MSFT,2025-09-30,D:\full-stack2\data\charts\MSFT\2025-09-30.png,2025-09-03,2025-09-30
MSFT,2025-10-01,D:\full-stack2\data\charts\MSFT\2025-10-01.png,2025-09-04,2025-10-01
MSFT,2025-10-02,D:\full-stack2\data\charts\MSFT\2025-10-02.png,2025-09-05,2025-10-02
MSFT,2025-10-03,D:\full-stack2\data\charts\MSFT\2025-10-03.png,2025-09-08,2025-10-03
MSFT,2025-10-06,D:\full-stack2\data\charts\MSFT\2025-10-06.png,2025-09-09,2025-10-06
MSFT,2025-10-07,D:\full-stack2\data\charts\MSFT\2025-10-07.png,2025-09-10,2025-10-07
MSFT,2025-10-08,D:\full-stack2\data\charts\MSFT\2025-10-08.png,2025-09-11,2025-10-08
MSFT,2025-10-09,D:\full-stack2\data\charts\MSFT\2025-10-09.png,2025-09-12,2025-10-09
MSFT,2025-10-10,D:\full-stack2\data\charts\MSFT\2025-10-10.png,2025-09-15,2025-10-10
MSFT,2025-10-13,D:\full-stack2\data\charts\MSFT\2025-10-13.png,2025-09-16,2025-10-13
MSFT,2025-10-14,D:\full-stack2\data\charts\MSFT\2025-10-14.png,2025-09-17,2025-10-14
MSFT,2025-10-15,D:\full-stack2\data\charts\MSFT\2025-10-15.png,2025-09-18,2025-10-15
MSFT,2025-10-16,D:\full-stack2\data\charts\MSFT\2025-10-16.png,2025-09-19,2025-10-16
MSFT,2025-10-17,D:\full-stack2\data\charts\MSFT\2025-10-17.png,2025-09-22,2025-10-17
MSFT,2025-10-20,D:\full-stack2\data\charts\MSFT\2025-10-20.png,2025-09-23,2025-10-20
MSFT,2025-10-21,D:\full-stack2\data\charts\MSFT\2025-10-21.png,2025-09-24,2025-10-21
MSFT,2025-10-22,D:\full-stack2\data\charts\MSFT\2025-10-22.png,2025-09-25,2025-10-22
MSFT,2025-10-23,D:\full-stack2\data\charts\MSFT\2025-10-23.png,2025-09-26,2025-10-23
MSFT,2025-10-24,D:\full-stack2\data\charts\MSFT\2025-10-24.png,2025-09-29,2025-10-24
MSFT,2025-10-27,D:\full-stack2\data\charts\MSFT\2025-10-27.png,2025-09-30,2025-10-27
MSFT,2025-10-28,D:\full-stack2\data\charts\MSFT\2025-10-28.png,2025-10-01,2025-10-28
MSFT,2025-10-29,D:\full-stack2\data\charts\MSFT\2025-10-29.png,2025-10-02,2025-10-29
MSFT,2025-10-30,D:\full-stack2\data\charts\MSFT\2025-10-30.png,2025-10-03,2025-10-30
MSFT,2025-10-31,D:\full-stack2\data\charts\MSFT\2025-10-31.png,2025-10-06,2025-10-31
MSFT,2025-11-03,D:\full-stack2\data\charts\MSFT\2025-11-03.png,2025-10-07,2025-11-03
MSFT,2025-11-04,D:\full-stack2\data\charts\MSFT\2025-11-04.png,2025-10-08,2025-11-04
MSFT,2025-11-05,D:\full-stack2\data\charts\MSFT\2025-11-05.png,2025-10-09,2025-11-05
MSFT,2025-11-06,D:\full-stack2\data\charts\MSFT\2025-11-06.png,2025-10-10,2025-11-06
MSFT,2025-11-07,D:\full-stack2\data\charts\MSFT\2025-11-07.png,2025-10-13,2025-11-07
MSFT,2025-11-10,D:\full-stack2\data\charts\MSFT\2025-11-10.png,2025-10-14,2025-11-10
MSFT,2025-11-11,D:\full-stack2\data\charts\MSFT\2025-11-11.png,2025-10-15,2025-11-11
MSFT,2025-11-12,D:\full-stack2\data\charts\MSFT\2025-11-12.png,2025-10-16,2025-11-12
MSFT,2025-11-13,D:\full-stack2\data\charts\MSFT\2025-11-13.png,2025-10-17,2025-11-13
MSFT,2025-11-14,D:\full-stack2\data\charts\MSFT\2025-11-14.png,2025-10-20,2025-11-14
MSFT,2025-11-17,D:\full-stack2\data\charts\MSFT\2025-11-17.png,2025-10-21,2025-11-17
MSFT,2025-11-18,D:\full-stack2\data\charts\MSFT\2025-11-18.png,2025-10-22,2025-11-18
MSFT,2025-11-19,D:\full-stack2\data\charts\MSFT\2025-11-19.png,2025-10-23,2025-11-19
MSFT,2025-11-20,D:\full-stack2\data\charts\MSFT\2025-11-20.png,2025-10-24,2025-11-20
MSFT,2025-11-21,D:\full-stack2\data\charts\MSFT\2025-11-21.png,2025-10-27,2025-11-21
MSFT,2025-11-24,D:\full-stack2\data\charts\MSFT\2025-11-24.png,2025-10-28,2025-11-24
MSFT,2025-11-25,D:\full-stack2\data\charts\MSFT\2025-11-25.png,2025-10-29,2025-11-25
MSFT,2025-11-26,D:\full-stack2\data\charts\MSFT\2025-11-26.png,2025-10-30,2025-11-26
MSFT,2025-11-28,D:\full-stack2\data\charts\MSFT\2025-11-28.png,2025-10-31,2025-11-28
MSFT,2025-12-01,D:\full-stack2\data\charts\MSFT\2025-12-01.png,2025-11-03,2025-12-01
MSFT,2025-12-02,D:\full-stack2\data\charts\MSFT\2025-12-02.png,2025-11-04,2025-12-02
MSFT,2025-12-03,D:\full-stack2\data\charts\MSFT\2025-12-03.png,2025-11-05,2025-12-03
MSFT,2025-12-04,D:\full-stack2\data\charts\MSFT\2025-12-04.png,2025-11-06,2025-12-04
MSFT,2025-12-05,D:\full-stack2\data\charts\MSFT\2025-12-05.png,2025-11-07,2025-12-05
MSFT,2025-12-08,D:\full-stack2\data\charts\MSFT\2025-12-08.png,2025-11-10,2025-12-08
MSFT,2025-12-09,D:\full-stack2\data\charts\MSFT\2025-12-09.png,2025-11-11,2025-12-09
MSFT,2025-12-10,D:\full-stack2\data\charts\MSFT\2025-12-10.png,2025-11-12,2025-12-10
MSFT,2025-12-11,D:\full-stack2\data\charts\MSFT\2025-12-11.png,2025-11-13,2025-12-11
MSFT,2025-12-12,D:\full-stack2\data\charts\MSFT\2025-12-12.png,2025-11-14,2025-12-12
MSFT,2025-12-15,D:\full-stack2\data\charts\MSFT\2025-12-15.png,2025-11-17,2025-12-15
MSFT,2025-12-16,D:\full-stack2\data\charts\MSFT\2025-12-16.png,2025-11-18,2025-12-16
MSFT,2025-12-17,D:\full-stack2\data\charts\MSFT\2025-12-17.png,2025-11-19,2025-12-17
MSFT,2025-12-18,D:\full-stack2\data\charts\MSFT\2025-12-18.png,2025-11-20,2025-12-18
MSFT,2025-12-19,D:\full-stack2\data\charts\MSFT\2025-12-19.png,2025-11-21,2025-12-19
MSFT,2025-12-22,D:\full-stack2\data\charts\MSFT\2025-12-22.png,2025-11-24,2025-12-22
MSFT,2025-12-23,D:\full-stack2\data\charts\MSFT\2025-12-23.png,2025-11-25,2025-12-23
MSFT,2025-12-24,D:\full-stack2\data\charts\MSFT\2025-12-24.png,2025-11-26,2025-12-24
MSFT,2025-12-26,D:\full-stack2\data\charts\MSFT\2025-12-26.png,2025-11-28,2025-12-26
MSFT,2025-12-29,D:\full-stack2\data\charts\MSFT\2025-12-29.png,2025-12-01,2025-12-29
TSLA,2022-01-31,D:\full-stack2\data\charts\TSLA\2022-01-31.png,2022-01-03,2022-01-31
TSLA,2022-02-01,D:\full-stack2\data\charts\TSLA\2022-02-01.png,2022-01-04,2022-02-01
TSLA,2022-02-02,D:\full-stack2\data\charts\TSLA\2022-02-02.png,2022-01-05,2022-02-02
TSLA,2022-02-03,D:\full-stack2\data\charts\TSLA\2022-02-03.png,2022-01-06,2022-02-03
TSLA,2022-02-04,D:\full-stack2\data\charts\TSLA\2022-02-04.png,2022-01-07,2022-02-04
TSLA,2022-02-07,D:\full-stack2\data\charts\TSLA\2022-02-07.png,2022-01-10,2022-02-07
TSLA,2022-02-08,D:\full-stack2\data\charts\TSLA\2022-02-08.png,2022-01-11,2022-02-08
TSLA,2022-02-09,D:\full-stack2\data\charts\TSLA\2022-02-09.png,2022-01-12,2022-02-09
TSLA,2022-02-10,D:\full-stack2\data\charts\TSLA\2022-02-10.png,2022-01-13,2022-02-10
TSLA,2022-02-11,D:\full-stack2\data\charts\TSLA\2022-02-11.png,2022-01-14,2022-02-11
TSLA,2022-02-14,D:\full-stack2\data\charts\TSLA\2022-02-14.png,2022-01-18,2022-02-14
TSLA,2022-02-15,D:\full-stack2\data\charts\TSLA\2022-02-15.png,2022-01-19,2022-02-15
TSLA,2022-02-16,D:\full-stack2\data\charts\TSLA\2022-02-16.png,2022-01-20,2022-02-16
TSLA,2022-02-17,D:\full-stack2\data\charts\TSLA\2022-02-17.png,2022-01-21,2022-02-17
TSLA,2022-02-18,D:\full-stack2\data\charts\TSLA\2022-02-18.png,2022-01-24,2022-02-18
TSLA,2022-02-22,D:\full-stack2\data\charts\TSLA\2022-02-22.png,2022-01-25,2022-02-22
TSLA,2022-02-23,D:\full-stack2\data\charts\TSLA\2022-02-23.png,2022-01-26,2022-02-23
TSLA,2022-02-24,D:\full-stack2\data\charts\TSLA\2022-02-24.png,2022-01-27,2022-02-24
TSLA,2022-02-25,D:\full-stack2\data\charts\TSLA\2022-02-25.png,2022-01-28,2022-02-25
TSLA,2022-02-28,D:\full-stack2\data\charts\TSLA\2022-02-28.png,2022-01-31,2022-02-28
TSLA,2022-03-01,D:\full-stack2\data\charts\TSLA\2022-03-01.png,2022-02-01,2022-03-01
TSLA,2022-03-02,D:\full-stack2\data\charts\TSLA\2022-03-02.png,2022-02-02,2022-03-02
TSLA,2022-03-03,D:\full-stack2\data\charts\TSLA\2022-03-03.png,2022-02-03,2022-03-03
TSLA,2022-03-04,D:\full-stack2\data\charts\TSLA\2022-03-04.png,2022-02-04,2022-03-04
TSLA,2022-03-07,D:\full-stack2\data\charts\TSLA\2022-03-07.png,2022-02-07,2022-03-07
TSLA,2022-03-08,D:\full-stack2\data\charts\TSLA\2022-03-08.png,2022-02-08,2022-03-08
TSLA,2022-03-09,D:\full-stack2\data\charts\TSLA\2022-03-09.png,2022-02-09,2022-03-09
TSLA,2022-03-10,D:\full-stack2\data\charts\TSLA\2022-03-10.png,2022-02-10,2022-03-10
TSLA,2022-03-11,D:\full-stack2\data\charts\TSLA\2022-03-11.png,2022-02-11,2022-03-11
TSLA,2022-03-14,D:\full-stack2\data\charts\TSLA\2022-03-14.png,2022-02-14,2022-03-14
TSLA,2022-03-15,D:\full-stack2\data\charts\TSLA\2022-03-15.png,2022-02-15,2022-03-15
TSLA,2022-03-16,D:\full-stack2\data\charts\TSLA\2022-03-16.png,2022-02-16,2022-03-16
TSLA,2022-03-17,D:\full-stack2\data\charts\TSLA\2022-03-17.png,2022-02-17,2022-03-17
TSLA,2022-03-18,D:\full-stack2\data\charts\TSLA\2022-03-18.png,2022-02-18,2022-03-18
TSLA,2022-03-21,D:\full-stack2\data\charts\TSLA\2022-03-21.png,2022-02-22,2022-03-21
TSLA,2022-03-22,D:\full-stack2\data\charts\TSLA\2022-03-22.png,2022-02-23,2022-03-22
TSLA,2022-03-23,D:\full-stack2\data\charts\TSLA\2022-03-23.png,2022-02-24,2022-03-23
TSLA,2022-03-24,D:\full-stack2\data\charts\TSLA\2022-03-24.png,2022-02-25,2022-03-24
TSLA,2022-03-25,D:\full-stack2\data\charts\TSLA\2022-03-25.png,2022-02-28,2022-03-25
TSLA,2022-03-28,D:\full-stack2\data\charts\TSLA\2022-03-28.png,2022-03-01,2022-03-28
TSLA,2022-03-29,D:\full-stack2\data\charts\TSLA\2022-03-29.png,2022-03-02,2022-03-29
TSLA,2022-03-30,D:\full-stack2\data\charts\TSLA\2022-03-30.png,2022-03-03,2022-03-30
TSLA,2022-03-31,D:\full-stack2\data\charts\TSLA\2022-03-31.png,2022-03-04,2022-03-31
TSLA,2022-04-01,D:\full-stack2\data\charts\TSLA\2022-04-01.png,2022-03-07,2022-04-01
TSLA,2022-04-04,D:\full-stack2\data\charts\TSLA\2022-04-04.png,2022-03-08,2022-04-04
TSLA,2022-04-05,D:\full-stack2\data\charts\TSLA\2022-04-05.png,2022-03-09,2022-04-05
TSLA,2022-04-06,D:\full-stack2\data\charts\TSLA\2022-04-06.png,2022-03-10,2022-04-06
TSLA,2022-04-07,D:\full-stack2\data\charts\TSLA\2022-04-07.png,2022-03-11,2022-04-07
TSLA,2022-04-08,D:\full-stack2\data\charts\TSLA\2022-04-08.png,2022-03-14,2022-04-08
TSLA,2022-04-11,D:\full-stack2\data\charts\TSLA\2022-04-11.png,2022-03-15,2022-04-11
TSLA,2022-04-12,D:\full-stack2\data\charts\TSLA\2022-04-12.png,2022-03-16,2022-04-12
TSLA,2022-04-13,D:\full-stack2\data\charts\TSLA\2022-04-13.png,2022-03-17,2022-04-13
TSLA,2022-04-14,D:\full-stack2\data\charts\TSLA\2022-04-14.png,2022-03-18,2022-04-14
TSLA,2022-04-18,D:\full-stack2\data\charts\TSLA\2022-04-18.png,2022-03-21,2022-04-18
TSLA,2022-04-19,D:\full-stack2\data\charts\TSLA\2022-04-19.png,2022-03-22,2022-04-19
TSLA,2022-04-20,D:\full-stack2\data\charts\TSLA\2022-04-20.png,2022-03-23,2022-04-20
TSLA,2022-04-21,D:\full-stack2\data\charts\TSLA\2022-04-21.png,2022-03-24,2022-04-21
TSLA,2022-04-22,D:\full-stack2\data\charts\TSLA\2022-04-22.png,2022-03-25,2022-04-22
TSLA,2022-04-25,D:\full-stack2\data\charts\TSLA\2022-04-25.png,2022-03-28,2022-04-25
TSLA,2022-04-26,D:\full-stack2\data\charts\TSLA\2022-04-26.png,2022-03-29,2022-04-26
TSLA,2022-04-27,D:\full-stack2\data\charts\TSLA\2022-04-27.png,2022-03-30,2022-04-27
TSLA,2022-04-28,D:\full-stack2\data\charts\TSLA\2022-04-28.png,2022-03-31,2022-04-28
TSLA,2022-04-29,D:\full-stack2\data\charts\TSLA\2022-04-29.png,2022-04-01,2022-04-29
TSLA,2022-05-02,D:\full-stack2\data\charts\TSLA\2022-05-02.png,2022-04-04,2022-05-02
TSLA,2022-05-03,D:\full-stack2\data\charts\TSLA\2022-05-03.png,2022-04-05,2022-05-03
TSLA,2022-05-04,D:\full-stack2\data\charts\TSLA\2022-05-04.png,2022-04-06,2022-05-04
TSLA,2022-05-05,D:\full-stack2\data\charts\TSLA\2022-05-05.png,2022-04-07,2022-05-05
TSLA,2022-05-06,D:\full-stack2\data\charts\TSLA\2022-05-06.png,2022-04-08,2022-05-06
TSLA,2022-05-09,D:\full-stack2\data\charts\TSLA\2022-05-09.png,2022-04-11,2022-05-09
TSLA,2022-05-10,D:\full-stack2\data\charts\TSLA\2022-05-10.png,2022-04-12,2022-05-10
TSLA,2022-05-11,D:\full-stack2\data\charts\TSLA\2022-05-11.png,2022-04-13,2022-05-11
TSLA,2022-05-12,D:\full-stack2\data\charts\TSLA\2022-05-12.png,2022-04-14,2022-05-12
TSLA,2022-05-13,D:\full-stack2\data\charts\TSLA\2022-05-13.png,2022-04-18,2022-05-13
TSLA,2022-05-16,D:\full-stack2\data\charts\TSLA\2022-05-16.png,2022-04-19,2022-05-16
TSLA,2022-05-17,D:\full-stack2\data\charts\TSLA\2022-05-17.png,2022-04-20,2022-05-17
TSLA,2022-05-18,D:\full-stack2\data\charts\TSLA\2022-05-18.png,2022-04-21,2022-05-18
TSLA,2022-05-19,D:\full-stack2\data\charts\TSLA\2022-05-19.png,2022-04-22,2022-05-19
TSLA,2022-05-20,D:\full-stack2\data\charts\TSLA\2022-05-20.png,2022-04-25,2022-05-20
TSLA,2022-05-23,D:\full-stack2\data\charts\TSLA\2022-05-23.png,2022-04-26,2022-05-23
TSLA,2022-05-24,D:\full-stack2\data\charts\TSLA\2022-05-24.png,2022-04-27,2022-05-24
TSLA,2022-05-25,D:\full-stack2\data\charts\TSLA\2022-05-25.png,2022-04-28,2022-05-25
TSLA,2022-05-26,D:\full-stack2\data\charts\TSLA\2022-05-26.png,2022-04-29,2022-05-26
TSLA,2022-05-27,D:\full-stack2\data\charts\TSLA\2022-05-27.png,2022-05-02,2022-05-27
TSLA,2022-05-31,D:\full-stack2\data\charts\TSLA\2022-05-31.png,2022-05-03,2022-05-31
TSLA,2022-06-01,D:\full-stack2\data\charts\TSLA\2022-06-01.png,2022-05-04,2022-06-01
TSLA,2022-06-02,D:\full-stack2\data\charts\TSLA\2022-06-02.png,2022-05-05,2022-06-02
TSLA,2022-06-03,D:\full-stack2\data\charts\TSLA\2022-06-03.png,2022-05-06,2022-06-03
TSLA,2022-06-06,D:\full-stack2\data\charts\TSLA\2022-06-06.png,2022-05-09,2022-06-06
TSLA,2022-06-07,D:\full-stack2\data\charts\TSLA\2022-06-07.png,2022-05-10,2022-06-07
TSLA,2022-06-08,D:\full-stack2\data\charts\TSLA\2022-06-08.png,2022-05-11,2022-06-08
TSLA,2022-06-09,D:\full-stack2\data\charts\TSLA\2022-06-09.png,2022-05-12,2022-06-09
TSLA,2022-06-10,D:\full-stack2\data\charts\TSLA\2022-06-10.png,2022-05-13,2022-06-10
TSLA,2022-06-13,D:\full-stack2\data\charts\TSLA\2022-06-13.png,2022-05-16,2022-06-13
TSLA,2022-06-14,D:\full-stack2\data\charts\TSLA\2022-06-14.png,2022-05-17,2022-06-14
TSLA,2022-06-15,D:\full-stack2\data\charts\TSLA\2022-06-15.png,2022-05-18,2022-06-15
TSLA,2022-06-16,D:\full-stack2\data\charts\TSLA\2022-06-16.png,2022-05-19,2022-06-16
TSLA,2022-06-17,D:\full-stack2\data\charts\TSLA\2022-06-17.png,2022-05-20,2022-06-17
TSLA,2022-06-21,D:\full-stack2\data\charts\TSLA\2022-06-21.png,2022-05-23,2022-06-21
TSLA,2022-06-22,D:\full-stack2\data\charts\TSLA\2022-06-22.png,2022-05-24,2022-06-22
TSLA,2022-06-23,D:\full-stack2\data\charts\TSLA\2022-06-23.png,2022-05-25,2022-06-23
TSLA,2022-06-24,D:\full-stack2\data\charts\TSLA\2022-06-24.png,2022-05-26,2022-06-24
TSLA,2022-06-27,D:\full-stack2\data\charts\TSLA\2022-06-27.png,2022-05-27,2022-06-27
TSLA,2022-06-28,D:\full-stack2\data\charts\TSLA\2022-06-28.png,2022-05-31,2022-06-28
TSLA,2022-06-29,D:\full-stack2\data\charts\TSLA\2022-06-29.png,2022-06-01,2022-06-29
TSLA,2022-06-30,D:\full-stack2\data\charts\TSLA\2022-06-30.png,2022-06-02,2022-06-30
TSLA,2022-07-01,D:\full-stack2\data\charts\TSLA\2022-07-01.png,2022-06-03,2022-07-01
TSLA,2022-07-05,D:\full-stack2\data\charts\TSLA\2022-07-05.png,2022-06-06,2022-07-05
TSLA,2022-07-06,D:\full-stack2\data\charts\TSLA\2022-07-06.png,2022-06-07,2022-07-06
TSLA,2022-07-07,D:\full-stack2\data\charts\TSLA\2022-07-07.png,2022-06-08,2022-07-07
TSLA,2022-07-08,D:\full-stack2\data\charts\TSLA\2022-07-08.png,2022-06-09,2022-07-08
TSLA,2022-07-11,D:\full-stack2\data\charts\TSLA\2022-07-11.png,2022-06-10,2022-07-11
TSLA,2022-07-12,D:\full-stack2\data\charts\TSLA\2022-07-12.png,2022-06-13,2022-07-12
TSLA,2022-07-13,D:\full-stack2\data\charts\TSLA\2022-07-13.png,2022-06-14,2022-07-13
TSLA,2022-07-14,D:\full-stack2\data\charts\TSLA\2022-07-14.png,2022-06-15,2022-07-14
TSLA,2022-07-15,D:\full-stack2\data\charts\TSLA\2022-07-15.png,2022-06-16,2022-07-15
TSLA,2022-07-18,D:\full-stack2\data\charts\TSLA\2022-07-18.png,2022-06-17,2022-07-18
TSLA,2022-07-19,D:\full-stack2\data\charts\TSLA\2022-07-19.png,2022-06-21,2022-07-19
TSLA,2022-07-20,D:\full-stack2\data\charts\TSLA\2022-07-20.png,2022-06-22,2022-07-20
TSLA,2022-07-21,D:\full-stack2\data\charts\TSLA\2022-07-21.png,2022-06-23,2022-07-21
TSLA,2022-07-22,D:\full-stack2\data\charts\TSLA\2022-07-22.png,2022-06-24,2022-07-22
TSLA,2022-07-25,D:\full-stack2\data\charts\TSLA\2022-07-25.png,2022-06-27,2022-07-25
TSLA,2022-07-26,D:\full-stack2\data\charts\TSLA\2022-07-26.png,2022-06-28,2022-07-26
TSLA,2022-07-27,D:\full-stack2\data\charts\TSLA\2022-07-27.png,2022-06-29,2022-07-27
TSLA,2022-07-28,D:\full-stack2\data\charts\TSLA\2022-07-28.png,2022-06-30,2022-07-28
TSLA,2022-07-29,D:\full-stack2\data\charts\TSLA\2022-07-29.png,2022-07-01,2022-07-29
TSLA,2022-08-01,D:\full-stack2\data\charts\TSLA\2022-08-01.png,2022-07-05,2022-08-01
TSLA,2022-08-02,D:\full-stack2\data\charts\TSLA\2022-08-02.png,2022-07-06,2022-08-02
TSLA,2022-08-03,D:\full-stack2\data\charts\TSLA\2022-08-03.png,2022-07-07,2022-08-03
TSLA,2022-08-04,D:\full-stack2\data\charts\TSLA\2022-08-04.png,2022-07-08,2022-08-04
TSLA,2022-08-05,D:\full-stack2\data\charts\TSLA\2022-08-05.png,2022-07-11,2022-08-05
TSLA,2022-08-08,D:\full-stack2\data\charts\TSLA\2022-08-08.png,2022-07-12,2022-08-08
TSLA,2022-08-09,D:\full-stack2\data\charts\TSLA\2022-08-09.png,2022-07-13,2022-08-09
TSLA,2022-08-10,D:\full-stack2\data\charts\TSLA\2022-08-10.png,2022-07-14,2022-08-10
TSLA,2022-08-11,D:\full-stack2\data\charts\TSLA\2022-08-11.png,2022-07-15,2022-08-11
TSLA,2022-08-12,D:\full-stack2\data\charts\TSLA\2022-08-12.png,2022-07-18,2022-08-12
TSLA,2022-08-15,D:\full-stack2\data\charts\TSLA\2022-08-15.png,2022-07-19,2022-08-15
TSLA,2022-08-16,D:\full-stack2\data\charts\TSLA\2022-08-16.png,2022-07-20,2022-08-16
TSLA,2022-08-17,D:\full-stack2\data\charts\TSLA\2022-08-17.png,2022-07-21,2022-08-17
TSLA,2022-08-18,D:\full-stack2\data\charts\TSLA\2022-08-18.png,2022-07-22,2022-08-18
TSLA,2022-08-19,D:\full-stack2\data\charts\TSLA\2022-08-19.png,2022-07-25,2022-08-19
TSLA,2022-08-22,D:\full-stack2\data\charts\TSLA\2022-08-22.png,2022-07-26,2022-08-22
TSLA,2022-08-23,D:\full-stack2\data\charts\TSLA\2022-08-23.png,2022-07-27,2022-08-23
TSLA,2022-08-24,D:\full-stack2\data\charts\TSLA\2022-08-24.png,2022-07-28,2022-08-24
TSLA,2022-08-25,D:\full-stack2\data\charts\TSLA\2022-08-25.png,2022-07-29,2022-08-25
TSLA,2022-08-26,D:\full-stack2\data\charts\TSLA\2022-08-26.png,2022-08-01,2022-08-26
TSLA,2022-08-29,D:\full-stack2\data\charts\TSLA\2022-08-29.png,2022-08-02,2022-08-29
TSLA,2022-08-30,D:\full-stack2\data\charts\TSLA\2022-08-30.png,2022-08-03,2022-08-30
TSLA,2022-08-31,D:\full-stack2\data\charts\TSLA\2022-08-31.png,2022-08-04,2022-08-31
TSLA,2022-09-01,D:\full-stack2\data\charts\TSLA\2022-09-01.png,2022-08-05,2022-09-01
TSLA,2022-09-02,D:\full-stack2\data\charts\TSLA\2022-09-02.png,2022-08-08,2022-09-02
TSLA,2022-09-06,D:\full-stack2\data\charts\TSLA\2022-09-06.png,2022-08-09,2022-09-06
TSLA,2022-09-07,D:\full-stack2\data\charts\TSLA\2022-09-07.png,2022-08-10,2022-09-07
TSLA,2022-09-08,D:\full-stack2\data\charts\TSLA\2022-09-08.png,2022-08-11,2022-09-08
TSLA,2022-09-09,D:\full-stack2\data\charts\TSLA\2022-09-09.png,2022-08-12,2022-09-09
TSLA,2022-09-12,D:\full-stack2\data\charts\TSLA\2022-09-12.png,2022-08-15,2022-09-12
TSLA,2022-09-13,D:\full-stack2\data\charts\TSLA\2022-09-13.png,2022-08-16,2022-09-13
TSLA,2022-09-14,D:\full-stack2\data\charts\TSLA\2022-09-14.png,2022-08-17,2022-09-14
TSLA,2022-09-15,D:\full-stack2\data\charts\TSLA\2022-09-15.png,2022-08-18,2022-09-15
TSLA,2022-09-16,D:\full-stack2\data\charts\TSLA\2022-09-16.png,2022-08-19,2022-09-16
TSLA,2022-09-19,D:\full-stack2\data\charts\TSLA\2022-09-19.png,2022-08-22,2022-09-19
TSLA,2022-09-20,D:\full-stack2\data\charts\TSLA\2022-09-20.png,2022-08-23,2022-09-20
TSLA,2022-09-21,D:\full-stack2\data\charts\TSLA\2022-09-21.png,2022-08-24,2022-09-21
TSLA,2022-09-22,D:\full-stack2\data\charts\TSLA\2022-09-22.png,2022-08-25,2022-09-22
TSLA,2022-09-23,D:\full-stack2\data\charts\TSLA\2022-09-23.png,2022-08-26,2022-09-23
TSLA,2022-09-26,D:\full-stack2\data\charts\TSLA\2022-09-26.png,2022-08-29,2022-09-26
TSLA,2022-09-27,D:\full-stack2\data\charts\TSLA\2022-09-27.png,2022-08-30,2022-09-27
TSLA,2022-09-28,D:\full-stack2\data\charts\TSLA\2022-09-28.png,2022-08-31,2022-09-28
TSLA,2022-09-29,D:\full-stack2\data\charts\TSLA\2022-09-29.png,2022-09-01,2022-09-29
TSLA,2022-09-30,D:\full-stack2\data\charts\TSLA\2022-09-30.png,2022-09-02,2022-09-30
TSLA,2022-10-03,D:\full-stack2\data\charts\TSLA\2022-10-03.png,2022-09-06,2022-10-03
TSLA,2022-10-04,D:\full-stack2\data\charts\TSLA\2022-10-04.png,2022-09-07,2022-10-04
TSLA,2022-10-05,D:\full-stack2\data\charts\TSLA\2022-10-05.png,2022-09-08,2022-10-05
TSLA,2022-10-06,D:\full-stack2\data\charts\TSLA\2022-10-06.png,2022-09-09,2022-10-06
TSLA,2022-10-07,D:\full-stack2\data\charts\TSLA\2022-10-07.png,2022-09-12,2022-10-07
TSLA,2022-10-10,D:\full-stack2\data\charts\TSLA\2022-10-10.png,2022-09-13,2022-10-10
TSLA,2022-10-11,D:\full-stack2\data\charts\TSLA\2022-10-11.png,2022-09-14,2022-10-11
TSLA,2022-10-12,D:\full-stack2\data\charts\TSLA\2022-10-12.png,2022-09-15,2022-10-12
TSLA,2022-10-13,D:\full-stack2\data\charts\TSLA\2022-10-13.png,2022-09-16,2022-10-13
TSLA,2022-10-14,D:\full-stack2\data\charts\TSLA\2022-10-14.png,2022-09-19,2022-10-14
TSLA,2022-10-17,D:\full-stack2\data\charts\TSLA\2022-10-17.png,2022-09-20,2022-10-17
TSLA,2022-10-18,D:\full-stack2\data\charts\TSLA\2022-10-18.png,2022-09-21,2022-10-18
TSLA,2022-10-19,D:\full-stack2\data\charts\TSLA\2022-10-19.png,2022-09-22,2022-10-19
TSLA,2022-10-20,D:\full-stack2\data\charts\TSLA\2022-10-20.png,2022-09-23,2022-10-20
TSLA,2022-10-21,D:\full-stack2\data\charts\TSLA\2022-10-21.png,2022-09-26,2022-10-21
TSLA,2022-10-24,D:\full-stack2\data\charts\TSLA\2022-10-24.png,2022-09-27,2022-10-24
TSLA,2022-10-25,D:\full-stack2\data\charts\TSLA\2022-10-25.png,2022-09-28,2022-10-25
TSLA,2022-10-26,D:\full-stack2\data\charts\TSLA\2022-10-26.png,2022-09-29,2022-10-26
TSLA,2022-10-27,D:\full-stack2\data\charts\TSLA\2022-10-27.png,2022-09-30,2022-10-27
TSLA,2022-10-28,D:\full-stack2\data\charts\TSLA\2022-10-28.png,2022-10-03,2022-10-28
TSLA,2022-10-31,D:\full-stack2\data\charts\TSLA\2022-10-31.png,2022-10-04,2022-10-31
TSLA,2022-11-01,D:\full-stack2\data\charts\TSLA\2022-11-01.png,2022-10-05,2022-11-01
TSLA,2022-11-02,D:\full-stack2\data\charts\TSLA\2022-11-02.png,2022-10-06,2022-11-02
TSLA,2022-11-03,D:\full-stack2\data\charts\TSLA\2022-11-03.png,2022-10-07,2022-11-03
TSLA,2022-11-04,D:\full-stack2\data\charts\TSLA\2022-11-04.png,2022-10-10,2022-11-04
TSLA,2022-11-07,D:\full-stack2\data\charts\TSLA\2022-11-07.png,2022-10-11,2022-11-07
TSLA,2022-11-08,D:\full-stack2\data\charts\TSLA\2022-11-08.png,2022-10-12,2022-11-08
TSLA,2022-11-09,D:\full-stack2\data\charts\TSLA\2022-11-09.png,2022-10-13,2022-11-09
TSLA,2022-11-10,D:\full-stack2\data\charts\TSLA\2022-11-10.png,2022-10-14,2022-11-10
TSLA,2022-11-11,D:\full-stack2\data\charts\TSLA\2022-11-11.png,2022-10-17,2022-11-11
TSLA,2022-11-14,D:\full-stack2\data\charts\TSLA\2022-11-14.png,2022-10-18,2022-11-14
TSLA,2022-11-15,D:\full-stack2\data\charts\TSLA\2022-11-15.png,2022-10-19,2022-11-15
TSLA,2022-11-16,D:\full-stack2\data\charts\TSLA\2022-11-16.png,2022-10-20,2022-11-16
TSLA,2022-11-17,D:\full-stack2\data\charts\TSLA\2022-11-17.png,2022-10-21,2022-11-17
TSLA,2022-11-18,D:\full-stack2\data\charts\TSLA\2022-11-18.png,2022-10-24,2022-11-18
TSLA,2022-11-21,D:\full-stack2\data\charts\TSLA\2022-11-21.png,2022-10-25,2022-11-21
TSLA,2022-11-22,D:\full-stack2\data\charts\TSLA\2022-11-22.png,2022-10-26,2022-11-22
TSLA,2022-11-23,D:\full-stack2\data\charts\TSLA\2022-11-23.png,2022-10-27,2022-11-23
TSLA,2022-11-25,D:\full-stack2\data\charts\TSLA\2022-11-25.png,2022-10-28,2022-11-25
TSLA,2022-11-28,D:\full-stack2\data\charts\TSLA\2022-11-28.png,2022-10-31,2022-11-28
TSLA,2022-11-29,D:\full-stack2\data\charts\TSLA\2022-11-29.png,2022-11-01,2022-11-29
TSLA,2022-11-30,D:\full-stack2\data\charts\TSLA\2022-11-30.png,2022-11-02,2022-11-30
TSLA,2022-12-01,D:\full-stack2\data\charts\TSLA\2022-12-01.png,2022-11-03,2022-12-01
TSLA,2022-12-02,D:\full-stack2\data\charts\TSLA\2022-12-02.png,2022-11-04,2022-12-02
TSLA,2022-12-05,D:\full-stack2\data\charts\TSLA\2022-12-05.png,2022-11-07,2022-12-05
TSLA,2022-12-06,D:\full-stack2\data\charts\TSLA\2022-12-06.png,2022-11-08,2022-12-06
TSLA,2022-12-07,D:\full-stack2\data\charts\TSLA\2022-12-07.png,2022-11-09,2022-12-07
TSLA,2022-12-08,D:\full-stack2\data\charts\TSLA\2022-12-08.png,2022-11-10,2022-12-08
TSLA,2022-12-09,D:\full-stack2\data\charts\TSLA\2022-12-09.png,2022-11-11,2022-12-09
TSLA,2022-12-12,D:\full-stack2\data\charts\TSLA\2022-12-12.png,2022-11-14,2022-12-12
TSLA,2022-12-13,D:\full-stack2\data\charts\TSLA\2022-12-13.png,2022-11-15,2022-12-13
TSLA,2022-12-14,D:\full-stack2\data\charts\TSLA\2022-12-14.png,2022-11-16,2022-12-14
TSLA,2022-12-15,D:\full-stack2\data\charts\TSLA\2022-12-15.png,2022-11-17,2022-12-15
TSLA,2022-12-16,D:\full-stack2\data\charts\TSLA\2022-12-16.png,2022-11-18,2022-12-16
TSLA,2022-12-19,D:\full-stack2\data\charts\TSLA\2022-12-19.png,2022-11-21,2022-12-19
TSLA,2022-12-20,D:\full-stack2\data\charts\TSLA\2022-12-20.png,2022-11-22,2022-12-20
TSLA,2022-12-21,D:\full-stack2\data\charts\TSLA\2022-12-21.png,2022-11-23,2022-12-21
TSLA,2022-12-22,D:\full-stack2\data\charts\TSLA\2022-12-22.png,2022-11-25,2022-12-22
TSLA,2022-12-23,D:\full-stack2\data\charts\TSLA\2022-12-23.png,2022-11-28,2022-12-23
TSLA,2022-12-27,D:\full-stack2\data\charts\TSLA\2022-12-27.png,2022-11-29,2022-12-27
TSLA,2022-12-28,D:\full-stack2\data\charts\TSLA\2022-12-28.png,2022-11-30,2022-12-28
TSLA,2022-12-29,D:\full-stack2\data\charts\TSLA\2022-12-29.png,2022-12-01,2022-12-29
TSLA,2022-12-30,D:\full-stack2\data\charts\TSLA\2022-12-30.png,2022-12-02,2022-12-30
TSLA,2023-01-03,D:\full-stack2\data\charts\TSLA\2023-01-03.png,2022-12-05,2023-01-03
TSLA,2023-01-04,D:\full-stack2\data\charts\TSLA\2023-01-04.png,2022-12-06,2023-01-04
TSLA,2023-01-05,D:\full-stack2\data\charts\TSLA\2023-01-05.png,2022-12-07,2023-01-05
TSLA,2023-01-06,D:\full-stack2\data\charts\TSLA\2023-01-06.png,2022-12-08,2023-01-06
TSLA,2023-01-09,D:\full-stack2\data\charts\TSLA\2023-01-09.png,2022-12-09,2023-01-09
TSLA,2023-01-10,D:\full-stack2\data\charts\TSLA\2023-01-10.png,2022-12-12,2023-01-10
TSLA,2023-01-11,D:\full-stack2\data\charts\TSLA\2023-01-11.png,2022-12-13,2023-01-11
TSLA,2023-01-12,D:\full-stack2\data\charts\TSLA\2023-01-12.png,2022-12-14,2023-01-12
TSLA,2023-01-13,D:\full-stack2\data\charts\TSLA\2023-01-13.png,2022-12-15,2023-01-13
TSLA,2023-01-17,D:\full-stack2\data\charts\TSLA\2023-01-17.png,2022-12-16,2023-01-17
TSLA,2023-01-18,D:\full-stack2\data\charts\TSLA\2023-01-18.png,2022-12-19,2023-01-18
TSLA,2023-01-19,D:\full-stack2\data\charts\TSLA\2023-01-19.png,2022-12-20,2023-01-19
TSLA,2023-01-20,D:\full-stack2\data\charts\TSLA\2023-01-20.png,2022-12-21,2023-01-20
TSLA,2023-01-23,D:\full-stack2\data\charts\TSLA\2023-01-23.png,2022-12-22,2023-01-23
TSLA,2023-01-24,D:\full-stack2\data\charts\TSLA\2023-01-24.png,2022-12-23,2023-01-24
TSLA,2023-01-25,D:\full-stack2\data\charts\TSLA\2023-01-25.png,2022-12-27,2023-01-25
TSLA,2023-01-26,D:\full-stack2\data\charts\TSLA\2023-01-26.png,2022-12-28,2023-01-26
TSLA,2023-01-27,D:\full-stack2\data\charts\TSLA\2023-01-27.png,2022-12-29,2023-01-27
TSLA,2023-01-30,D:\full-stack2\data\charts\TSLA\2023-01-30.png,2022-12-30,2023-01-30
TSLA,2023-01-31,D:\full-stack2\data\charts\TSLA\2023-01-31.png,2023-01-03,2023-01-31
TSLA,2023-02-01,D:\full-stack2\data\charts\TSLA\2023-02-01.png,2023-01-04,2023-02-01
TSLA,2023-02-02,D:\full-stack2\data\charts\TSLA\2023-02-02.png,2023-01-05,2023-02-02
TSLA,2023-02-03,D:\full-stack2\data\charts\TSLA\2023-02-03.png,2023-01-06,2023-02-03
TSLA,2023-02-06,D:\full-stack2\data\charts\TSLA\2023-02-06.png,2023-01-09,2023-02-06
TSLA,2023-02-07,D:\full-stack2\data\charts\TSLA\2023-02-07.png,2023-01-10,2023-02-07
TSLA,2023-02-08,D:\full-stack2\data\charts\TSLA\2023-02-08.png,2023-01-11,2023-02-08
TSLA,2023-02-09,D:\full-stack2\data\charts\TSLA\2023-02-09.png,2023-01-12,2023-02-09
TSLA,2023-02-10,D:\full-stack2\data\charts\TSLA\2023-02-10.png,2023-01-13,2023-02-10
TSLA,2023-02-13,D:\full-stack2\data\charts\TSLA\2023-02-13.png,2023-01-17,2023-02-13
TSLA,2023-02-14,D:\full-stack2\data\charts\TSLA\2023-02-14.png,2023-01-18,2023-02-14
TSLA,2023-02-15,D:\full-stack2\data\charts\TSLA\2023-02-15.png,2023-01-19,2023-02-15
TSLA,2023-02-16,D:\full-stack2\data\charts\TSLA\2023-02-16.png,2023-01-20,2023-02-16
TSLA,2023-02-17,D:\full-stack2\data\charts\TSLA\2023-02-17.png,2023-01-23,2023-02-17
TSLA,2023-02-21,D:\full-stack2\data\charts\TSLA\2023-02-21.png,2023-01-24,2023-02-21
TSLA,2023-02-22,D:\full-stack2\data\charts\TSLA\2023-02-22.png,2023-01-25,2023-02-22
TSLA,2023-02-23,D:\full-stack2\data\charts\TSLA\2023-02-23.png,2023-01-26,2023-02-23
TSLA,2023-02-24,D:\full-stack2\data\charts\TSLA\2023-02-24.png,2023-01-27,2023-02-24
TSLA,2023-02-27,D:\full-stack2\data\charts\TSLA\2023-02-27.png,2023-01-30,2023-02-27
TSLA,2023-02-28,D:\full-stack2\data\charts\TSLA\2023-02-28.png,2023-01-31,2023-02-28
TSLA,2023-03-01,D:\full-stack2\data\charts\TSLA\2023-03-01.png,2023-02-01,2023-03-01
TSLA,2023-03-02,D:\full-stack2\data\charts\TSLA\2023-03-02.png,2023-02-02,2023-03-02
TSLA,2023-03-03,D:\full-stack2\data\charts\TSLA\2023-03-03.png,2023-02-03,2023-03-03
TSLA,2023-03-06,D:\full-stack2\data\charts\TSLA\2023-03-06.png,2023-02-06,2023-03-06
TSLA,2023-03-07,D:\full-stack2\data\charts\TSLA\2023-03-07.png,2023-02-07,2023-03-07
TSLA,2023-03-08,D:\full-stack2\data\charts\TSLA\2023-03-08.png,2023-02-08,2023-03-08
TSLA,2023-03-09,D:\full-stack2\data\charts\TSLA\2023-03-09.png,2023-02-09,2023-03-09
TSLA,2023-03-10,D:\full-stack2\data\charts\TSLA\2023-03-10.png,2023-02-10,2023-03-10
TSLA,2023-03-13,D:\full-stack2\data\charts\TSLA\2023-03-13.png,2023-02-13,2023-03-13
TSLA,2023-03-14,D:\full-stack2\data\charts\TSLA\2023-03-14.png,2023-02-14,2023-03-14
TSLA,2023-03-15,D:\full-stack2\data\charts\TSLA\2023-03-15.png,2023-02-15,2023-03-15
TSLA,2023-03-16,D:\full-stack2\data\charts\TSLA\2023-03-16.png,2023-02-16,2023-03-16
TSLA,2023-03-17,D:\full-stack2\data\charts\TSLA\2023-03-17.png,2023-02-17,2023-03-17
TSLA,2023-03-20,D:\full-stack2\data\charts\TSLA\2023-03-20.png,2023-02-21,2023-03-20
TSLA,2023-03-21,D:\full-stack2\data\charts\TSLA\2023-03-21.png,2023-02-22,2023-03-21
TSLA,2023-03-22,D:\full-stack2\data\charts\TSLA\2023-03-22.png,2023-02-23,2023-03-22
TSLA,2023-03-23,D:\full-stack2\data\charts\TSLA\2023-03-23.png,2023-02-24,2023-03-23
TSLA,2023-03-24,D:\full-stack2\data\charts\TSLA\2023-03-24.png,2023-02-27,2023-03-24
TSLA,2023-03-27,D:\full-stack2\data\charts\TSLA\2023-03-27.png,2023-02-28,2023-03-27
TSLA,2023-03-28,D:\full-stack2\data\charts\TSLA\2023-03-28.png,2023-03-01,2023-03-28
TSLA,2023-03-29,D:\full-stack2\data\charts\TSLA\2023-03-29.png,2023-03-02,2023-03-29
TSLA,2023-03-30,D:\full-stack2\data\charts\TSLA\2023-03-30.png,2023-03-03,2023-03-30
TSLA,2023-03-31,D:\full-stack2\data\charts\TSLA\2023-03-31.png,2023-03-06,2023-03-31
TSLA,2023-04-03,D:\full-stack2\data\charts\TSLA\2023-04-03.png,2023-03-07,2023-04-03
TSLA,2023-04-04,D:\full-stack2\data\charts\TSLA\2023-04-04.png,2023-03-08,2023-04-04
TSLA,2023-04-05,D:\full-stack2\data\charts\TSLA\2023-04-05.png,2023-03-09,2023-04-05
TSLA,2023-04-06,D:\full-stack2\data\charts\TSLA\2023-04-06.png,2023-03-10,2023-04-06
TSLA,2023-04-10,D:\full-stack2\data\charts\TSLA\2023-04-10.png,2023-03-13,2023-04-10
TSLA,2023-04-11,D:\full-stack2\data\charts\TSLA\2023-04-11.png,2023-03-14,2023-04-11
TSLA,2023-04-12,D:\full-stack2\data\charts\TSLA\2023-04-12.png,2023-03-15,2023-04-12
TSLA,2023-04-13,D:\full-stack2\data\charts\TSLA\2023-04-13.png,2023-03-16,2023-04-13
TSLA,2023-04-14,D:\full-stack2\data\charts\TSLA\2023-04-14.png,2023-03-17,2023-04-14
TSLA,2023-04-17,D:\full-stack2\data\charts\TSLA\2023-04-17.png,2023-03-20,2023-04-17
TSLA,2023-04-18,D:\full-stack2\data\charts\TSLA\2023-04-18.png,2023-03-21,2023-04-18
TSLA,2023-04-19,D:\full-stack2\data\charts\TSLA\2023-04-19.png,2023-03-22,2023-04-19
TSLA,2023-04-20,D:\full-stack2\data\charts\TSLA\2023-04-20.png,2023-03-23,2023-04-20
TSLA,2023-04-21,D:\full-stack2\data\charts\TSLA\2023-04-21.png,2023-03-24,2023-04-21
TSLA,2023-04-24,D:\full-stack2\data\charts\TSLA\2023-04-24.png,2023-03-27,2023-04-24
TSLA,2023-04-25,D:\full-stack2\data\charts\TSLA\2023-04-25.png,2023-03-28,2023-04-25
TSLA,2023-04-26,D:\full-stack2\data\charts\TSLA\2023-04-26.png,2023-03-29,2023-04-26
TSLA,2023-04-27,D:\full-stack2\data\charts\TSLA\2023-04-27.png,2023-03-30,2023-04-27
TSLA,2023-04-28,D:\full-stack2\data\charts\TSLA\2023-04-28.png,2023-03-31,2023-04-28
TSLA,2023-05-01,D:\full-stack2\data\charts\TSLA\2023-05-01.png,2023-04-03,2023-05-01
TSLA,2023-05-02,D:\full-stack2\data\charts\TSLA\2023-05-02.png,2023-04-04,2023-05-02
TSLA,2023-05-03,D:\full-stack2\data\charts\TSLA\2023-05-03.png,2023-04-05,2023-05-03
TSLA,2023-05-04,D:\full-stack2\data\charts\TSLA\2023-05-04.png,2023-04-06,2023-05-04
TSLA,2023-05-05,D:\full-stack2\data\charts\TSLA\2023-05-05.png,2023-04-10,2023-05-05
TSLA,2023-05-08,D:\full-stack2\data\charts\TSLA\2023-05-08.png,2023-04-11,2023-05-08
TSLA,2023-05-09,D:\full-stack2\data\charts\TSLA\2023-05-09.png,2023-04-12,2023-05-09
TSLA,2023-05-10,D:\full-stack2\data\charts\TSLA\2023-05-10.png,2023-04-13,2023-05-10
TSLA,2023-05-11,D:\full-stack2\data\charts\TSLA\2023-05-11.png,2023-04-14,2023-05-11
TSLA,2023-05-12,D:\full-stack2\data\charts\TSLA\2023-05-12.png,2023-04-17,2023-05-12
TSLA,2023-05-15,D:\full-stack2\data\charts\TSLA\2023-05-15.png,2023-04-18,2023-05-15
TSLA,2023-05-16,D:\full-stack2\data\charts\TSLA\2023-05-16.png,2023-04-19,2023-05-16
TSLA,2023-05-17,D:\full-stack2\data\charts\TSLA\2023-05-17.png,2023-04-20,2023-05-17
TSLA,2023-05-18,D:\full-stack2\data\charts\TSLA\2023-05-18.png,2023-04-21,2023-05-18
TSLA,2023-05-19,D:\full-stack2\data\charts\TSLA\2023-05-19.png,2023-04-24,2023-05-19
TSLA,2023-05-22,D:\full-stack2\data\charts\TSLA\2023-05-22.png,2023-04-25,2023-05-22
TSLA,2023-05-23,D:\full-stack2\data\charts\TSLA\2023-05-23.png,2023-04-26,2023-05-23
TSLA,2023-05-24,D:\full-stack2\data\charts\TSLA\2023-05-24.png,2023-04-27,2023-05-24
TSLA,2023-05-25,D:\full-stack2\data\charts\TSLA\2023-05-25.png,2023-04-28,2023-05-25
TSLA,2023-05-26,D:\full-stack2\data\charts\TSLA\2023-05-26.png,2023-05-01,2023-05-26
TSLA,2023-05-30,D:\full-stack2\data\charts\TSLA\2023-05-30.png,2023-05-02,2023-05-30
TSLA,2023-05-31,D:\full-stack2\data\charts\TSLA\2023-05-31.png,2023-05-03,2023-05-31
TSLA,2023-06-01,D:\full-stack2\data\charts\TSLA\2023-06-01.png,2023-05-04,2023-06-01
TSLA,2023-06-02,D:\full-stack2\data\charts\TSLA\2023-06-02.png,2023-05-05,2023-06-02
TSLA,2023-06-05,D:\full-stack2\data\charts\TSLA\2023-06-05.png,2023-05-08,2023-06-05
TSLA,2023-06-06,D:\full-stack2\data\charts\TSLA\2023-06-06.png,2023-05-09,2023-06-06
TSLA,2023-06-07,D:\full-stack2\data\charts\TSLA\2023-06-07.png,2023-05-10,2023-06-07
TSLA,2023-06-08,D:\full-stack2\data\charts\TSLA\2023-06-08.png,2023-05-11,2023-06-08
TSLA,2023-06-09,D:\full-stack2\data\charts\TSLA\2023-06-09.png,2023-05-12,2023-06-09
TSLA,2023-06-12,D:\full-stack2\data\charts\TSLA\2023-06-12.png,2023-05-15,2023-06-12
TSLA,2023-06-13,D:\full-stack2\data\charts\TSLA\2023-06-13.png,2023-05-16,2023-06-13
TSLA,2023-06-14,D:\full-stack2\data\charts\TSLA\2023-06-14.png,2023-05-17,2023-06-14
TSLA,2023-06-15,D:\full-stack2\data\charts\TSLA\2023-06-15.png,2023-05-18,2023-06-15
TSLA,2023-06-16,D:\full-stack2\data\charts\TSLA\2023-06-16.png,2023-05-19,2023-06-16
TSLA,2023-06-20,D:\full-stack2\data\charts\TSLA\2023-06-20.png,2023-05-22,2023-06-20
TSLA,2023-06-21,D:\full-stack2\data\charts\TSLA\2023-06-21.png,2023-05-23,2023-06-21
TSLA,2023-06-22,D:\full-stack2\data\charts\TSLA\2023-06-22.png,2023-05-24,2023-06-22
TSLA,2023-06-23,D:\full-stack2\data\charts\TSLA\2023-06-23.png,2023-05-25,2023-06-23
TSLA,2023-06-26,D:\full-stack2\data\charts\TSLA\2023-06-26.png,2023-05-26,2023-06-26
TSLA,2023-06-27,D:\full-stack2\data\charts\TSLA\2023-06-27.png,2023-05-30,2023-06-27
TSLA,2023-06-28,D:\full-stack2\data\charts\TSLA\2023-06-28.png,2023-05-31,2023-06-28
TSLA,2023-06-29,D:\full-stack2\data\charts\TSLA\2023-06-29.png,2023-06-01,2023-06-29
TSLA,2023-06-30,D:\full-stack2\data\charts\TSLA\2023-06-30.png,2023-06-02,2023-06-30
TSLA,2023-07-03,D:\full-stack2\data\charts\TSLA\2023-07-03.png,2023-06-05,2023-07-03
TSLA,2023-07-05,D:\full-stack2\data\charts\TSLA\2023-07-05.png,2023-06-06,2023-07-05
TSLA,2023-07-06,D:\full-stack2\data\charts\TSLA\2023-07-06.png,2023-06-07,2023-07-06
TSLA,2023-07-07,D:\full-stack2\data\charts\TSLA\2023-07-07.png,2023-06-08,2023-07-07
TSLA,2023-07-10,D:\full-stack2\data\charts\TSLA\2023-07-10.png,2023-06-09,2023-07-10
TSLA,2023-07-11,D:\full-stack2\data\charts\TSLA\2023-07-11.png,2023-06-12,2023-07-11
TSLA,2023-07-12,D:\full-stack2\data\charts\TSLA\2023-07-12.png,2023-06-13,2023-07-12
TSLA,2023-07-13,D:\full-stack2\data\charts\TSLA\2023-07-13.png,2023-06-14,2023-07-13
TSLA,2023-07-14,D:\full-stack2\data\charts\TSLA\2023-07-14.png,2023-06-15,2023-07-14
TSLA,2023-07-17,D:\full-stack2\data\charts\TSLA\2023-07-17.png,2023-06-16,2023-07-17
TSLA,2023-07-18,D:\full-stack2\data\charts\TSLA\2023-07-18.png,2023-06-20,2023-07-18
TSLA,2023-07-19,D:\full-stack2\data\charts\TSLA\2023-07-19.png,2023-06-21,2023-07-19
TSLA,2023-07-20,D:\full-stack2\data\charts\TSLA\2023-07-20.png,2023-06-22,2023-07-20
TSLA,2023-07-21,D:\full-stack2\data\charts\TSLA\2023-07-21.png,2023-06-23,2023-07-21
TSLA,2023-07-24,D:\full-stack2\data\charts\TSLA\2023-07-24.png,2023-06-26,2023-07-24
TSLA,2023-07-25,D:\full-stack2\data\charts\TSLA\2023-07-25.png,2023-06-27,2023-07-25
TSLA,2023-07-26,D:\full-stack2\data\charts\TSLA\2023-07-26.png,2023-06-28,2023-07-26
TSLA,2023-07-27,D:\full-stack2\data\charts\TSLA\2023-07-27.png,2023-06-29,2023-07-27
TSLA,2023-07-28,D:\full-stack2\data\charts\TSLA\2023-07-28.png,2023-06-30,2023-07-28
TSLA,2023-07-31,D:\full-stack2\data\charts\TSLA\2023-07-31.png,2023-07-03,2023-07-31
TSLA,2023-08-01,D:\full-stack2\data\charts\TSLA\2023-08-01.png,2023-07-05,2023-08-01
TSLA,2023-08-02,D:\full-stack2\data\charts\TSLA\2023-08-02.png,2023-07-06,2023-08-02
TSLA,2023-08-03,D:\full-stack2\data\charts\TSLA\2023-08-03.png,2023-07-07,2023-08-03
TSLA,2023-08-04,D:\full-stack2\data\charts\TSLA\2023-08-04.png,2023-07-10,2023-08-04
TSLA,2023-08-07,D:\full-stack2\data\charts\TSLA\2023-08-07.png,2023-07-11,2023-08-07
TSLA,2023-08-08,D:\full-stack2\data\charts\TSLA\2023-08-08.png,2023-07-12,2023-08-08
TSLA,2023-08-09,D:\full-stack2\data\charts\TSLA\2023-08-09.png,2023-07-13,2023-08-09
TSLA,2023-08-10,D:\full-stack2\data\charts\TSLA\2023-08-10.png,2023-07-14,2023-08-10
TSLA,2023-08-11,D:\full-stack2\data\charts\TSLA\2023-08-11.png,2023-07-17,2023-08-11
TSLA,2023-08-14,D:\full-stack2\data\charts\TSLA\2023-08-14.png,2023-07-18,2023-08-14
TSLA,2023-08-15,D:\full-stack2\data\charts\TSLA\2023-08-15.png,2023-07-19,2023-08-15
TSLA,2023-08-16,D:\full-stack2\data\charts\TSLA\2023-08-16.png,2023-07-20,2023-08-16
TSLA,2023-08-17,D:\full-stack2\data\charts\TSLA\2023-08-17.png,2023-07-21,2023-08-17
TSLA,2023-08-18,D:\full-stack2\data\charts\TSLA\2023-08-18.png,2023-07-24,2023-08-18
TSLA,2023-08-21,D:\full-stack2\data\charts\TSLA\2023-08-21.png,2023-07-25,2023-08-21
TSLA,2023-08-22,D:\full-stack2\data\charts\TSLA\2023-08-22.png,2023-07-26,2023-08-22
TSLA,2023-08-23,D:\full-stack2\data\charts\TSLA\2023-08-23.png,2023-07-27,2023-08-23
TSLA,2023-08-24,D:\full-stack2\data\charts\TSLA\2023-08-24.png,2023-07-28,2023-08-24
TSLA,2023-08-25,D:\full-stack2\data\charts\TSLA\2023-08-25.png,2023-07-31,2023-08-25
TSLA,2023-08-28,D:\full-stack2\data\charts\TSLA\2023-08-28.png,2023-08-01,2023-08-28
TSLA,2023-08-29,D:\full-stack2\data\charts\TSLA\2023-08-29.png,2023-08-02,2023-08-29
TSLA,2023-08-30,D:\full-stack2\data\charts\TSLA\2023-08-30.png,2023-08-03,2023-08-30
TSLA,2023-08-31,D:\full-stack2\data\charts\TSLA\2023-08-31.png,2023-08-04,2023-08-31
TSLA,2023-09-01,D:\full-stack2\data\charts\TSLA\2023-09-01.png,2023-08-07,2023-09-01
TSLA,2023-09-05,D:\full-stack2\data\charts\TSLA\2023-09-05.png,2023-08-08,2023-09-05
TSLA,2023-09-06,D:\full-stack2\data\charts\TSLA\2023-09-06.png,2023-08-09,2023-09-06
TSLA,2023-09-07,D:\full-stack2\data\charts\TSLA\2023-09-07.png,2023-08-10,2023-09-07
TSLA,2023-09-08,D:\full-stack2\data\charts\TSLA\2023-09-08.png,2023-08-11,2023-09-08
TSLA,2023-09-11,D:\full-stack2\data\charts\TSLA\2023-09-11.png,2023-08-14,2023-09-11
TSLA,2023-09-12,D:\full-stack2\data\charts\TSLA\2023-09-12.png,2023-08-15,2023-09-12
TSLA,2023-09-13,D:\full-stack2\data\charts\TSLA\2023-09-13.png,2023-08-16,2023-09-13
TSLA,2023-09-14,D:\full-stack2\data\charts\TSLA\2023-09-14.png,2023-08-17,2023-09-14
TSLA,2023-09-15,D:\full-stack2\data\charts\TSLA\2023-09-15.png,2023-08-18,2023-09-15
TSLA,2023-09-18,D:\full-stack2\data\charts\TSLA\2023-09-18.png,2023-08-21,2023-09-18
TSLA,2023-09-19,D:\full-stack2\data\charts\TSLA\2023-09-19.png,2023-08-22,2023-09-19
TSLA,2023-09-20,D:\full-stack2\data\charts\TSLA\2023-09-20.png,2023-08-23,2023-09-20
TSLA,2023-09-21,D:\full-stack2\data\charts\TSLA\2023-09-21.png,2023-08-24,2023-09-21
TSLA,2023-09-22,D:\full-stack2\data\charts\TSLA\2023-09-22.png,2023-08-25,2023-09-22
TSLA,2023-09-25,D:\full-stack2\data\charts\TSLA\2023-09-25.png,2023-08-28,2023-09-25
TSLA,2023-09-26,D:\full-stack2\data\charts\TSLA\2023-09-26.png,2023-08-29,2023-09-26
TSLA,2023-09-27,D:\full-stack2\data\charts\TSLA\2023-09-27.png,2023-08-30,2023-09-27
TSLA,2023-09-28,D:\full-stack2\data\charts\TSLA\2023-09-28.png,2023-08-31,2023-09-28
TSLA,2023-09-29,D:\full-stack2\data\charts\TSLA\2023-09-29.png,2023-09-01,2023-09-29
TSLA,2023-10-02,D:\full-stack2\data\charts\TSLA\2023-10-02.png,2023-09-05,2023-10-02
TSLA,2023-10-03,D:\full-stack2\data\charts\TSLA\2023-10-03.png,2023-09-06,2023-10-03
TSLA,2023-10-04,D:\full-stack2\data\charts\TSLA\2023-10-04.png,2023-09-07,2023-10-04
TSLA,2023-10-05,D:\full-stack2\data\charts\TSLA\2023-10-05.png,2023-09-08,2023-10-05
TSLA,2023-10-06,D:\full-stack2\data\charts\TSLA\2023-10-06.png,2023-09-11,2023-10-06
TSLA,2023-10-09,D:\full-stack2\data\charts\TSLA\2023-10-09.png,2023-09-12,2023-10-09
TSLA,2023-10-10,D:\full-stack2\data\charts\TSLA\2023-10-10.png,2023-09-13,2023-10-10
TSLA,2023-10-11,D:\full-stack2\data\charts\TSLA\2023-10-11.png,2023-09-14,2023-10-11
TSLA,2023-10-12,D:\full-stack2\data\charts\TSLA\2023-10-12.png,2023-09-15,2023-10-12
TSLA,2023-10-13,D:\full-stack2\data\charts\TSLA\2023-10-13.png,2023-09-18,2023-10-13
TSLA,2023-10-16,D:\full-stack2\data\charts\TSLA\2023-10-16.png,2023-09-19,2023-10-16
TSLA,2023-10-17,D:\full-stack2\data\charts\TSLA\2023-10-17.png,2023-09-20,2023-10-17
TSLA,2023-10-18,D:\full-stack2\data\charts\TSLA\2023-10-18.png,2023-09-21,2023-10-18
TSLA,2023-10-19,D:\full-stack2\data\charts\TSLA\2023-10-19.png,2023-09-22,2023-10-19
TSLA,2023-10-20,D:\full-stack2\data\charts\TSLA\2023-10-20.png,2023-09-25,2023-10-20
TSLA,2023-10-23,D:\full-stack2\data\charts\TSLA\2023-10-23.png,2023-09-26,2023-10-23
TSLA,2023-10-24,D:\full-stack2\data\charts\TSLA\2023-10-24.png,2023-09-27,2023-10-24
TSLA,2023-10-25,D:\full-stack2\data\charts\TSLA\2023-10-25.png,2023-09-28,2023-10-25
TSLA,2023-10-26,D:\full-stack2\data\charts\TSLA\2023-10-26.png,2023-09-29,2023-10-26
TSLA,2023-10-27,D:\full-stack2\data\charts\TSLA\2023-10-27.png,2023-10-02,2023-10-27
TSLA,2023-10-30,D:\full-stack2\data\charts\TSLA\2023-10-30.png,2023-10-03,2023-10-30
TSLA,2023-10-31,D:\full-stack2\data\charts\TSLA\2023-10-31.png,2023-10-04,2023-10-31
TSLA,2023-11-01,D:\full-stack2\data\charts\TSLA\2023-11-01.png,2023-10-05,2023-11-01
TSLA,2023-11-02,D:\full-stack2\data\charts\TSLA\2023-11-02.png,2023-10-06,2023-11-02
TSLA,2023-11-03,D:\full-stack2\data\charts\TSLA\2023-11-03.png,2023-10-09,2023-11-03
TSLA,2023-11-06,D:\full-stack2\data\charts\TSLA\2023-11-06.png,2023-10-10,2023-11-06
TSLA,2023-11-07,D:\full-stack2\data\charts\TSLA\2023-11-07.png,2023-10-11,2023-11-07
TSLA,2023-11-08,D:\full-stack2\data\charts\TSLA\2023-11-08.png,2023-10-12,2023-11-08
TSLA,2023-11-09,D:\full-stack2\data\charts\TSLA\2023-11-09.png,2023-10-13,2023-11-09
TSLA,2023-11-10,D:\full-stack2\data\charts\TSLA\2023-11-10.png,2023-10-16,2023-11-10
TSLA,2023-11-13,D:\full-stack2\data\charts\TSLA\2023-11-13.png,2023-10-17,2023-11-13
TSLA,2023-11-14,D:\full-stack2\data\charts\TSLA\2023-11-14.png,2023-10-18,2023-11-14
TSLA,2023-11-15,D:\full-stack2\data\charts\TSLA\2023-11-15.png,2023-10-19,2023-11-15
TSLA,2023-11-16,D:\full-stack2\data\charts\TSLA\2023-11-16.png,2023-10-20,2023-11-16
TSLA,2023-11-17,D:\full-stack2\data\charts\TSLA\2023-11-17.png,2023-10-23,2023-11-17
TSLA,2023-11-20,D:\full-stack2\data\charts\TSLA\2023-11-20.png,2023-10-24,2023-11-20
TSLA,2023-11-21,D:\full-stack2\data\charts\TSLA\2023-11-21.png,2023-10-25,2023-11-21
TSLA,2023-11-22,D:\full-stack2\data\charts\TSLA\2023-11-22.png,2023-10-26,2023-11-22
TSLA,2023-11-24,D:\full-stack2\data\charts\TSLA\2023-11-24.png,2023-10-27,2023-11-24
TSLA,2023-11-27,D:\full-stack2\data\charts\TSLA\2023-11-27.png,2023-10-30,2023-11-27
TSLA,2023-11-28,D:\full-stack2\data\charts\TSLA\2023-11-28.png,2023-10-31,2023-11-28
TSLA,2023-11-29,D:\full-stack2\data\charts\TSLA\2023-11-29.png,2023-11-01,2023-11-29
TSLA,2023-11-30,D:\full-stack2\data\charts\TSLA\2023-11-30.png,2023-11-02,2023-11-30
TSLA,2023-12-01,D:\full-stack2\data\charts\TSLA\2023-12-01.png,2023-11-03,2023-12-01
TSLA,2023-12-04,D:\full-stack2\data\charts\TSLA\2023-12-04.png,2023-11-06,2023-12-04
TSLA,2023-12-05,D:\full-stack2\data\charts\TSLA\2023-12-05.png,2023-11-07,2023-12-05
TSLA,2023-12-06,D:\full-stack2\data\charts\TSLA\2023-12-06.png,2023-11-08,2023-12-06
TSLA,2023-12-07,D:\full-stack2\data\charts\TSLA\2023-12-07.png,2023-11-09,2023-12-07
TSLA,2023-12-08,D:\full-stack2\data\charts\TSLA\2023-12-08.png,2023-11-10,2023-12-08
TSLA,2023-12-11,D:\full-stack2\data\charts\TSLA\2023-12-11.png,2023-11-13,2023-12-11
TSLA,2023-12-12,D:\full-stack2\data\charts\TSLA\2023-12-12.png,2023-11-14,2023-12-12
TSLA,2023-12-13,D:\full-stack2\data\charts\TSLA\2023-12-13.png,2023-11-15,2023-12-13
TSLA,2023-12-14,D:\full-stack2\data\charts\TSLA\2023-12-14.png,2023-11-16,2023-12-14
TSLA,2023-12-15,D:\full-stack2\data\charts\TSLA\2023-12-15.png,2023-11-17,2023-12-15
TSLA,2023-12-18,D:\full-stack2\data\charts\TSLA\2023-12-18.png,2023-11-20,2023-12-18
TSLA,2023-12-19,D:\full-stack2\data\charts\TSLA\2023-12-19.png,2023-11-21,2023-12-19
TSLA,2023-12-20,D:\full-stack2\data\charts\TSLA\2023-12-20.png,2023-11-22,2023-12-20
TSLA,2023-12-21,D:\full-stack2\data\charts\TSLA\2023-12-21.png,2023-11-24,2023-12-21
TSLA,2023-12-22,D:\full-stack2\data\charts\TSLA\2023-12-22.png,2023-11-27,2023-12-22
TSLA,2023-12-26,D:\full-stack2\data\charts\TSLA\2023-12-26.png,2023-11-28,2023-12-26
TSLA,2023-12-27,D:\full-stack2\data\charts\TSLA\2023-12-27.png,2023-11-29,2023-12-27
TSLA,2023-12-28,D:\full-stack2\data\charts\TSLA\2023-12-28.png,2023-11-30,2023-12-28
TSLA,2023-12-29,D:\full-stack2\data\charts\TSLA\2023-12-29.png,2023-12-01,2023-12-29
TSLA,2024-01-02,D:\full-stack2\data\charts\TSLA\2024-01-02.png,2023-12-04,2024-01-02
TSLA,2024-01-03,D:\full-stack2\data\charts\TSLA\2024-01-03.png,2023-12-05,2024-01-03
TSLA,2024-01-04,D:\full-stack2\data\charts\TSLA\2024-01-04.png,2023-12-06,2024-01-04
TSLA,2024-01-05,D:\full-stack2\data\charts\TSLA\2024-01-05.png,2023-12-07,2024-01-05
TSLA,2024-01-08,D:\full-stack2\data\charts\TSLA\2024-01-08.png,2023-12-08,2024-01-08
TSLA,2024-01-09,D:\full-stack2\data\charts\TSLA\2024-01-09.png,2023-12-11,2024-01-09
TSLA,2024-01-10,D:\full-stack2\data\charts\TSLA\2024-01-10.png,2023-12-12,2024-01-10
TSLA,2024-01-11,D:\full-stack2\data\charts\TSLA\2024-01-11.png,2023-12-13,2024-01-11
TSLA,2024-01-12,D:\full-stack2\data\charts\TSLA\2024-01-12.png,2023-12-14,2024-01-12
TSLA,2024-01-16,D:\full-stack2\data\charts\TSLA\2024-01-16.png,2023-12-15,2024-01-16
TSLA,2024-01-17,D:\full-stack2\data\charts\TSLA\2024-01-17.png,2023-12-18,2024-01-17
TSLA,2024-01-18,D:\full-stack2\data\charts\TSLA\2024-01-18.png,2023-12-19,2024-01-18
TSLA,2024-01-19,D:\full-stack2\data\charts\TSLA\2024-01-19.png,2023-12-20,2024-01-19
TSLA,2024-01-22,D:\full-stack2\data\charts\TSLA\2024-01-22.png,2023-12-21,2024-01-22
TSLA,2024-01-23,D:\full-stack2\data\charts\TSLA\2024-01-23.png,2023-12-22,2024-01-23
TSLA,2024-01-24,D:\full-stack2\data\charts\TSLA\2024-01-24.png,2023-12-26,2024-01-24
TSLA,2024-01-25,D:\full-stack2\data\charts\TSLA\2024-01-25.png,2023-12-27,2024-01-25
TSLA,2024-01-26,D:\full-stack2\data\charts\TSLA\2024-01-26.png,2023-12-28,2024-01-26
TSLA,2024-01-29,D:\full-stack2\data\charts\TSLA\2024-01-29.png,2023-12-29,2024-01-29
TSLA,2024-01-30,D:\full-stack2\data\charts\TSLA\2024-01-30.png,2024-01-02,2024-01-30
TSLA,2024-01-31,D:\full-stack2\data\charts\TSLA\2024-01-31.png,2024-01-03,2024-01-31
TSLA,2024-02-01,D:\full-stack2\data\charts\TSLA\2024-02-01.png,2024-01-04,2024-02-01
TSLA,2024-02-02,D:\full-stack2\data\charts\TSLA\2024-02-02.png,2024-01-05,2024-02-02
TSLA,2024-02-05,D:\full-stack2\data\charts\TSLA\2024-02-05.png,2024-01-08,2024-02-05
TSLA,2024-02-06,D:\full-stack2\data\charts\TSLA\2024-02-06.png,2024-01-09,2024-02-06
TSLA,2024-02-07,D:\full-stack2\data\charts\TSLA\2024-02-07.png,2024-01-10,2024-02-07
TSLA,2024-02-08,D:\full-stack2\data\charts\TSLA\2024-02-08.png,2024-01-11,2024-02-08
TSLA,2024-02-09,D:\full-stack2\data\charts\TSLA\2024-02-09.png,2024-01-12,2024-02-09
TSLA,2024-02-12,D:\full-stack2\data\charts\TSLA\2024-02-12.png,2024-01-16,2024-02-12
TSLA,2024-02-13,D:\full-stack2\data\charts\TSLA\2024-02-13.png,2024-01-17,2024-02-13
TSLA,2024-02-14,D:\full-stack2\data\charts\TSLA\2024-02-14.png,2024-01-18,2024-02-14
TSLA,2024-02-15,D:\full-stack2\data\charts\TSLA\2024-02-15.png,2024-01-19,2024-02-15
TSLA,2024-02-16,D:\full-stack2\data\charts\TSLA\2024-02-16.png,2024-01-22,2024-02-16
TSLA,2024-02-20,D:\full-stack2\data\charts\TSLA\2024-02-20.png,2024-01-23,2024-02-20
TSLA,2024-02-21,D:\full-stack2\data\charts\TSLA\2024-02-21.png,2024-01-24,2024-02-21
TSLA,2024-02-22,D:\full-stack2\data\charts\TSLA\2024-02-22.png,2024-01-25,2024-02-22
TSLA,2024-02-23,D:\full-stack2\data\charts\TSLA\2024-02-23.png,2024-01-26,2024-02-23
TSLA,2024-02-26,D:\full-stack2\data\charts\TSLA\2024-02-26.png,2024-01-29,2024-02-26
TSLA,2024-02-27,D:\full-stack2\data\charts\TSLA\2024-02-27.png,2024-01-30,2024-02-27
TSLA,2024-02-28,D:\full-stack2\data\charts\TSLA\2024-02-28.png,2024-01-31,2024-02-28
TSLA,2024-02-29,D:\full-stack2\data\charts\TSLA\2024-02-29.png,2024-02-01,2024-02-29
TSLA,2024-03-01,D:\full-stack2\data\charts\TSLA\2024-03-01.png,2024-02-02,2024-03-01
TSLA,2024-03-04,D:\full-stack2\data\charts\TSLA\2024-03-04.png,2024-02-05,2024-03-04
TSLA,2024-03-05,D:\full-stack2\data\charts\TSLA\2024-03-05.png,2024-02-06,2024-03-05
TSLA,2024-03-06,D:\full-stack2\data\charts\TSLA\2024-03-06.png,2024-02-07,2024-03-06
TSLA,2024-03-07,D:\full-stack2\data\charts\TSLA\2024-03-07.png,2024-02-08,2024-03-07
TSLA,2024-03-08,D:\full-stack2\data\charts\TSLA\2024-03-08.png,2024-02-09,2024-03-08
TSLA,2024-03-11,D:\full-stack2\data\charts\TSLA\2024-03-11.png,2024-02-12,2024-03-11
TSLA,2024-03-12,D:\full-stack2\data\charts\TSLA\2024-03-12.png,2024-02-13,2024-03-12
TSLA,2024-03-13,D:\full-stack2\data\charts\TSLA\2024-03-13.png,2024-02-14,2024-03-13
TSLA,2024-03-14,D:\full-stack2\data\charts\TSLA\2024-03-14.png,2024-02-15,2024-03-14
TSLA,2024-03-15,D:\full-stack2\data\charts\TSLA\2024-03-15.png,2024-02-16,2024-03-15
TSLA,2024-03-18,D:\full-stack2\data\charts\TSLA\2024-03-18.png,2024-02-20,2024-03-18
TSLA,2024-03-19,D:\full-stack2\data\charts\TSLA\2024-03-19.png,2024-02-21,2024-03-19
TSLA,2024-03-20,D:\full-stack2\data\charts\TSLA\2024-03-20.png,2024-02-22,2024-03-20
TSLA,2024-03-21,D:\full-stack2\data\charts\TSLA\2024-03-21.png,2024-02-23,2024-03-21
TSLA,2024-03-22,D:\full-stack2\data\charts\TSLA\2024-03-22.png,2024-02-26,2024-03-22
TSLA,2024-03-25,D:\full-stack2\data\charts\TSLA\2024-03-25.png,2024-02-27,2024-03-25
TSLA,2024-03-26,D:\full-stack2\data\charts\TSLA\2024-03-26.png,2024-02-28,2024-03-26
TSLA,2024-03-27,D:\full-stack2\data\charts\TSLA\2024-03-27.png,2024-02-29,2024-03-27
TSLA,2024-03-28,D:\full-stack2\data\charts\TSLA\2024-03-28.png,2024-03-01,2024-03-28
TSLA,2024-04-01,D:\full-stack2\data\charts\TSLA\2024-04-01.png,2024-03-04,2024-04-01
TSLA,2024-04-02,D:\full-stack2\data\charts\TSLA\2024-04-02.png,2024-03-05,2024-04-02
TSLA,2024-04-03,D:\full-stack2\data\charts\TSLA\2024-04-03.png,2024-03-06,2024-04-03
TSLA,2024-04-04,D:\full-stack2\data\charts\TSLA\2024-04-04.png,2024-03-07,2024-04-04
TSLA,2024-04-05,D:\full-stack2\data\charts\TSLA\2024-04-05.png,2024-03-08,2024-04-05
TSLA,2024-04-08,D:\full-stack2\data\charts\TSLA\2024-04-08.png,2024-03-11,2024-04-08
TSLA,2024-04-09,D:\full-stack2\data\charts\TSLA\2024-04-09.png,2024-03-12,2024-04-09
TSLA,2024-04-10,D:\full-stack2\data\charts\TSLA\2024-04-10.png,2024-03-13,2024-04-10
TSLA,2024-04-11,D:\full-stack2\data\charts\TSLA\2024-04-11.png,2024-03-14,2024-04-11
TSLA,2024-04-12,D:\full-stack2\data\charts\TSLA\2024-04-12.png,2024-03-15,2024-04-12
TSLA,2024-04-15,D:\full-stack2\data\charts\TSLA\2024-04-15.png,2024-03-18,2024-04-15
TSLA,2024-04-16,D:\full-stack2\data\charts\TSLA\2024-04-16.png,2024-03-19,2024-04-16
TSLA,2024-04-17,D:\full-stack2\data\charts\TSLA\2024-04-17.png,2024-03-20,2024-04-17
TSLA,2024-04-18,D:\full-stack2\data\charts\TSLA\2024-04-18.png,2024-03-21,2024-04-18
TSLA,2024-04-19,D:\full-stack2\data\charts\TSLA\2024-04-19.png,2024-03-22,2024-04-19
TSLA,2024-04-22,D:\full-stack2\data\charts\TSLA\2024-04-22.png,2024-03-25,2024-04-22
TSLA,2024-04-23,D:\full-stack2\data\charts\TSLA\2024-04-23.png,2024-03-26,2024-04-23
TSLA,2024-04-24,D:\full-stack2\data\charts\TSLA\2024-04-24.png,2024-03-27,2024-04-24
TSLA,2024-04-25,D:\full-stack2\data\charts\TSLA\2024-04-25.png,2024-03-28,2024-04-25
TSLA,2024-04-26,D:\full-stack2\data\charts\TSLA\2024-04-26.png,2024-04-01,2024-04-26
TSLA,2024-04-29,D:\full-stack2\data\charts\TSLA\2024-04-29.png,2024-04-02,2024-04-29
TSLA,2024-04-30,D:\full-stack2\data\charts\TSLA\2024-04-30.png,2024-04-03,2024-04-30
TSLA,2024-05-01,D:\full-stack2\data\charts\TSLA\2024-05-01.png,2024-04-04,2024-05-01
TSLA,2024-05-02,D:\full-stack2\data\charts\TSLA\2024-05-02.png,2024-04-05,2024-05-02
TSLA,2024-05-03,D:\full-stack2\data\charts\TSLA\2024-05-03.png,2024-04-08,2024-05-03
TSLA,2024-05-06,D:\full-stack2\data\charts\TSLA\2024-05-06.png,2024-04-09,2024-05-06
TSLA,2024-05-07,D:\full-stack2\data\charts\TSLA\2024-05-07.png,2024-04-10,2024-05-07
TSLA,2024-05-08,D:\full-stack2\data\charts\TSLA\2024-05-08.png,2024-04-11,2024-05-08
TSLA,2024-05-09,D:\full-stack2\data\charts\TSLA\2024-05-09.png,2024-04-12,2024-05-09
TSLA,2024-05-10,D:\full-stack2\data\charts\TSLA\2024-05-10.png,2024-04-15,2024-05-10
TSLA,2024-05-13,D:\full-stack2\data\charts\TSLA\2024-05-13.png,2024-04-16,2024-05-13
TSLA,2024-05-14,D:\full-stack2\data\charts\TSLA\2024-05-14.png,2024-04-17,2024-05-14
TSLA,2024-05-15,D:\full-stack2\data\charts\TSLA\2024-05-15.png,2024-04-18,2024-05-15
TSLA,2024-05-16,D:\full-stack2\data\charts\TSLA\2024-05-16.png,2024-04-19,2024-05-16
TSLA,2024-05-17,D:\full-stack2\data\charts\TSLA\2024-05-17.png,2024-04-22,2024-05-17
TSLA,2024-05-20,D:\full-stack2\data\charts\TSLA\2024-05-20.png,2024-04-23,2024-05-20
TSLA,2024-05-21,D:\full-stack2\data\charts\TSLA\2024-05-21.png,2024-04-24,2024-05-21
TSLA,2024-05-22,D:\full-stack2\data\charts\TSLA\2024-05-22.png,2024-04-25,2024-05-22
TSLA,2024-05-23,D:\full-stack2\data\charts\TSLA\2024-05-23.png,2024-04-26,2024-05-23
TSLA,2024-05-24,D:\full-stack2\data\charts\TSLA\2024-05-24.png,2024-04-29,2024-05-24
TSLA,2024-05-28,D:\full-stack2\data\charts\TSLA\2024-05-28.png,2024-04-30,2024-05-28
TSLA,2024-05-29,D:\full-stack2\data\charts\TSLA\2024-05-29.png,2024-05-01,2024-05-29
TSLA,2024-05-30,D:\full-stack2\data\charts\TSLA\2024-05-30.png,2024-05-02,2024-05-30
TSLA,2024-05-31,D:\full-stack2\data\charts\TSLA\2024-05-31.png,2024-05-03,2024-05-31
TSLA,2024-06-03,D:\full-stack2\data\charts\TSLA\2024-06-03.png,2024-05-06,2024-06-03
TSLA,2024-06-04,D:\full-stack2\data\charts\TSLA\2024-06-04.png,2024-05-07,2024-06-04
TSLA,2024-06-05,D:\full-stack2\data\charts\TSLA\2024-06-05.png,2024-05-08,2024-06-05
TSLA,2024-06-06,D:\full-stack2\data\charts\TSLA\2024-06-06.png,2024-05-09,2024-06-06
TSLA,2024-06-07,D:\full-stack2\data\charts\TSLA\2024-06-07.png,2024-05-10,2024-06-07
TSLA,2024-06-10,D:\full-stack2\data\charts\TSLA\2024-06-10.png,2024-05-13,2024-06-10
TSLA,2024-06-11,D:\full-stack2\data\charts\TSLA\2024-06-11.png,2024-05-14,2024-06-11
TSLA,2024-06-12,D:\full-stack2\data\charts\TSLA\2024-06-12.png,2024-05-15,2024-06-12
TSLA,2024-06-13,D:\full-stack2\data\charts\TSLA\2024-06-13.png,2024-05-16,2024-06-13
TSLA,2024-06-14,D:\full-stack2\data\charts\TSLA\2024-06-14.png,2024-05-17,2024-06-14
TSLA,2024-06-17,D:\full-stack2\data\charts\TSLA\2024-06-17.png,2024-05-20,2024-06-17
TSLA,2024-06-18,D:\full-stack2\data\charts\TSLA\2024-06-18.png,2024-05-21,2024-06-18
TSLA,2024-06-20,D:\full-stack2\data\charts\TSLA\2024-06-20.png,2024-05-22,2024-06-20
TSLA,2024-06-21,D:\full-stack2\data\charts\TSLA\2024-06-21.png,2024-05-23,2024-06-21
TSLA,2024-06-24,D:\full-stack2\data\charts\TSLA\2024-06-24.png,2024-05-24,2024-06-24
TSLA,2024-06-25,D:\full-stack2\data\charts\TSLA\2024-06-25.png,2024-05-28,2024-06-25
TSLA,2024-06-26,D:\full-stack2\data\charts\TSLA\2024-06-26.png,2024-05-29,2024-06-26
TSLA,2024-06-27,D:\full-stack2\data\charts\TSLA\2024-06-27.png,2024-05-30,2024-06-27
TSLA,2024-06-28,D:\full-stack2\data\charts\TSLA\2024-06-28.png,2024-05-31,2024-06-28
TSLA,2024-07-01,D:\full-stack2\data\charts\TSLA\2024-07-01.png,2024-06-03,2024-07-01
TSLA,2024-07-02,D:\full-stack2\data\charts\TSLA\2024-07-02.png,2024-06-04,2024-07-02
TSLA,2024-07-03,D:\full-stack2\data\charts\TSLA\2024-07-03.png,2024-06-05,2024-07-03
TSLA,2024-07-05,D:\full-stack2\data\charts\TSLA\2024-07-05.png,2024-06-06,2024-07-05
TSLA,2024-07-08,D:\full-stack2\data\charts\TSLA\2024-07-08.png,2024-06-07,2024-07-08
TSLA,2024-07-09,D:\full-stack2\data\charts\TSLA\2024-07-09.png,2024-06-10,2024-07-09
TSLA,2024-07-10,D:\full-stack2\data\charts\TSLA\2024-07-10.png,2024-06-11,2024-07-10
TSLA,2024-07-11,D:\full-stack2\data\charts\TSLA\2024-07-11.png,2024-06-12,2024-07-11
TSLA,2024-07-12,D:\full-stack2\data\charts\TSLA\2024-07-12.png,2024-06-13,2024-07-12
TSLA,2024-07-15,D:\full-stack2\data\charts\TSLA\2024-07-15.png,2024-06-14,2024-07-15
TSLA,2024-07-16,D:\full-stack2\data\charts\TSLA\2024-07-16.png,2024-06-17,2024-07-16
TSLA,2024-07-17,D:\full-stack2\data\charts\TSLA\2024-07-17.png,2024-06-18,2024-07-17
TSLA,2024-07-18,D:\full-stack2\data\charts\TSLA\2024-07-18.png,2024-06-20,2024-07-18
TSLA,2024-07-19,D:\full-stack2\data\charts\TSLA\2024-07-19.png,2024-06-21,2024-07-19
TSLA,2024-07-22,D:\full-stack2\data\charts\TSLA\2024-07-22.png,2024-06-24,2024-07-22
TSLA,2024-07-23,D:\full-stack2\data\charts\TSLA\2024-07-23.png,2024-06-25,2024-07-23
TSLA,2024-07-24,D:\full-stack2\data\charts\TSLA\2024-07-24.png,2024-06-26,2024-07-24
TSLA,2024-07-25,D:\full-stack2\data\charts\TSLA\2024-07-25.png,2024-06-27,2024-07-25
TSLA,2024-07-26,D:\full-stack2\data\charts\TSLA\2024-07-26.png,2024-06-28,2024-07-26
TSLA,2024-07-29,D:\full-stack2\data\charts\TSLA\2024-07-29.png,2024-07-01,2024-07-29
TSLA,2024-07-30,D:\full-stack2\data\charts\TSLA\2024-07-30.png,2024-07-02,2024-07-30
TSLA,2024-07-31,D:\full-stack2\data\charts\TSLA\2024-07-31.png,2024-07-03,2024-07-31
TSLA,2024-08-01,D:\full-stack2\data\charts\TSLA\2024-08-01.png,2024-07-05,2024-08-01
TSLA,2024-08-02,D:\full-stack2\data\charts\TSLA\2024-08-02.png,2024-07-08,2024-08-02
TSLA,2024-08-05,D:\full-stack2\data\charts\TSLA\2024-08-05.png,2024-07-09,2024-08-05
TSLA,2024-08-06,D:\full-stack2\data\charts\TSLA\2024-08-06.png,2024-07-10,2024-08-06
TSLA,2024-08-07,D:\full-stack2\data\charts\TSLA\2024-08-07.png,2024-07-11,2024-08-07
TSLA,2024-08-08,D:\full-stack2\data\charts\TSLA\2024-08-08.png,2024-07-12,2024-08-08
TSLA,2024-08-09,D:\full-stack2\data\charts\TSLA\2024-08-09.png,2024-07-15,2024-08-09
TSLA,2024-08-12,D:\full-stack2\data\charts\TSLA\2024-08-12.png,2024-07-16,2024-08-12
TSLA,2024-08-13,D:\full-stack2\data\charts\TSLA\2024-08-13.png,2024-07-17,2024-08-13
TSLA,2024-08-14,D:\full-stack2\data\charts\TSLA\2024-08-14.png,2024-07-18,2024-08-14
TSLA,2024-08-15,D:\full-stack2\data\charts\TSLA\2024-08-15.png,2024-07-19,2024-08-15
TSLA,2024-08-16,D:\full-stack2\data\charts\TSLA\2024-08-16.png,2024-07-22,2024-08-16
TSLA,2024-08-19,D:\full-stack2\data\charts\TSLA\2024-08-19.png,2024-07-23,2024-08-19
TSLA,2024-08-20,D:\full-stack2\data\charts\TSLA\2024-08-20.png,2024-07-24,2024-08-20
TSLA,2024-08-21,D:\full-stack2\data\charts\TSLA\2024-08-21.png,2024-07-25,2024-08-21
TSLA,2024-08-22,D:\full-stack2\data\charts\TSLA\2024-08-22.png,2024-07-26,2024-08-22
TSLA,2024-08-23,D:\full-stack2\data\charts\TSLA\2024-08-23.png,2024-07-29,2024-08-23
TSLA,2024-08-26,D:\full-stack2\data\charts\TSLA\2024-08-26.png,2024-07-30,2024-08-26
TSLA,2024-08-27,D:\full-stack2\data\charts\TSLA\2024-08-27.png,2024-07-31,2024-08-27
TSLA,2024-08-28,D:\full-stack2\data\charts\TSLA\2024-08-28.png,2024-08-01,2024-08-28
TSLA,2024-08-29,D:\full-stack2\data\charts\TSLA\2024-08-29.png,2024-08-02,2024-08-29
TSLA,2024-08-30,D:\full-stack2\data\charts\TSLA\2024-08-30.png,2024-08-05,2024-08-30
TSLA,2024-09-03,D:\full-stack2\data\charts\TSLA\2024-09-03.png,2024-08-06,2024-09-03
TSLA,2024-09-04,D:\full-stack2\data\charts\TSLA\2024-09-04.png,2024-08-07,2024-09-04
TSLA,2024-09-05,D:\full-stack2\data\charts\TSLA\2024-09-05.png,2024-08-08,2024-09-05
TSLA,2024-09-06,D:\full-stack2\data\charts\TSLA\2024-09-06.png,2024-08-09,2024-09-06
TSLA,2024-09-09,D:\full-stack2\data\charts\TSLA\2024-09-09.png,2024-08-12,2024-09-09
TSLA,2024-09-10,D:\full-stack2\data\charts\TSLA\2024-09-10.png,2024-08-13,2024-09-10
TSLA,2024-09-11,D:\full-stack2\data\charts\TSLA\2024-09-11.png,2024-08-14,2024-09-11
TSLA,2024-09-12,D:\full-stack2\data\charts\TSLA\2024-09-12.png,2024-08-15,2024-09-12
TSLA,2024-09-13,D:\full-stack2\data\charts\TSLA\2024-09-13.png,2024-08-16,2024-09-13
TSLA,2024-09-16,D:\full-stack2\data\charts\TSLA\2024-09-16.png,2024-08-19,2024-09-16
TSLA,2024-09-17,D:\full-stack2\data\charts\TSLA\2024-09-17.png,2024-08-20,2024-09-17
TSLA,2024-09-18,D:\full-stack2\data\charts\TSLA\2024-09-18.png,2024-08-21,2024-09-18
TSLA,2024-09-19,D:\full-stack2\data\charts\TSLA\2024-09-19.png,2024-08-22,2024-09-19
TSLA,2024-09-20,D:\full-stack2\data\charts\TSLA\2024-09-20.png,2024-08-23,2024-09-20
TSLA,2024-09-23,D:\full-stack2\data\charts\TSLA\2024-09-23.png,2024-08-26,2024-09-23
TSLA,2024-09-24,D:\full-stack2\data\charts\TSLA\2024-09-24.png,2024-08-27,2024-09-24
TSLA,2024-09-25,D:\full-stack2\data\charts\TSLA\2024-09-25.png,2024-08-28,2024-09-25
TSLA,2024-09-26,D:\full-stack2\data\charts\TSLA\2024-09-26.png,2024-08-29,2024-09-26
TSLA,2024-09-27,D:\full-stack2\data\charts\TSLA\2024-09-27.png,2024-08-30,2024-09-27
TSLA,2024-09-30,D:\full-stack2\data\charts\TSLA\2024-09-30.png,2024-09-03,2024-09-30
TSLA,2024-10-01,D:\full-stack2\data\charts\TSLA\2024-10-01.png,2024-09-04,2024-10-01
TSLA,2024-10-02,D:\full-stack2\data\charts\TSLA\2024-10-02.png,2024-09-05,2024-10-02
TSLA,2024-10-03,D:\full-stack2\data\charts\TSLA\2024-10-03.png,2024-09-06,2024-10-03
TSLA,2024-10-04,D:\full-stack2\data\charts\TSLA\2024-10-04.png,2024-09-09,2024-10-04
TSLA,2024-10-07,D:\full-stack2\data\charts\TSLA\2024-10-07.png,2024-09-10,2024-10-07
TSLA,2024-10-08,D:\full-stack2\data\charts\TSLA\2024-10-08.png,2024-09-11,2024-10-08
TSLA,2024-10-09,D:\full-stack2\data\charts\TSLA\2024-10-09.png,2024-09-12,2024-10-09
TSLA,2024-10-10,D:\full-stack2\data\charts\TSLA\2024-10-10.png,2024-09-13,2024-10-10
TSLA,2024-10-11,D:\full-stack2\data\charts\TSLA\2024-10-11.png,2024-09-16,2024-10-11
TSLA,2024-10-14,D:\full-stack2\data\charts\TSLA\2024-10-14.png,2024-09-17,2024-10-14
TSLA,2024-10-15,D:\full-stack2\data\charts\TSLA\2024-10-15.png,2024-09-18,2024-10-15
TSLA,2024-10-16,D:\full-stack2\data\charts\TSLA\2024-10-16.png,2024-09-19,2024-10-16
TSLA,2024-10-17,D:\full-stack2\data\charts\TSLA\2024-10-17.png,2024-09-20,2024-10-17
TSLA,2024-10-18,D:\full-stack2\data\charts\TSLA\2024-10-18.png,2024-09-23,2024-10-18
TSLA,2024-10-21,D:\full-stack2\data\charts\TSLA\2024-10-21.png,2024-09-24,2024-10-21
TSLA,2024-10-22,D:\full-stack2\data\charts\TSLA\2024-10-22.png,2024-09-25,2024-10-22
TSLA,2024-10-23,D:\full-stack2\data\charts\TSLA\2024-10-23.png,2024-09-26,2024-10-23
TSLA,2024-10-24,D:\full-stack2\data\charts\TSLA\2024-10-24.png,2024-09-27,2024-10-24
TSLA,2024-10-25,D:\full-stack2\data\charts\TSLA\2024-10-25.png,2024-09-30,2024-10-25
TSLA,2024-10-28,D:\full-stack2\data\charts\TSLA\2024-10-28.png,2024-10-01,2024-10-28
TSLA,2024-10-29,D:\full-stack2\data\charts\TSLA\2024-10-29.png,2024-10-02,2024-10-29
TSLA,2024-10-30,D:\full-stack2\data\charts\TSLA\2024-10-30.png,2024-10-03,2024-10-30
TSLA,2024-10-31,D:\full-stack2\data\charts\TSLA\2024-10-31.png,2024-10-04,2024-10-31
TSLA,2024-11-01,D:\full-stack2\data\charts\TSLA\2024-11-01.png,2024-10-07,2024-11-01
TSLA,2024-11-04,D:\full-stack2\data\charts\TSLA\2024-11-04.png,2024-10-08,2024-11-04
TSLA,2024-11-05,D:\full-stack2\data\charts\TSLA\2024-11-05.png,2024-10-09,2024-11-05
TSLA,2024-11-06,D:\full-stack2\data\charts\TSLA\2024-11-06.png,2024-10-10,2024-11-06
TSLA,2024-11-07,D:\full-stack2\data\charts\TSLA\2024-11-07.png,2024-10-11,2024-11-07
TSLA,2024-11-08,D:\full-stack2\data\charts\TSLA\2024-11-08.png,2024-10-14,2024-11-08
TSLA,2024-11-11,D:\full-stack2\data\charts\TSLA\2024-11-11.png,2024-10-15,2024-11-11
TSLA,2024-11-12,D:\full-stack2\data\charts\TSLA\2024-11-12.png,2024-10-16,2024-11-12
TSLA,2024-11-13,D:\full-stack2\data\charts\TSLA\2024-11-13.png,2024-10-17,2024-11-13
TSLA,2024-11-14,D:\full-stack2\data\charts\TSLA\2024-11-14.png,2024-10-18,2024-11-14
TSLA,2024-11-15,D:\full-stack2\data\charts\TSLA\2024-11-15.png,2024-10-21,2024-11-15
TSLA,2024-11-18,D:\full-stack2\data\charts\TSLA\2024-11-18.png,2024-10-22,2024-11-18
TSLA,2024-11-19,D:\full-stack2\data\charts\TSLA\2024-11-19.png,2024-10-23,2024-11-19
TSLA,2024-11-20,D:\full-stack2\data\charts\TSLA\2024-11-20.png,2024-10-24,2024-11-20
TSLA,2024-11-21,D:\full-stack2\data\charts\TSLA\2024-11-21.png,2024-10-25,2024-11-21
TSLA,2024-11-22,D:\full-stack2\data\charts\TSLA\2024-11-22.png,2024-10-28,2024-11-22
TSLA,2024-11-25,D:\full-stack2\data\charts\TSLA\2024-11-25.png,2024-10-29,2024-11-25
TSLA,2024-11-26,D:\full-stack2\data\charts\TSLA\2024-11-26.png,2024-10-30,2024-11-26
TSLA,2024-11-27,D:\full-stack2\data\charts\TSLA\2024-11-27.png,2024-10-31,2024-11-27
TSLA,2024-11-29,D:\full-stack2\data\charts\TSLA\2024-11-29.png,2024-11-01,2024-11-29
TSLA,2024-12-02,D:\full-stack2\data\charts\TSLA\2024-12-02.png,2024-11-04,2024-12-02
TSLA,2024-12-03,D:\full-stack2\data\charts\TSLA\2024-12-03.png,2024-11-05,2024-12-03
TSLA,2024-12-04,D:\full-stack2\data\charts\TSLA\2024-12-04.png,2024-11-06,2024-12-04
TSLA,2024-12-05,D:\full-stack2\data\charts\TSLA\2024-12-05.png,2024-11-07,2024-12-05
TSLA,2024-12-06,D:\full-stack2\data\charts\TSLA\2024-12-06.png,2024-11-08,2024-12-06
TSLA,2024-12-09,D:\full-stack2\data\charts\TSLA\2024-12-09.png,2024-11-11,2024-12-09
TSLA,2024-12-10,D:\full-stack2\data\charts\TSLA\2024-12-10.png,2024-11-12,2024-12-10
TSLA,2024-12-11,D:\full-stack2\data\charts\TSLA\2024-12-11.png,2024-11-13,2024-12-11
TSLA,2024-12-12,D:\full-stack2\data\charts\TSLA\2024-12-12.png,2024-11-14,2024-12-12
TSLA,2024-12-13,D:\full-stack2\data\charts\TSLA\2024-12-13.png,2024-11-15,2024-12-13
TSLA,2024-12-16,D:\full-stack2\data\charts\TSLA\2024-12-16.png,2024-11-18,2024-12-16
TSLA,2024-12-17,D:\full-stack2\data\charts\TSLA\2024-12-17.png,2024-11-19,2024-12-17
TSLA,2024-12-18,D:\full-stack2\data\charts\TSLA\2024-12-18.png,2024-11-20,2024-12-18
TSLA,2024-12-19,D:\full-stack2\data\charts\TSLA\2024-12-19.png,2024-11-21,2024-12-19
TSLA,2024-12-20,D:\full-stack2\data\charts\TSLA\2024-12-20.png,2024-11-22,2024-12-20
TSLA,2024-12-23,D:\full-stack2\data\charts\TSLA\2024-12-23.png,2024-11-25,2024-12-23
TSLA,2024-12-24,D:\full-stack2\data\charts\TSLA\2024-12-24.png,2024-11-26,2024-12-24
TSLA,2024-12-26,D:\full-stack2\data\charts\TSLA\2024-12-26.png,2024-11-27,2024-12-26
TSLA,2024-12-27,D:\full-stack2\data\charts\TSLA\2024-12-27.png,2024-11-29,2024-12-27
TSLA,2024-12-30,D:\full-stack2\data\charts\TSLA\2024-12-30.png,2024-12-02,2024-12-30
TSLA,2024-12-31,D:\full-stack2\data\charts\TSLA\2024-12-31.png,2024-12-03,2024-12-31
TSLA,2025-01-02,D:\full-stack2\data\charts\TSLA\2025-01-02.png,2024-12-04,2025-01-02
TSLA,2025-01-03,D:\full-stack2\data\charts\TSLA\2025-01-03.png,2024-12-05,2025-01-03
TSLA,2025-01-06,D:\full-stack2\data\charts\TSLA\2025-01-06.png,2024-12-06,2025-01-06
TSLA,2025-01-07,D:\full-stack2\data\charts\TSLA\2025-01-07.png,2024-12-09,2025-01-07
TSLA,2025-01-08,D:\full-stack2\data\charts\TSLA\2025-01-08.png,2024-12-10,2025-01-08
TSLA,2025-01-10,D:\full-stack2\data\charts\TSLA\2025-01-10.png,2024-12-11,2025-01-10
TSLA,2025-01-13,D:\full-stack2\data\charts\TSLA\2025-01-13.png,2024-12-12,2025-01-13
TSLA,2025-01-14,D:\full-stack2\data\charts\TSLA\2025-01-14.png,2024-12-13,2025-01-14
TSLA,2025-01-15,D:\full-stack2\data\charts\TSLA\2025-01-15.png,2024-12-16,2025-01-15
TSLA,2025-01-16,D:\full-stack2\data\charts\TSLA\2025-01-16.png,2024-12-17,2025-01-16
TSLA,2025-01-17,D:\full-stack2\data\charts\TSLA\2025-01-17.png,2024-12-18,2025-01-17
TSLA,2025-01-21,D:\full-stack2\data\charts\TSLA\2025-01-21.png,2024-12-19,2025-01-21
TSLA,2025-01-22,D:\full-stack2\data\charts\TSLA\2025-01-22.png,2024-12-20,2025-01-22
TSLA,2025-01-23,D:\full-stack2\data\charts\TSLA\2025-01-23.png,2024-12-23,2025-01-23
TSLA,2025-01-24,D:\full-stack2\data\charts\TSLA\2025-01-24.png,2024-12-24,2025-01-24
TSLA,2025-01-27,D:\full-stack2\data\charts\TSLA\2025-01-27.png,2024-12-26,2025-01-27
TSLA,2025-01-28,D:\full-stack2\data\charts\TSLA\2025-01-28.png,2024-12-27,2025-01-28
TSLA,2025-01-29,D:\full-stack2\data\charts\TSLA\2025-01-29.png,2024-12-30,2025-01-29
TSLA,2025-01-30,D:\full-stack2\data\charts\TSLA\2025-01-30.png,2024-12-31,2025-01-30
TSLA,2025-01-31,D:\full-stack2\data\charts\TSLA\2025-01-31.png,2025-01-02,2025-01-31
TSLA,2025-02-03,D:\full-stack2\data\charts\TSLA\2025-02-03.png,2025-01-03,2025-02-03
TSLA,2025-02-04,D:\full-stack2\data\charts\TSLA\2025-02-04.png,2025-01-06,2025-02-04
TSLA,2025-02-05,D:\full-stack2\data\charts\TSLA\2025-02-05.png,2025-01-07,2025-02-05
TSLA,2025-02-06,D:\full-stack2\data\charts\TSLA\2025-02-06.png,2025-01-08,2025-02-06
TSLA,2025-02-07,D:\full-stack2\data\charts\TSLA\2025-02-07.png,2025-01-10,2025-02-07
TSLA,2025-02-10,D:\full-stack2\data\charts\TSLA\2025-02-10.png,2025-01-13,2025-02-10
TSLA,2025-02-11,D:\full-stack2\data\charts\TSLA\2025-02-11.png,2025-01-14,2025-02-11
TSLA,2025-02-12,D:\full-stack2\data\charts\TSLA\2025-02-12.png,2025-01-15,2025-02-12
TSLA,2025-02-13,D:\full-stack2\data\charts\TSLA\2025-02-13.png,2025-01-16,2025-02-13
TSLA,2025-02-14,D:\full-stack2\data\charts\TSLA\2025-02-14.png,2025-01-17,2025-02-14
TSLA,2025-02-18,D:\full-stack2\data\charts\TSLA\2025-02-18.png,2025-01-21,2025-02-18
TSLA,2025-02-19,D:\full-stack2\data\charts\TSLA\2025-02-19.png,2025-01-22,2025-02-19
TSLA,2025-02-20,D:\full-stack2\data\charts\TSLA\2025-02-20.png,2025-01-23,2025-02-20
TSLA,2025-02-21,D:\full-stack2\data\charts\TSLA\2025-02-21.png,2025-01-24,2025-02-21
TSLA,2025-02-24,D:\full-stack2\data\charts\TSLA\2025-02-24.png,2025-01-27,2025-02-24
TSLA,2025-02-25,D:\full-stack2\data\charts\TSLA\2025-02-25.png,2025-01-28,2025-02-25
TSLA,2025-02-26,D:\full-stack2\data\charts\TSLA\2025-02-26.png,2025-01-29,2025-02-26
TSLA,2025-02-27,D:\full-stack2\data\charts\TSLA\2025-02-27.png,2025-01-30,2025-02-27
TSLA,2025-02-28,D:\full-stack2\data\charts\TSLA\2025-02-28.png,2025-01-31,2025-02-28
TSLA,2025-03-03,D:\full-stack2\data\charts\TSLA\2025-03-03.png,2025-02-03,2025-03-03
TSLA,2025-03-04,D:\full-stack2\data\charts\TSLA\2025-03-04.png,2025-02-04,2025-03-04
TSLA,2025-03-05,D:\full-stack2\data\charts\TSLA\2025-03-05.png,2025-02-05,2025-03-05
TSLA,2025-03-06,D:\full-stack2\data\charts\TSLA\2025-03-06.png,2025-02-06,2025-03-06
TSLA,2025-03-07,D:\full-stack2\data\charts\TSLA\2025-03-07.png,2025-02-07,2025-03-07
TSLA,2025-03-10,D:\full-stack2\data\charts\TSLA\2025-03-10.png,2025-02-10,2025-03-10
TSLA,2025-03-11,D:\full-stack2\data\charts\TSLA\2025-03-11.png,2025-02-11,2025-03-11
TSLA,2025-03-12,D:\full-stack2\data\charts\TSLA\2025-03-12.png,2025-02-12,2025-03-12
TSLA,2025-03-13,D:\full-stack2\data\charts\TSLA\2025-03-13.png,2025-02-13,2025-03-13
TSLA,2025-03-14,D:\full-stack2\data\charts\TSLA\2025-03-14.png,2025-02-14,2025-03-14
TSLA,2025-03-17,D:\full-stack2\data\charts\TSLA\2025-03-17.png,2025-02-18,2025-03-17
TSLA,2025-03-18,D:\full-stack2\data\charts\TSLA\2025-03-18.png,2025-02-19,2025-03-18
TSLA,2025-03-19,D:\full-stack2\data\charts\TSLA\2025-03-19.png,2025-02-20,2025-03-19
TSLA,2025-03-20,D:\full-stack2\data\charts\TSLA\2025-03-20.png,2025-02-21,2025-03-20
TSLA,2025-03-21,D:\full-stack2\data\charts\TSLA\2025-03-21.png,2025-02-24,2025-03-21
TSLA,2025-03-24,D:\full-stack2\data\charts\TSLA\2025-03-24.png,2025-02-25,2025-03-24
TSLA,2025-03-25,D:\full-stack2\data\charts\TSLA\2025-03-25.png,2025-02-26,2025-03-25
TSLA,2025-03-26,D:\full-stack2\data\charts\TSLA\2025-03-26.png,2025-02-27,2025-03-26
TSLA,2025-03-27,D:\full-stack2\data\charts\TSLA\2025-03-27.png,2025-02-28,2025-03-27
TSLA,2025-03-28,D:\full-stack2\data\charts\TSLA\2025-03-28.png,2025-03-03,2025-03-28
TSLA,2025-03-31,D:\full-stack2\data\charts\TSLA\2025-03-31.png,2025-03-04,2025-03-31
TSLA,2025-04-01,D:\full-stack2\data\charts\TSLA\2025-04-01.png,2025-03-05,2025-04-01
TSLA,2025-04-02,D:\full-stack2\data\charts\TSLA\2025-04-02.png,2025-03-06,2025-04-02
TSLA,2025-04-03,D:\full-stack2\data\charts\TSLA\2025-04-03.png,2025-03-07,2025-04-03
TSLA,2025-04-04,D:\full-stack2\data\charts\TSLA\2025-04-04.png,2025-03-10,2025-04-04
TSLA,2025-04-07,D:\full-stack2\data\charts\TSLA\2025-04-07.png,2025-03-11,2025-04-07
TSLA,2025-04-08,D:\full-stack2\data\charts\TSLA\2025-04-08.png,2025-03-12,2025-04-08
TSLA,2025-04-09,D:\full-stack2\data\charts\TSLA\2025-04-09.png,2025-03-13,2025-04-09
TSLA,2025-04-10,D:\full-stack2\data\charts\TSLA\2025-04-10.png,2025-03-14,2025-04-10
TSLA,2025-04-11,D:\full-stack2\data\charts\TSLA\2025-04-11.png,2025-03-17,2025-04-11
TSLA,2025-04-14,D:\full-stack2\data\charts\TSLA\2025-04-14.png,2025-03-18,2025-04-14
TSLA,2025-04-15,D:\full-stack2\data\charts\TSLA\2025-04-15.png,2025-03-19,2025-04-15
TSLA,2025-04-16,D:\full-stack2\data\charts\TSLA\2025-04-16.png,2025-03-20,2025-04-16
TSLA,2025-04-17,D:\full-stack2\data\charts\TSLA\2025-04-17.png,2025-03-21,2025-04-17
TSLA,2025-04-21,D:\full-stack2\data\charts\TSLA\2025-04-21.png,2025-03-24,2025-04-21
TSLA,2025-04-22,D:\full-stack2\data\charts\TSLA\2025-04-22.png,2025-03-25,2025-04-22
TSLA,2025-04-23,D:\full-stack2\data\charts\TSLA\2025-04-23.png,2025-03-26,2025-04-23
TSLA,2025-04-24,D:\full-stack2\data\charts\TSLA\2025-04-24.png,2025-03-27,2025-04-24
TSLA,2025-04-25,D:\full-stack2\data\charts\TSLA\2025-04-25.png,2025-03-28,2025-04-25
TSLA,2025-04-28,D:\full-stack2\data\charts\TSLA\2025-04-28.png,2025-03-31,2025-04-28
TSLA,2025-04-29,D:\full-stack2\data\charts\TSLA\2025-04-29.png,2025-04-01,2025-04-29
TSLA,2025-04-30,D:\full-stack2\data\charts\TSLA\2025-04-30.png,2025-04-02,2025-04-30
TSLA,2025-05-01,D:\full-stack2\data\charts\TSLA\2025-05-01.png,2025-04-03,2025-05-01
TSLA,2025-05-02,D:\full-stack2\data\charts\TSLA\2025-05-02.png,2025-04-04,2025-05-02
TSLA,2025-05-05,D:\full-stack2\data\charts\TSLA\2025-05-05.png,2025-04-07,2025-05-05
TSLA,2025-05-06,D:\full-stack2\data\charts\TSLA\2025-05-06.png,2025-04-08,2025-05-06
TSLA,2025-05-07,D:\full-stack2\data\charts\TSLA\2025-05-07.png,2025-04-09,2025-05-07
TSLA,2025-05-08,D:\full-stack2\data\charts\TSLA\2025-05-08.png,2025-04-10,2025-05-08
TSLA,2025-05-09,D:\full-stack2\data\charts\TSLA\2025-05-09.png,2025-04-11,2025-05-09
TSLA,2025-05-12,D:\full-stack2\data\charts\TSLA\2025-05-12.png,2025-04-14,2025-05-12
TSLA,2025-05-13,D:\full-stack2\data\charts\TSLA\2025-05-13.png,2025-04-15,2025-05-13
TSLA,2025-05-14,D:\full-stack2\data\charts\TSLA\2025-05-14.png,2025-04-16,2025-05-14
TSLA,2025-05-15,D:\full-stack2\data\charts\TSLA\2025-05-15.png,2025-04-17,2025-05-15
TSLA,2025-05-16,D:\full-stack2\data\charts\TSLA\2025-05-16.png,2025-04-21,2025-05-16
TSLA,2025-05-19,D:\full-stack2\data\charts\TSLA\2025-05-19.png,2025-04-22,2025-05-19
TSLA,2025-05-20,D:\full-stack2\data\charts\TSLA\2025-05-20.png,2025-04-23,2025-05-20
TSLA,2025-05-21,D:\full-stack2\data\charts\TSLA\2025-05-21.png,2025-04-24,2025-05-21
TSLA,2025-05-22,D:\full-stack2\data\charts\TSLA\2025-05-22.png,2025-04-25,2025-05-22
TSLA,2025-05-23,D:\full-stack2\data\charts\TSLA\2025-05-23.png,2025-04-28,2025-05-23
TSLA,2025-05-27,D:\full-stack2\data\charts\TSLA\2025-05-27.png,2025-04-29,2025-05-27
TSLA,2025-05-28,D:\full-stack2\data\charts\TSLA\2025-05-28.png,2025-04-30,2025-05-28
TSLA,2025-05-29,D:\full-stack2\data\charts\TSLA\2025-05-29.png,2025-05-01,2025-05-29
TSLA,2025-05-30,D:\full-stack2\data\charts\TSLA\2025-05-30.png,2025-05-02,2025-05-30
TSLA,2025-06-02,D:\full-stack2\data\charts\TSLA\2025-06-02.png,2025-05-05,2025-06-02
TSLA,2025-06-03,D:\full-stack2\data\charts\TSLA\2025-06-03.png,2025-05-06,2025-06-03
TSLA,2025-06-04,D:\full-stack2\data\charts\TSLA\2025-06-04.png,2025-05-07,2025-06-04
TSLA,2025-06-05,D:\full-stack2\data\charts\TSLA\2025-06-05.png,2025-05-08,2025-06-05
TSLA,2025-06-06,D:\full-stack2\data\charts\TSLA\2025-06-06.png,2025-05-09,2025-06-06
TSLA,2025-06-09,D:\full-stack2\data\charts\TSLA\2025-06-09.png,2025-05-12,2025-06-09
TSLA,2025-06-10,D:\full-stack2\data\charts\TSLA\2025-06-10.png,2025-05-13,2025-06-10
TSLA,2025-06-11,D:\full-stack2\data\charts\TSLA\2025-06-11.png,2025-05-14,2025-06-11
TSLA,2025-06-12,D:\full-stack2\data\charts\TSLA\2025-06-12.png,2025-05-15,2025-06-12
TSLA,2025-06-13,D:\full-stack2\data\charts\TSLA\2025-06-13.png,2025-05-16,2025-06-13
TSLA,2025-06-16,D:\full-stack2\data\charts\TSLA\2025-06-16.png,2025-05-19,2025-06-16
TSLA,2025-06-17,D:\full-stack2\data\charts\TSLA\2025-06-17.png,2025-05-20,2025-06-17
TSLA,2025-06-18,D:\full-stack2\data\charts\TSLA\2025-06-18.png,2025-05-21,2025-06-18
TSLA,2025-06-20,D:\full-stack2\data\charts\TSLA\2025-06-20.png,2025-05-22,2025-06-20
TSLA,2025-06-23,D:\full-stack2\data\charts\TSLA\2025-06-23.png,2025-05-23,2025-06-23
TSLA,2025-06-24,D:\full-stack2\data\charts\TSLA\2025-06-24.png,2025-05-27,2025-06-24
TSLA,2025-06-25,D:\full-stack2\data\charts\TSLA\2025-06-25.png,2025-05-28,2025-06-25
TSLA,2025-06-26,D:\full-stack2\data\charts\TSLA\2025-06-26.png,2025-05-29,2025-06-26
TSLA,2025-06-27,D:\full-stack2\data\charts\TSLA\2025-06-27.png,2025-05-30,2025-06-27
TSLA,2025-06-30,D:\full-stack2\data\charts\TSLA\2025-06-30.png,2025-06-02,2025-06-30
TSLA,2025-07-01,D:\full-stack2\data\charts\TSLA\2025-07-01.png,2025-06-03,2025-07-01
TSLA,2025-07-02,D:\full-stack2\data\charts\TSLA\2025-07-02.png,2025-06-04,2025-07-02
TSLA,2025-07-03,D:\full-stack2\data\charts\TSLA\2025-07-03.png,2025-06-05,2025-07-03
TSLA,2025-07-07,D:\full-stack2\data\charts\TSLA\2025-07-07.png,2025-06-06,2025-07-07
TSLA,2025-07-08,D:\full-stack2\data\charts\TSLA\2025-07-08.png,2025-06-09,2025-07-08
TSLA,2025-07-09,D:\full-stack2\data\charts\TSLA\2025-07-09.png,2025-06-10,2025-07-09
TSLA,2025-07-10,D:\full-stack2\data\charts\TSLA\2025-07-10.png,2025-06-11,2025-07-10
TSLA,2025-07-11,D:\full-stack2\data\charts\TSLA\2025-07-11.png,2025-06-12,2025-07-11
TSLA,2025-07-14,D:\full-stack2\data\charts\TSLA\2025-07-14.png,2025-06-13,2025-07-14
TSLA,2025-07-15,D:\full-stack2\data\charts\TSLA\2025-07-15.png,2025-06-16,2025-07-15
TSLA,2025-07-16,D:\full-stack2\data\charts\TSLA\2025-07-16.png,2025-06-17,2025-07-16
TSLA,2025-07-17,D:\full-stack2\data\charts\TSLA\2025-07-17.png,2025-06-18,2025-07-17
TSLA,2025-07-18,D:\full-stack2\data\charts\TSLA\2025-07-18.png,2025-06-20,2025-07-18
TSLA,2025-07-21,D:\full-stack2\data\charts\TSLA\2025-07-21.png,2025-06-23,2025-07-21
TSLA,2025-07-22,D:\full-stack2\data\charts\TSLA\2025-07-22.png,2025-06-24,2025-07-22
TSLA,2025-07-23,D:\full-stack2\data\charts\TSLA\2025-07-23.png,2025-06-25,2025-07-23
TSLA,2025-07-24,D:\full-stack2\data\charts\TSLA\2025-07-24.png,2025-06-26,2025-07-24
TSLA,2025-07-25,D:\full-stack2\data\charts\TSLA\2025-07-25.png,2025-06-27,2025-07-25
TSLA,2025-07-28,D:\full-stack2\data\charts\TSLA\2025-07-28.png,2025-06-30,2025-07-28
TSLA,2025-07-29,D:\full-stack2\data\charts\TSLA\2025-07-29.png,2025-07-01,2025-07-29
TSLA,2025-07-30,D:\full-stack2\data\charts\TSLA\2025-07-30.png,2025-07-02,2025-07-30
TSLA,2025-07-31,D:\full-stack2\data\charts\TSLA\2025-07-31.png,2025-07-03,2025-07-31
TSLA,2025-08-01,D:\full-stack2\data\charts\TSLA\2025-08-01.png,2025-07-07,2025-08-01
TSLA,2025-08-04,D:\full-stack2\data\charts\TSLA\2025-08-04.png,2025-07-08,2025-08-04
TSLA,2025-08-05,D:\full-stack2\data\charts\TSLA\2025-08-05.png,2025-07-09,2025-08-05
TSLA,2025-08-06,D:\full-stack2\data\charts\TSLA\2025-08-06.png,2025-07-10,2025-08-06
TSLA,2025-08-07,D:\full-stack2\data\charts\TSLA\2025-08-07.png,2025-07-11,2025-08-07
TSLA,2025-08-08,D:\full-stack2\data\charts\TSLA\2025-08-08.png,2025-07-14,2025-08-08
TSLA,2025-08-11,D:\full-stack2\data\charts\TSLA\2025-08-11.png,2025-07-15,2025-08-11
TSLA,2025-08-12,D:\full-stack2\data\charts\TSLA\2025-08-12.png,2025-07-16,2025-08-12
TSLA,2025-08-13,D:\full-stack2\data\charts\TSLA\2025-08-13.png,2025-07-17,2025-08-13
TSLA,2025-08-14,D:\full-stack2\data\charts\TSLA\2025-08-14.png,2025-07-18,2025-08-14
TSLA,2025-08-15,D:\full-stack2\data\charts\TSLA\2025-08-15.png,2025-07-21,2025-08-15
TSLA,2025-08-18,D:\full-stack2\data\charts\TSLA\2025-08-18.png,2025-07-22,2025-08-18
TSLA,2025-08-19,D:\full-stack2\data\charts\TSLA\2025-08-19.png,2025-07-23,2025-08-19
TSLA,2025-08-20,D:\full-stack2\data\charts\TSLA\2025-08-20.png,2025-07-24,2025-08-20
TSLA,2025-08-21,D:\full-stack2\data\charts\TSLA\2025-08-21.png,2025-07-25,2025-08-21
TSLA,2025-08-22,D:\full-stack2\data\charts\TSLA\2025-08-22.png,2025-07-28,2025-08-22
TSLA,2025-08-25,D:\full-stack2\data\charts\TSLA\2025-08-25.png,2025-07-29,2025-08-25
TSLA,2025-08-26,D:\full-stack2\data\charts\TSLA\2025-08-26.png,2025-07-30,2025-08-26
TSLA,2025-08-27,D:\full-stack2\data\charts\TSLA\2025-08-27.png,2025-07-31,2025-08-27
TSLA,2025-08-28,D:\full-stack2\data\charts\TSLA\2025-08-28.png,2025-08-01,2025-08-28
TSLA,2025-08-29,D:\full-stack2\data\charts\TSLA\2025-08-29.png,2025-08-04,2025-08-29
TSLA,2025-09-02,D:\full-stack2\data\charts\TSLA\2025-09-02.png,2025-08-05,2025-09-02
TSLA,2025-09-03,D:\full-stack2\data\charts\TSLA\2025-09-03.png,2025-08-06,2025-09-03
TSLA,2025-09-04,D:\full-stack2\data\charts\TSLA\2025-09-04.png,2025-08-07,2025-09-04
TSLA,2025-09-05,D:\full-stack2\data\charts\TSLA\2025-09-05.png,2025-08-08,2025-09-05
TSLA,2025-09-08,D:\full-stack2\data\charts\TSLA\2025-09-08.png,2025-08-11,2025-09-08
TSLA,2025-09-09,D:\full-stack2\data\charts\TSLA\2025-09-09.png,2025-08-12,2025-09-09
TSLA,2025-09-10,D:\full-stack2\data\charts\TSLA\2025-09-10.png,2025-08-13,2025-09-10
TSLA,2025-09-11,D:\full-stack2\data\charts\TSLA\2025-09-11.png,2025-08-14,2025-09-11
TSLA,2025-09-12,D:\full-stack2\data\charts\TSLA\2025-09-12.png,2025-08-15,2025-09-12
TSLA,2025-09-15,D:\full-stack2\data\charts\TSLA\2025-09-15.png,2025-08-18,2025-09-15
TSLA,2025-09-16,D:\full-stack2\data\charts\TSLA\2025-09-16.png,2025-08-19,2025-09-16
TSLA,2025-09-17,D:\full-stack2\data\charts\TSLA\2025-09-17.png,2025-08-20,2025-09-17
TSLA,2025-09-18,D:\full-stack2\data\charts\TSLA\2025-09-18.png,2025-08-21,2025-09-18
TSLA,2025-09-19,D:\full-stack2\data\charts\TSLA\2025-09-19.png,2025-08-22,2025-09-19
TSLA,2025-09-22,D:\full-stack2\data\charts\TSLA\2025-09-22.png,2025-08-25,2025-09-22
TSLA,2025-09-23,D:\full-stack2\data\charts\TSLA\2025-09-23.png,2025-08-26,2025-09-23
TSLA,2025-09-24,D:\full-stack2\data\charts\TSLA\2025-09-24.png,2025-08-27,2025-09-24
TSLA,2025-09-25,D:\full-stack2\data\charts\TSLA\2025-09-25.png,2025-08-28,2025-09-25
TSLA,2025-09-26,D:\full-stack2\data\charts\TSLA\2025-09-26.png,2025-08-29,2025-09-26
TSLA,2025-09-29,D:\full-stack2\data\charts\TSLA\2025-09-29.png,2025-09-02,2025-09-29
TSLA,2025-09-30,D:\full-stack2\data\charts\TSLA\2025-09-30.png,2025-09-03,2025-09-30
TSLA,2025-10-01,D:\full-stack2\data\charts\TSLA\2025-10-01.png,2025-09-04,2025-10-01
TSLA,2025-10-02,D:\full-stack2\data\charts\TSLA\2025-10-02.png,2025-09-05,2025-10-02
TSLA,2025-10-03,D:\full-stack2\data\charts\TSLA\2025-10-03.png,2025-09-08,2025-10-03
TSLA,2025-10-06,D:\full-stack2\data\charts\TSLA\2025-10-06.png,2025-09-09,2025-10-06
TSLA,2025-10-07,D:\full-stack2\data\charts\TSLA\2025-10-07.png,2025-09-10,2025-10-07
TSLA,2025-10-08,D:\full-stack2\data\charts\TSLA\2025-10-08.png,2025-09-11,2025-10-08
TSLA,2025-10-09,D:\full-stack2\data\charts\TSLA\2025-10-09.png,2025-09-12,2025-10-09
TSLA,2025-10-10,D:\full-stack2\data\charts\TSLA\2025-10-10.png,2025-09-15,2025-10-10
TSLA,2025-10-13,D:\full-stack2\data\charts\TSLA\2025-10-13.png,2025-09-16,2025-10-13
TSLA,2025-10-14,D:\full-stack2\data\charts\TSLA\2025-10-14.png,2025-09-17,2025-10-14
TSLA,2025-10-15,D:\full-stack2\data\charts\TSLA\2025-10-15.png,2025-09-18,2025-10-15
TSLA,2025-10-16,D:\full-stack2\data\charts\TSLA\2025-10-16.png,2025-09-19,2025-10-16
TSLA,2025-10-17,D:\full-stack2\data\charts\TSLA\2025-10-17.png,2025-09-22,2025-10-17
TSLA,2025-10-20,D:\full-stack2\data\charts\TSLA\2025-10-20.png,2025-09-23,2025-10-20
TSLA,2025-10-21,D:\full-stack2\data\charts\TSLA\2025-10-21.png,2025-09-24,2025-10-21
TSLA,2025-10-22,D:\full-stack2\data\charts\TSLA\2025-10-22.png,2025-09-25,2025-10-22
TSLA,2025-10-23,D:\full-stack2\data\charts\TSLA\2025-10-23.png,2025-09-26,2025-10-23
TSLA,2025-10-24,D:\full-stack2\data\charts\TSLA\2025-10-24.png,2025-09-29,2025-10-24
TSLA,2025-10-27,D:\full-stack2\data\charts\TSLA\2025-10-27.png,2025-09-30,2025-10-27
TSLA,2025-10-28,D:\full-stack2\data\charts\TSLA\2025-10-28.png,2025-10-01,2025-10-28
TSLA,2025-10-29,D:\full-stack2\data\charts\TSLA\2025-10-29.png,2025-10-02,2025-10-29
TSLA,2025-10-30,D:\full-stack2\data\charts\TSLA\2025-10-30.png,2025-10-03,2025-10-30
TSLA,2025-10-31,D:\full-stack2\data\charts\TSLA\2025-10-31.png,2025-10-06,2025-10-31
TSLA,2025-11-03,D:\full-stack2\data\charts\TSLA\2025-11-03.png,2025-10-07,2025-11-03
TSLA,2025-11-04,D:\full-stack2\data\charts\TSLA\2025-11-04.png,2025-10-08,2025-11-04
TSLA,2025-11-05,D:\full-stack2\data\charts\TSLA\2025-11-05.png,2025-10-09,2025-11-05
TSLA,2025-11-06,D:\full-stack2\data\charts\TSLA\2025-11-06.png,2025-10-10,2025-11-06
TSLA,2025-11-07,D:\full-stack2\data\charts\TSLA\2025-11-07.png,2025-10-13,2025-11-07
TSLA,2025-11-10,D:\full-stack2\data\charts\TSLA\2025-11-10.png,2025-10-14,2025-11-10
TSLA,2025-11-11,D:\full-stack2\data\charts\TSLA\2025-11-11.png,2025-10-15,2025-11-11
TSLA,2025-11-12,D:\full-stack2\data\charts\TSLA\2025-11-12.png,2025-10-16,2025-11-12
TSLA,2025-11-13,D:\full-stack2\data\charts\TSLA\2025-11-13.png,2025-10-17,2025-11-13
TSLA,2025-11-14,D:\full-stack2\data\charts\TSLA\2025-11-14.png,2025-10-20,2025-11-14
TSLA,2025-11-17,D:\full-stack2\data\charts\TSLA\2025-11-17.png,2025-10-21,2025-11-17
TSLA,2025-11-18,D:\full-stack2\data\charts\TSLA\2025-11-18.png,2025-10-22,2025-11-18
TSLA,2025-11-19,D:\full-stack2\data\charts\TSLA\2025-11-19.png,2025-10-23,2025-11-19
TSLA,2025-11-20,D:\full-stack2\data\charts\TSLA\2025-11-20.png,2025-10-24,2025-11-20
TSLA,2025-11-21,D:\full-stack2\data\charts\TSLA\2025-11-21.png,2025-10-27,2025-11-21
TSLA,2025-11-24,D:\full-stack2\data\charts\TSLA\2025-11-24.png,2025-10-28,2025-11-24
TSLA,2025-11-25,D:\full-stack2\data\charts\TSLA\2025-11-25.png,2025-10-29,2025-11-25
TSLA,2025-11-26,D:\full-stack2\data\charts\TSLA\2025-11-26.png,2025-10-30,2025-11-26
TSLA,2025-11-28,D:\full-stack2\data\charts\TSLA\2025-11-28.png,2025-10-31,2025-11-28
TSLA,2025-12-01,D:\full-stack2\data\charts\TSLA\2025-12-01.png,2025-11-03,2025-12-01
TSLA,2025-12-02,D:\full-stack2\data\charts\TSLA\2025-12-02.png,2025-11-04,2025-12-02
TSLA,2025-12-03,D:\full-stack2\data\charts\TSLA\2025-12-03.png,2025-11-05,2025-12-03
TSLA,2025-12-04,D:\full-stack2\data\charts\TSLA\2025-12-04.png,2025-11-06,2025-12-04
TSLA,2025-12-05,D:\full-stack2\data\charts\TSLA\2025-12-05.png,2025-11-07,2025-12-05
TSLA,2025-12-08,D:\full-stack2\data\charts\TSLA\2025-12-08.png,2025-11-10,2025-12-08
TSLA,2025-12-09,D:\full-stack2\data\charts\TSLA\2025-12-09.png,2025-11-11,2025-12-09
TSLA,2025-12-10,D:\full-stack2\data\charts\TSLA\2025-12-10.png,2025-11-12,2025-12-10
TSLA,2025-12-11,D:\full-stack2\data\charts\TSLA\2025-12-11.png,2025-11-13,2025-12-11
TSLA,2025-12-12,D:\full-stack2\data\charts\TSLA\2025-12-12.png,2025-11-14,2025-12-12
TSLA,2025-12-15,D:\full-stack2\data\charts\TSLA\2025-12-15.png,2025-11-17,2025-12-15
TSLA,2025-12-16,D:\full-stack2\data\charts\TSLA\2025-12-16.png,2025-11-18,2025-12-16
TSLA,2025-12-17,D:\full-stack2\data\charts\TSLA\2025-12-17.png,2025-11-19,2025-12-17
TSLA,2025-12-18,D:\full-stack2\data\charts\TSLA\2025-12-18.png,2025-11-20,2025-12-18
TSLA,2025-12-19,D:\full-stack2\data\charts\TSLA\2025-12-19.png,2025-11-21,2025-12-19
TSLA,2025-12-22,D:\full-stack2\data\charts\TSLA\2025-12-22.png,2025-11-24,2025-12-22
TSLA,2025-12-23,D:\full-stack2\data\charts\TSLA\2025-12-23.png,2025-11-25,2025-12-23
TSLA,2025-12-24,D:\full-stack2\data\charts\TSLA\2025-12-24.png,2025-11-26,2025-12-24
TSLA,2025-12-26,D:\full-stack2\data\charts\TSLA\2025-12-26.png,2025-11-28,2025-12-26
TSLA,2025-12-29,D:\full-stack2\data\charts\TSLA\2025-12-29.png,2025-12-01,2025-12-29
AMZN,2022-01-31,D:\full-stack2\data\charts\AMZN\2022-01-31.png,2022-01-03,2022-01-31
AMZN,2022-02-01,D:\full-stack2\data\charts\AMZN\2022-02-01.png,2022-01-04,2022-02-01
AMZN,2022-02-02,D:\full-stack2\data\charts\AMZN\2022-02-02.png,2022-01-05,2022-02-02
AMZN,2022-02-03,D:\full-stack2\data\charts\AMZN\2022-02-03.png,2022-01-06,2022-02-03
AMZN,2022-02-04,D:\full-stack2\data\charts\AMZN\2022-02-04.png,2022-01-07,2022-02-04
AMZN,2022-02-07,D:\full-stack2\data\charts\AMZN\2022-02-07.png,2022-01-10,2022-02-07
AMZN,2022-02-08,D:\full-stack2\data\charts\AMZN\2022-02-08.png,2022-01-11,2022-02-08
AMZN,2022-02-09,D:\full-stack2\data\charts\AMZN\2022-02-09.png,2022-01-12,2022-02-09
AMZN,2022-02-10,D:\full-stack2\data\charts\AMZN\2022-02-10.png,2022-01-13,2022-02-10
AMZN,2022-02-11,D:\full-stack2\data\charts\AMZN\2022-02-11.png,2022-01-14,2022-02-11
AMZN,2022-02-14,D:\full-stack2\data\charts\AMZN\2022-02-14.png,2022-01-18,2022-02-14
AMZN,2022-02-15,D:\full-stack2\data\charts\AMZN\2022-02-15.png,2022-01-19,2022-02-15
AMZN,2022-02-16,D:\full-stack2\data\charts\AMZN\2022-02-16.png,2022-01-20,2022-02-16
AMZN,2022-02-17,D:\full-stack2\data\charts\AMZN\2022-02-17.png,2022-01-21,2022-02-17
AMZN,2022-02-18,D:\full-stack2\data\charts\AMZN\2022-02-18.png,2022-01-24,2022-02-18
AMZN,2022-02-22,D:\full-stack2\data\charts\AMZN\2022-02-22.png,2022-01-25,2022-02-22
AMZN,2022-02-23,D:\full-stack2\data\charts\AMZN\2022-02-23.png,2022-01-26,2022-02-23
AMZN,2022-02-24,D:\full-stack2\data\charts\AMZN\2022-02-24.png,2022-01-27,2022-02-24
AMZN,2022-02-25,D:\full-stack2\data\charts\AMZN\2022-02-25.png,2022-01-28,2022-02-25
AMZN,2022-02-28,D:\full-stack2\data\charts\AMZN\2022-02-28.png,2022-01-31,2022-02-28
AMZN,2022-03-01,D:\full-stack2\data\charts\AMZN\2022-03-01.png,2022-02-01,2022-03-01
AMZN,2022-03-02,D:\full-stack2\data\charts\AMZN\2022-03-02.png,2022-02-02,2022-03-02
AMZN,2022-03-03,D:\full-stack2\data\charts\AMZN\2022-03-03.png,2022-02-03,2022-03-03
AMZN,2022-03-04,D:\full-stack2\data\charts\AMZN\2022-03-04.png,2022-02-04,2022-03-04
AMZN,2022-03-07,D:\full-stack2\data\charts\AMZN\2022-03-07.png,2022-02-07,2022-03-07
AMZN,2022-03-08,D:\full-stack2\data\charts\AMZN\2022-03-08.png,2022-02-08,2022-03-08
AMZN,2022-03-09,D:\full-stack2\data\charts\AMZN\2022-03-09.png,2022-02-09,2022-03-09
AMZN,2022-03-10,D:\full-stack2\data\charts\AMZN\2022-03-10.png,2022-02-10,2022-03-10
AMZN,2022-03-11,D:\full-stack2\data\charts\AMZN\2022-03-11.png,2022-02-11,2022-03-11
AMZN,2022-03-14,D:\full-stack2\data\charts\AMZN\2022-03-14.png,2022-02-14,2022-03-14
AMZN,2022-03-15,D:\full-stack2\data\charts\AMZN\2022-03-15.png,2022-02-15,2022-03-15
AMZN,2022-03-16,D:\full-stack2\data\charts\AMZN\2022-03-16.png,2022-02-16,2022-03-16
AMZN,2022-03-17,D:\full-stack2\data\charts\AMZN\2022-03-17.png,2022-02-17,2022-03-17
AMZN,2022-03-18,D:\full-stack2\data\charts\AMZN\2022-03-18.png,2022-02-18,2022-03-18
AMZN,2022-03-21,D:\full-stack2\data\charts\AMZN\2022-03-21.png,2022-02-22,2022-03-21
AMZN,2022-03-22,D:\full-stack2\data\charts\AMZN\2022-03-22.png,2022-02-23,2022-03-22
AMZN,2022-03-23,D:\full-stack2\data\charts\AMZN\2022-03-23.png,2022-02-24,2022-03-23
AMZN,2022-03-24,D:\full-stack2\data\charts\AMZN\2022-03-24.png,2022-02-25,2022-03-24
AMZN,2022-03-25,D:\full-stack2\data\charts\AMZN\2022-03-25.png,2022-02-28,2022-03-25
AMZN,2022-03-28,D:\full-stack2\data\charts\AMZN\2022-03-28.png,2022-03-01,2022-03-28
AMZN,2022-03-29,D:\full-stack2\data\charts\AMZN\2022-03-29.png,2022-03-02,2022-03-29
AMZN,2022-03-30,D:\full-stack2\data\charts\AMZN\2022-03-30.png,2022-03-03,2022-03-30
AMZN,2022-03-31,D:\full-stack2\data\charts\AMZN\2022-03-31.png,2022-03-04,2022-03-31
AMZN,2022-04-01,D:\full-stack2\data\charts\AMZN\2022-04-01.png,2022-03-07,2022-04-01
AMZN,2022-04-04,D:\full-stack2\data\charts\AMZN\2022-04-04.png,2022-03-08,2022-04-04
AMZN,2022-04-05,D:\full-stack2\data\charts\AMZN\2022-04-05.png,2022-03-09,2022-04-05
AMZN,2022-04-06,D:\full-stack2\data\charts\AMZN\2022-04-06.png,2022-03-10,2022-04-06
AMZN,2022-04-07,D:\full-stack2\data\charts\AMZN\2022-04-07.png,2022-03-11,2022-04-07
AMZN,2022-04-08,D:\full-stack2\data\charts\AMZN\2022-04-08.png,2022-03-14,2022-04-08
AMZN,2022-04-11,D:\full-stack2\data\charts\AMZN\2022-04-11.png,2022-03-15,2022-04-11
AMZN,2022-04-12,D:\full-stack2\data\charts\AMZN\2022-04-12.png,2022-03-16,2022-04-12
AMZN,2022-04-13,D:\full-stack2\data\charts\AMZN\2022-04-13.png,2022-03-17,2022-04-13
AMZN,2022-04-14,D:\full-stack2\data\charts\AMZN\2022-04-14.png,2022-03-18,2022-04-14
AMZN,2022-04-18,D:\full-stack2\data\charts\AMZN\2022-04-18.png,2022-03-21,2022-04-18
AMZN,2022-04-19,D:\full-stack2\data\charts\AMZN\2022-04-19.png,2022-03-22,2022-04-19
AMZN,2022-04-20,D:\full-stack2\data\charts\AMZN\2022-04-20.png,2022-03-23,2022-04-20
AMZN,2022-04-21,D:\full-stack2\data\charts\AMZN\2022-04-21.png,2022-03-24,2022-04-21
AMZN,2022-04-22,D:\full-stack2\data\charts\AMZN\2022-04-22.png,2022-03-25,2022-04-22
AMZN,2022-04-25,D:\full-stack2\data\charts\AMZN\2022-04-25.png,2022-03-28,2022-04-25
AMZN,2022-04-26,D:\full-stack2\data\charts\AMZN\2022-04-26.png,2022-03-29,2022-04-26
AMZN,2022-04-27,D:\full-stack2\data\charts\AMZN\2022-04-27.png,2022-03-30,2022-04-27
AMZN,2022-04-28,D:\full-stack2\data\charts\AMZN\2022-04-28.png,2022-03-31,2022-04-28
AMZN,2022-04-29,D:\full-stack2\data\charts\AMZN\2022-04-29.png,2022-04-01,2022-04-29
AMZN,2022-05-02,D:\full-stack2\data\charts\AMZN\2022-05-02.png,2022-04-04,2022-05-02
AMZN,2022-05-03,D:\full-stack2\data\charts\AMZN\2022-05-03.png,2022-04-05,2022-05-03
AMZN,2022-05-04,D:\full-stack2\data\charts\AMZN\2022-05-04.png,2022-04-06,2022-05-04
AMZN,2022-05-05,D:\full-stack2\data\charts\AMZN\2022-05-05.png,2022-04-07,2022-05-05
AMZN,2022-05-06,D:\full-stack2\data\charts\AMZN\2022-05-06.png,2022-04-08,2022-05-06
AMZN,2022-05-09,D:\full-stack2\data\charts\AMZN\2022-05-09.png,2022-04-11,2022-05-09
AMZN,2022-05-10,D:\full-stack2\data\charts\AMZN\2022-05-10.png,2022-04-12,2022-05-10
AMZN,2022-05-11,D:\full-stack2\data\charts\AMZN\2022-05-11.png,2022-04-13,2022-05-11
AMZN,2022-05-12,D:\full-stack2\data\charts\AMZN\2022-05-12.png,2022-04-14,2022-05-12
AMZN,2022-05-13,D:\full-stack2\data\charts\AMZN\2022-05-13.png,2022-04-18,2022-05-13
AMZN,2022-05-16,D:\full-stack2\data\charts\AMZN\2022-05-16.png,2022-04-19,2022-05-16
AMZN,2022-05-17,D:\full-stack2\data\charts\AMZN\2022-05-17.png,2022-04-20,2022-05-17
AMZN,2022-05-18,D:\full-stack2\data\charts\AMZN\2022-05-18.png,2022-04-21,2022-05-18
AMZN,2022-05-19,D:\full-stack2\data\charts\AMZN\2022-05-19.png,2022-04-22,2022-05-19
AMZN,2022-05-20,D:\full-stack2\data\charts\AMZN\2022-05-20.png,2022-04-25,2022-05-20
AMZN,2022-05-23,D:\full-stack2\data\charts\AMZN\2022-05-23.png,2022-04-26,2022-05-23
AMZN,2022-05-24,D:\full-stack2\data\charts\AMZN\2022-05-24.png,2022-04-27,2022-05-24
AMZN,2022-05-25,D:\full-stack2\data\charts\AMZN\2022-05-25.png,2022-04-28,2022-05-25
AMZN,2022-05-26,D:\full-stack2\data\charts\AMZN\2022-05-26.png,2022-04-29,2022-05-26
AMZN,2022-05-27,D:\full-stack2\data\charts\AMZN\2022-05-27.png,2022-05-02,2022-05-27
AMZN,2022-05-31,D:\full-stack2\data\charts\AMZN\2022-05-31.png,2022-05-03,2022-05-31
AMZN,2022-06-01,D:\full-stack2\data\charts\AMZN\2022-06-01.png,2022-05-04,2022-06-01
AMZN,2022-06-02,D:\full-stack2\data\charts\AMZN\2022-06-02.png,2022-05-05,2022-06-02
AMZN,2022-06-03,D:\full-stack2\data\charts\AMZN\2022-06-03.png,2022-05-06,2022-06-03
AMZN,2022-06-06,D:\full-stack2\data\charts\AMZN\2022-06-06.png,2022-05-09,2022-06-06
AMZN,2022-06-07,D:\full-stack2\data\charts\AMZN\2022-06-07.png,2022-05-10,2022-06-07
AMZN,2022-06-08,D:\full-stack2\data\charts\AMZN\2022-06-08.png,2022-05-11,2022-06-08
AMZN,2022-06-09,D:\full-stack2\data\charts\AMZN\2022-06-09.png,2022-05-12,2022-06-09
AMZN,2022-06-10,D:\full-stack2\data\charts\AMZN\2022-06-10.png,2022-05-13,2022-06-10
AMZN,2022-06-13,D:\full-stack2\data\charts\AMZN\2022-06-13.png,2022-05-16,2022-06-13
AMZN,2022-06-14,D:\full-stack2\data\charts\AMZN\2022-06-14.png,2022-05-17,2022-06-14
AMZN,2022-06-15,D:\full-stack2\data\charts\AMZN\2022-06-15.png,2022-05-18,2022-06-15
AMZN,2022-06-16,D:\full-stack2\data\charts\AMZN\2022-06-16.png,2022-05-19,2022-06-16
AMZN,2022-06-17,D:\full-stack2\data\charts\AMZN\2022-06-17.png,2022-05-20,2022-06-17
AMZN,2022-06-21,D:\full-stack2\data\charts\AMZN\2022-06-21.png,2022-05-23,2022-06-21
AMZN,2022-06-22,D:\full-stack2\data\charts\AMZN\2022-06-22.png,2022-05-24,2022-06-22
AMZN,2022-06-23,D:\full-stack2\data\charts\AMZN\2022-06-23.png,2022-05-25,2022-06-23
AMZN,2022-06-24,D:\full-stack2\data\charts\AMZN\2022-06-24.png,2022-05-26,2022-06-24
AMZN,2022-06-27,D:\full-stack2\data\charts\AMZN\2022-06-27.png,2022-05-27,2022-06-27
AMZN,2022-06-28,D:\full-stack2\data\charts\AMZN\2022-06-28.png,2022-05-31,2022-06-28
AMZN,2022-06-29,D:\full-stack2\data\charts\AMZN\2022-06-29.png,2022-06-01,2022-06-29
AMZN,2022-06-30,D:\full-stack2\data\charts\AMZN\2022-06-30.png,2022-06-02,2022-06-30
AMZN,2022-07-01,D:\full-stack2\data\charts\AMZN\2022-07-01.png,2022-06-03,2022-07-01
AMZN,2022-07-05,D:\full-stack2\data\charts\AMZN\2022-07-05.png,2022-06-06,2022-07-05
AMZN,2022-07-06,D:\full-stack2\data\charts\AMZN\2022-07-06.png,2022-06-07,2022-07-06
AMZN,2022-07-07,D:\full-stack2\data\charts\AMZN\2022-07-07.png,2022-06-08,2022-07-07
AMZN,2022-07-08,D:\full-stack2\data\charts\AMZN\2022-07-08.png,2022-06-09,2022-07-08
AMZN,2022-07-11,D:\full-stack2\data\charts\AMZN\2022-07-11.png,2022-06-10,2022-07-11
AMZN,2022-07-12,D:\full-stack2\data\charts\AMZN\2022-07-12.png,2022-06-13,2022-07-12
AMZN,2022-07-13,D:\full-stack2\data\charts\AMZN\2022-07-13.png,2022-06-14,2022-07-13
AMZN,2022-07-14,D:\full-stack2\data\charts\AMZN\2022-07-14.png,2022-06-15,2022-07-14
AMZN,2022-07-15,D:\full-stack2\data\charts\AMZN\2022-07-15.png,2022-06-16,2022-07-15
AMZN,2022-07-18,D:\full-stack2\data\charts\AMZN\2022-07-18.png,2022-06-17,2022-07-18
AMZN,2022-07-19,D:\full-stack2\data\charts\AMZN\2022-07-19.png,2022-06-21,2022-07-19
AMZN,2022-07-20,D:\full-stack2\data\charts\AMZN\2022-07-20.png,2022-06-22,2022-07-20
AMZN,2022-07-21,D:\full-stack2\data\charts\AMZN\2022-07-21.png,2022-06-23,2022-07-21
AMZN,2022-07-22,D:\full-stack2\data\charts\AMZN\2022-07-22.png,2022-06-24,2022-07-22
AMZN,2022-07-25,D:\full-stack2\data\charts\AMZN\2022-07-25.png,2022-06-27,2022-07-25
AMZN,2022-07-26,D:\full-stack2\data\charts\AMZN\2022-07-26.png,2022-06-28,2022-07-26
AMZN,2022-07-27,D:\full-stack2\data\charts\AMZN\2022-07-27.png,2022-06-29,2022-07-27
AMZN,2022-07-28,D:\full-stack2\data\charts\AMZN\2022-07-28.png,2022-06-30,2022-07-28
AMZN,2022-07-29,D:\full-stack2\data\charts\AMZN\2022-07-29.png,2022-07-01,2022-07-29
AMZN,2022-08-01,D:\full-stack2\data\charts\AMZN\2022-08-01.png,2022-07-05,2022-08-01
AMZN,2022-08-02,D:\full-stack2\data\charts\AMZN\2022-08-02.png,2022-07-06,2022-08-02
AMZN,2022-08-03,D:\full-stack2\data\charts\AMZN\2022-08-03.png,2022-07-07,2022-08-03
AMZN,2022-08-04,D:\full-stack2\data\charts\AMZN\2022-08-04.png,2022-07-08,2022-08-04
AMZN,2022-08-05,D:\full-stack2\data\charts\AMZN\2022-08-05.png,2022-07-11,2022-08-05
AMZN,2022-08-08,D:\full-stack2\data\charts\AMZN\2022-08-08.png,2022-07-12,2022-08-08
AMZN,2022-08-09,D:\full-stack2\data\charts\AMZN\2022-08-09.png,2022-07-13,2022-08-09
AMZN,2022-08-10,D:\full-stack2\data\charts\AMZN\2022-08-10.png,2022-07-14,2022-08-10
AMZN,2022-08-11,D:\full-stack2\data\charts\AMZN\2022-08-11.png,2022-07-15,2022-08-11
AMZN,2022-08-12,D:\full-stack2\data\charts\AMZN\2022-08-12.png,2022-07-18,2022-08-12
AMZN,2022-08-15,D:\full-stack2\data\charts\AMZN\2022-08-15.png,2022-07-19,2022-08-15
AMZN,2022-08-16,D:\full-stack2\data\charts\AMZN\2022-08-16.png,2022-07-20,2022-08-16
AMZN,2022-08-17,D:\full-stack2\data\charts\AMZN\2022-08-17.png,2022-07-21,2022-08-17
AMZN,2022-08-18,D:\full-stack2\data\charts\AMZN\2022-08-18.png,2022-07-22,2022-08-18
AMZN,2022-08-19,D:\full-stack2\data\charts\AMZN\2022-08-19.png,2022-07-25,2022-08-19
AMZN,2022-08-22,D:\full-stack2\data\charts\AMZN\2022-08-22.png,2022-07-26,2022-08-22
AMZN,2022-08-23,D:\full-stack2\data\charts\AMZN\2022-08-23.png,2022-07-27,2022-08-23
AMZN,2022-08-24,D:\full-stack2\data\charts\AMZN\2022-08-24.png,2022-07-28,2022-08-24
AMZN,2022-08-25,D:\full-stack2\data\charts\AMZN\2022-08-25.png,2022-07-29,2022-08-25
AMZN,2022-08-26,D:\full-stack2\data\charts\AMZN\2022-08-26.png,2022-08-01,2022-08-26
AMZN,2022-08-29,D:\full-stack2\data\charts\AMZN\2022-08-29.png,2022-08-02,2022-08-29
AMZN,2022-08-30,D:\full-stack2\data\charts\AMZN\2022-08-30.png,2022-08-03,2022-08-30
AMZN,2022-08-31,D:\full-stack2\data\charts\AMZN\2022-08-31.png,2022-08-04,2022-08-31
AMZN,2022-09-01,D:\full-stack2\data\charts\AMZN\2022-09-01.png,2022-08-05,2022-09-01
AMZN,2022-09-02,D:\full-stack2\data\charts\AMZN\2022-09-02.png,2022-08-08,2022-09-02
AMZN,2022-09-06,D:\full-stack2\data\charts\AMZN\2022-09-06.png,2022-08-09,2022-09-06
AMZN,2022-09-07,D:\full-stack2\data\charts\AMZN\2022-09-07.png,2022-08-10,2022-09-07
AMZN,2022-09-08,D:\full-stack2\data\charts\AMZN\2022-09-08.png,2022-08-11,2022-09-08
AMZN,2022-09-09,D:\full-stack2\data\charts\AMZN\2022-09-09.png,2022-08-12,2022-09-09
AMZN,2022-09-12,D:\full-stack2\data\charts\AMZN\2022-09-12.png,2022-08-15,2022-09-12
AMZN,2022-09-13,D:\full-stack2\data\charts\AMZN\2022-09-13.png,2022-08-16,2022-09-13
AMZN,2022-09-14,D:\full-stack2\data\charts\AMZN\2022-09-14.png,2022-08-17,2022-09-14
AMZN,2022-09-15,D:\full-stack2\data\charts\AMZN\2022-09-15.png,2022-08-18,2022-09-15
AMZN,2022-09-16,D:\full-stack2\data\charts\AMZN\2022-09-16.png,2022-08-19,2022-09-16
AMZN,2022-09-19,D:\full-stack2\data\charts\AMZN\2022-09-19.png,2022-08-22,2022-09-19
AMZN,2022-09-20,D:\full-stack2\data\charts\AMZN\2022-09-20.png,2022-08-23,2022-09-20
AMZN,2022-09-21,D:\full-stack2\data\charts\AMZN\2022-09-21.png,2022-08-24,2022-09-21
AMZN,2022-09-22,D:\full-stack2\data\charts\AMZN\2022-09-22.png,2022-08-25,2022-09-22
AMZN,2022-09-23,D:\full-stack2\data\charts\AMZN\2022-09-23.png,2022-08-26,2022-09-23
AMZN,2022-09-26,D:\full-stack2\data\charts\AMZN\2022-09-26.png,2022-08-29,2022-09-26
AMZN,2022-09-27,D:\full-stack2\data\charts\AMZN\2022-09-27.png,2022-08-30,2022-09-27
AMZN,2022-09-28,D:\full-stack2\data\charts\AMZN\2022-09-28.png,2022-08-31,2022-09-28
AMZN,2022-09-29,D:\full-stack2\data\charts\AMZN\2022-09-29.png,2022-09-01,2022-09-29
AMZN,2022-09-30,D:\full-stack2\data\charts\AMZN\2022-09-30.png,2022-09-02,2022-09-30
AMZN,2022-10-03,D:\full-stack2\data\charts\AMZN\2022-10-03.png,2022-09-06,2022-10-03
AMZN,2022-10-04,D:\full-stack2\data\charts\AMZN\2022-10-04.png,2022-09-07,2022-10-04
AMZN,2022-10-05,D:\full-stack2\data\charts\AMZN\2022-10-05.png,2022-09-08,2022-10-05
AMZN,2022-10-06,D:\full-stack2\data\charts\AMZN\2022-10-06.png,2022-09-09,2022-10-06
AMZN,2022-10-07,D:\full-stack2\data\charts\AMZN\2022-10-07.png,2022-09-12,2022-10-07
AMZN,2022-10-10,D:\full-stack2\data\charts\AMZN\2022-10-10.png,2022-09-13,2022-10-10
AMZN,2022-10-11,D:\full-stack2\data\charts\AMZN\2022-10-11.png,2022-09-14,2022-10-11
AMZN,2022-10-12,D:\full-stack2\data\charts\AMZN\2022-10-12.png,2022-09-15,2022-10-12
AMZN,2022-10-13,D:\full-stack2\data\charts\AMZN\2022-10-13.png,2022-09-16,2022-10-13
AMZN,2022-10-14,D:\full-stack2\data\charts\AMZN\2022-10-14.png,2022-09-19,2022-10-14
AMZN,2022-10-17,D:\full-stack2\data\charts\AMZN\2022-10-17.png,2022-09-20,2022-10-17
AMZN,2022-10-18,D:\full-stack2\data\charts\AMZN\2022-10-18.png,2022-09-21,2022-10-18
AMZN,2022-10-19,D:\full-stack2\data\charts\AMZN\2022-10-19.png,2022-09-22,2022-10-19
AMZN,2022-10-20,D:\full-stack2\data\charts\AMZN\2022-10-20.png,2022-09-23,2022-10-20
AMZN,2022-10-21,D:\full-stack2\data\charts\AMZN\2022-10-21.png,2022-09-26,2022-10-21
AMZN,2022-10-24,D:\full-stack2\data\charts\AMZN\2022-10-24.png,2022-09-27,2022-10-24
AMZN,2022-10-25,D:\full-stack2\data\charts\AMZN\2022-10-25.png,2022-09-28,2022-10-25
AMZN,2022-10-26,D:\full-stack2\data\charts\AMZN\2022-10-26.png,2022-09-29,2022-10-26
AMZN,2022-10-27,D:\full-stack2\data\charts\AMZN\2022-10-27.png,2022-09-30,2022-10-27
AMZN,2022-10-28,D:\full-stack2\data\charts\AMZN\2022-10-28.png,2022-10-03,2022-10-28
AMZN,2022-10-31,D:\full-stack2\data\charts\AMZN\2022-10-31.png,2022-10-04,2022-10-31
AMZN,2022-11-01,D:\full-stack2\data\charts\AMZN\2022-11-01.png,2022-10-05,2022-11-01
AMZN,2022-11-02,D:\full-stack2\data\charts\AMZN\2022-11-02.png,2022-10-06,2022-11-02
AMZN,2022-11-03,D:\full-stack2\data\charts\AMZN\2022-11-03.png,2022-10-07,2022-11-03
AMZN,2022-11-04,D:\full-stack2\data\charts\AMZN\2022-11-04.png,2022-10-10,2022-11-04
AMZN,2022-11-07,D:\full-stack2\data\charts\AMZN\2022-11-07.png,2022-10-11,2022-11-07
AMZN,2022-11-08,D:\full-stack2\data\charts\AMZN\2022-11-08.png,2022-10-12,2022-11-08
AMZN,2022-11-09,D:\full-stack2\data\charts\AMZN\2022-11-09.png,2022-10-13,2022-11-09
AMZN,2022-11-10,D:\full-stack2\data\charts\AMZN\2022-11-10.png,2022-10-14,2022-11-10
AMZN,2022-11-11,D:\full-stack2\data\charts\AMZN\2022-11-11.png,2022-10-17,2022-11-11
AMZN,2022-11-14,D:\full-stack2\data\charts\AMZN\2022-11-14.png,2022-10-18,2022-11-14
AMZN,2022-11-15,D:\full-stack2\data\charts\AMZN\2022-11-15.png,2022-10-19,2022-11-15
AMZN,2022-11-16,D:\full-stack2\data\charts\AMZN\2022-11-16.png,2022-10-20,2022-11-16
AMZN,2022-11-17,D:\full-stack2\data\charts\AMZN\2022-11-17.png,2022-10-21,2022-11-17
AMZN,2022-11-18,D:\full-stack2\data\charts\AMZN\2022-11-18.png,2022-10-24,2022-11-18
AMZN,2022-11-21,D:\full-stack2\data\charts\AMZN\2022-11-21.png,2022-10-25,2022-11-21
AMZN,2022-11-22,D:\full-stack2\data\charts\AMZN\2022-11-22.png,2022-10-26,2022-11-22
AMZN,2022-11-23,D:\full-stack2\data\charts\AMZN\2022-11-23.png,2022-10-27,2022-11-23
AMZN,2022-11-25,D:\full-stack2\data\charts\AMZN\2022-11-25.png,2022-10-28,2022-11-25
AMZN,2022-11-28,D:\full-stack2\data\charts\AMZN\2022-11-28.png,2022-10-31,2022-11-28
AMZN,2022-11-29,D:\full-stack2\data\charts\AMZN\2022-11-29.png,2022-11-01,2022-11-29
AMZN,2022-11-30,D:\full-stack2\data\charts\AMZN\2022-11-30.png,2022-11-02,2022-11-30
AMZN,2022-12-01,D:\full-stack2\data\charts\AMZN\2022-12-01.png,2022-11-03,2022-12-01
AMZN,2022-12-02,D:\full-stack2\data\charts\AMZN\2022-12-02.png,2022-11-04,2022-12-02
AMZN,2022-12-05,D:\full-stack2\data\charts\AMZN\2022-12-05.png,2022-11-07,2022-12-05
AMZN,2022-12-06,D:\full-stack2\data\charts\AMZN\2022-12-06.png,2022-11-08,2022-12-06
AMZN,2022-12-07,D:\full-stack2\data\charts\AMZN\2022-12-07.png,2022-11-09,2022-12-07
AMZN,2022-12-08,D:\full-stack2\data\charts\AMZN\2022-12-08.png,2022-11-10,2022-12-08
AMZN,2022-12-09,D:\full-stack2\data\charts\AMZN\2022-12-09.png,2022-11-11,2022-12-09
AMZN,2022-12-12,D:\full-stack2\data\charts\AMZN\2022-12-12.png,2022-11-14,2022-12-12
AMZN,2022-12-13,D:\full-stack2\data\charts\AMZN\2022-12-13.png,2022-11-15,2022-12-13
AMZN,2022-12-14,D:\full-stack2\data\charts\AMZN\2022-12-14.png,2022-11-16,2022-12-14
AMZN,2022-12-15,D:\full-stack2\data\charts\AMZN\2022-12-15.png,2022-11-17,2022-12-15
AMZN,2022-12-16,D:\full-stack2\data\charts\AMZN\2022-12-16.png,2022-11-18,2022-12-16
AMZN,2022-12-19,D:\full-stack2\data\charts\AMZN\2022-12-19.png,2022-11-21,2022-12-19
AMZN,2022-12-20,D:\full-stack2\data\charts\AMZN\2022-12-20.png,2022-11-22,2022-12-20
AMZN,2022-12-21,D:\full-stack2\data\charts\AMZN\2022-12-21.png,2022-11-23,2022-12-21
AMZN,2022-12-22,D:\full-stack2\data\charts\AMZN\2022-12-22.png,2022-11-25,2022-12-22
AMZN,2022-12-23,D:\full-stack2\data\charts\AMZN\2022-12-23.png,2022-11-28,2022-12-23
AMZN,2022-12-27,D:\full-stack2\data\charts\AMZN\2022-12-27.png,2022-11-29,2022-12-27
AMZN,2022-12-28,D:\full-stack2\data\charts\AMZN\2022-12-28.png,2022-11-30,2022-12-28
AMZN,2022-12-29,D:\full-stack2\data\charts\AMZN\2022-12-29.png,2022-12-01,2022-12-29
AMZN,2022-12-30,D:\full-stack2\data\charts\AMZN\2022-12-30.png,2022-12-02,2022-12-30
AMZN,2023-01-03,D:\full-stack2\data\charts\AMZN\2023-01-03.png,2022-12-05,2023-01-03
AMZN,2023-01-04,D:\full-stack2\data\charts\AMZN\2023-01-04.png,2022-12-06,2023-01-04
AMZN,2023-01-05,D:\full-stack2\data\charts\AMZN\2023-01-05.png,2022-12-07,2023-01-05
AMZN,2023-01-06,D:\full-stack2\data\charts\AMZN\2023-01-06.png,2022-12-08,2023-01-06
AMZN,2023-01-09,D:\full-stack2\data\charts\AMZN\2023-01-09.png,2022-12-09,2023-01-09
AMZN,2023-01-10,D:\full-stack2\data\charts\AMZN\2023-01-10.png,2022-12-12,2023-01-10
AMZN,2023-01-11,D:\full-stack2\data\charts\AMZN\2023-01-11.png,2022-12-13,2023-01-11
AMZN,2023-01-12,D:\full-stack2\data\charts\AMZN\2023-01-12.png,2022-12-14,2023-01-12
AMZN,2023-01-13,D:\full-stack2\data\charts\AMZN\2023-01-13.png,2022-12-15,2023-01-13
AMZN,2023-01-17,D:\full-stack2\data\charts\AMZN\2023-01-17.png,2022-12-16,2023-01-17
AMZN,2023-01-18,D:\full-stack2\data\charts\AMZN\2023-01-18.png,2022-12-19,2023-01-18
AMZN,2023-01-19,D:\full-stack2\data\charts\AMZN\2023-01-19.png,2022-12-20,2023-01-19
AMZN,2023-01-20,D:\full-stack2\data\charts\AMZN\2023-01-20.png,2022-12-21,2023-01-20
AMZN,2023-01-23,D:\full-stack2\data\charts\AMZN\2023-01-23.png,2022-12-22,2023-01-23
AMZN,2023-01-24,D:\full-stack2\data\charts\AMZN\2023-01-24.png,2022-12-23,2023-01-24
AMZN,2023-01-25,D:\full-stack2\data\charts\AMZN\2023-01-25.png,2022-12-27,2023-01-25
AMZN,2023-01-26,D:\full-stack2\data\charts\AMZN\2023-01-26.png,2022-12-28,2023-01-26
AMZN,2023-01-27,D:\full-stack2\data\charts\AMZN\2023-01-27.png,2022-12-29,2023-01-27
AMZN,2023-01-30,D:\full-stack2\data\charts\AMZN\2023-01-30.png,2022-12-30,2023-01-30
AMZN,2023-01-31,D:\full-stack2\data\charts\AMZN\2023-01-31.png,2023-01-03,2023-01-31
AMZN,2023-02-01,D:\full-stack2\data\charts\AMZN\2023-02-01.png,2023-01-04,2023-02-01
AMZN,2023-02-02,D:\full-stack2\data\charts\AMZN\2023-02-02.png,2023-01-05,2023-02-02
AMZN,2023-02-03,D:\full-stack2\data\charts\AMZN\2023-02-03.png,2023-01-06,2023-02-03
AMZN,2023-02-06,D:\full-stack2\data\charts\AMZN\2023-02-06.png,2023-01-09,2023-02-06
AMZN,2023-02-07,D:\full-stack2\data\charts\AMZN\2023-02-07.png,2023-01-10,2023-02-07
AMZN,2023-02-08,D:\full-stack2\data\charts\AMZN\2023-02-08.png,2023-01-11,2023-02-08
AMZN,2023-02-09,D:\full-stack2\data\charts\AMZN\2023-02-09.png,2023-01-12,2023-02-09
AMZN,2023-02-10,D:\full-stack2\data\charts\AMZN\2023-02-10.png,2023-01-13,2023-02-10
AMZN,2023-02-13,D:\full-stack2\data\charts\AMZN\2023-02-13.png,2023-01-17,2023-02-13
AMZN,2023-02-14,D:\full-stack2\data\charts\AMZN\2023-02-14.png,2023-01-18,2023-02-14
AMZN,2023-02-15,D:\full-stack2\data\charts\AMZN\2023-02-15.png,2023-01-19,2023-02-15
AMZN,2023-02-16,D:\full-stack2\data\charts\AMZN\2023-02-16.png,2023-01-20,2023-02-16
AMZN,2023-02-17,D:\full-stack2\data\charts\AMZN\2023-02-17.png,2023-01-23,2023-02-17
AMZN,2023-02-21,D:\full-stack2\data\charts\AMZN\2023-02-21.png,2023-01-24,2023-02-21
AMZN,2023-02-22,D:\full-stack2\data\charts\AMZN\2023-02-22.png,2023-01-25,2023-02-22
AMZN,2023-02-23,D:\full-stack2\data\charts\AMZN\2023-02-23.png,2023-01-26,2023-02-23
AMZN,2023-02-24,D:\full-stack2\data\charts\AMZN\2023-02-24.png,2023-01-27,2023-02-24
AMZN,2023-02-27,D:\full-stack2\data\charts\AMZN\2023-02-27.png,2023-01-30,2023-02-27
AMZN,2023-02-28,D:\full-stack2\data\charts\AMZN\2023-02-28.png,2023-01-31,2023-02-28
AMZN,2023-03-01,D:\full-stack2\data\charts\AMZN\2023-03-01.png,2023-02-01,2023-03-01
AMZN,2023-03-02,D:\full-stack2\data\charts\AMZN\2023-03-02.png,2023-02-02,2023-03-02
AMZN,2023-03-03,D:\full-stack2\data\charts\AMZN\2023-03-03.png,2023-02-03,2023-03-03
AMZN,2023-03-06,D:\full-stack2\data\charts\AMZN\2023-03-06.png,2023-02-06,2023-03-06
AMZN,2023-03-07,D:\full-stack2\data\charts\AMZN\2023-03-07.png,2023-02-07,2023-03-07
AMZN,2023-03-08,D:\full-stack2\data\charts\AMZN\2023-03-08.png,2023-02-08,2023-03-08
AMZN,2023-03-09,D:\full-stack2\data\charts\AMZN\2023-03-09.png,2023-02-09,2023-03-09
AMZN,2023-03-10,D:\full-stack2\data\charts\AMZN\2023-03-10.png,2023-02-10,2023-03-10
AMZN,2023-03-13,D:\full-stack2\data\charts\AMZN\2023-03-13.png,2023-02-13,2023-03-13
AMZN,2023-03-14,D:\full-stack2\data\charts\AMZN\2023-03-14.png,2023-02-14,2023-03-14
AMZN,2023-03-15,D:\full-stack2\data\charts\AMZN\2023-03-15.png,2023-02-15,2023-03-15
AMZN,2023-03-16,D:\full-stack2\data\charts\AMZN\2023-03-16.png,2023-02-16,2023-03-16
AMZN,2023-03-17,D:\full-stack2\data\charts\AMZN\2023-03-17.png,2023-02-17,2023-03-17
AMZN,2023-03-20,D:\full-stack2\data\charts\AMZN\2023-03-20.png,2023-02-21,2023-03-20
AMZN,2023-03-21,D:\full-stack2\data\charts\AMZN\2023-03-21.png,2023-02-22,2023-03-21
AMZN,2023-03-22,D:\full-stack2\data\charts\AMZN\2023-03-22.png,2023-02-23,2023-03-22
AMZN,2023-03-23,D:\full-stack2\data\charts\AMZN\2023-03-23.png,2023-02-24,2023-03-23
AMZN,2023-03-24,D:\full-stack2\data\charts\AMZN\2023-03-24.png,2023-02-27,2023-03-24
AMZN,2023-03-27,D:\full-stack2\data\charts\AMZN\2023-03-27.png,2023-02-28,2023-03-27
AMZN,2023-03-28,D:\full-stack2\data\charts\AMZN\2023-03-28.png,2023-03-01,2023-03-28
AMZN,2023-03-29,D:\full-stack2\data\charts\AMZN\2023-03-29.png,2023-03-02,2023-03-29
AMZN,2023-03-30,D:\full-stack2\data\charts\AMZN\2023-03-30.png,2023-03-03,2023-03-30
AMZN,2023-03-31,D:\full-stack2\data\charts\AMZN\2023-03-31.png,2023-03-06,2023-03-31
AMZN,2023-04-03,D:\full-stack2\data\charts\AMZN\2023-04-03.png,2023-03-07,2023-04-03
AMZN,2023-04-04,D:\full-stack2\data\charts\AMZN\2023-04-04.png,2023-03-08,2023-04-04
AMZN,2023-04-05,D:\full-stack2\data\charts\AMZN\2023-04-05.png,2023-03-09,2023-04-05
AMZN,2023-04-06,D:\full-stack2\data\charts\AMZN\2023-04-06.png,2023-03-10,2023-04-06
AMZN,2023-04-10,D:\full-stack2\data\charts\AMZN\2023-04-10.png,2023-03-13,2023-04-10
AMZN,2023-04-11,D:\full-stack2\data\charts\AMZN\2023-04-11.png,2023-03-14,2023-04-11
AMZN,2023-04-12,D:\full-stack2\data\charts\AMZN\2023-04-12.png,2023-03-15,2023-04-12
AMZN,2023-04-13,D:\full-stack2\data\charts\AMZN\2023-04-13.png,2023-03-16,2023-04-13
AMZN,2023-04-14,D:\full-stack2\data\charts\AMZN\2023-04-14.png,2023-03-17,2023-04-14
AMZN,2023-04-17,D:\full-stack2\data\charts\AMZN\2023-04-17.png,2023-03-20,2023-04-17
AMZN,2023-04-18,D:\full-stack2\data\charts\AMZN\2023-04-18.png,2023-03-21,2023-04-18
AMZN,2023-04-19,D:\full-stack2\data\charts\AMZN\2023-04-19.png,2023-03-22,2023-04-19
AMZN,2023-04-20,D:\full-stack2\data\charts\AMZN\2023-04-20.png,2023-03-23,2023-04-20
AMZN,2023-04-21,D:\full-stack2\data\charts\AMZN\2023-04-21.png,2023-03-24,2023-04-21
AMZN,2023-04-24,D:\full-stack2\data\charts\AMZN\2023-04-24.png,2023-03-27,2023-04-24
AMZN,2023-04-25,D:\full-stack2\data\charts\AMZN\2023-04-25.png,2023-03-28,2023-04-25
AMZN,2023-04-26,D:\full-stack2\data\charts\AMZN\2023-04-26.png,2023-03-29,2023-04-26
AMZN,2023-04-27,D:\full-stack2\data\charts\AMZN\2023-04-27.png,2023-03-30,2023-04-27
AMZN,2023-04-28,D:\full-stack2\data\charts\AMZN\2023-04-28.png,2023-03-31,2023-04-28
AMZN,2023-05-01,D:\full-stack2\data\charts\AMZN\2023-05-01.png,2023-04-03,2023-05-01
AMZN,2023-05-02,D:\full-stack2\data\charts\AMZN\2023-05-02.png,2023-04-04,2023-05-02
AMZN,2023-05-03,D:\full-stack2\data\charts\AMZN\2023-05-03.png,2023-04-05,2023-05-03
AMZN,2023-05-04,D:\full-stack2\data\charts\AMZN\2023-05-04.png,2023-04-06,2023-05-04
AMZN,2023-05-05,D:\full-stack2\data\charts\AMZN\2023-05-05.png,2023-04-10,2023-05-05
AMZN,2023-05-08,D:\full-stack2\data\charts\AMZN\2023-05-08.png,2023-04-11,2023-05-08
AMZN,2023-05-09,D:\full-stack2\data\charts\AMZN\2023-05-09.png,2023-04-12,2023-05-09
AMZN,2023-05-10,D:\full-stack2\data\charts\AMZN\2023-05-10.png,2023-04-13,2023-05-10
AMZN,2023-05-11,D:\full-stack2\data\charts\AMZN\2023-05-11.png,2023-04-14,2023-05-11
AMZN,2023-05-12,D:\full-stack2\data\charts\AMZN\2023-05-12.png,2023-04-17,2023-05-12
AMZN,2023-05-15,D:\full-stack2\data\charts\AMZN\2023-05-15.png,2023-04-18,2023-05-15
AMZN,2023-05-16,D:\full-stack2\data\charts\AMZN\2023-05-16.png,2023-04-19,2023-05-16
AMZN,2023-05-17,D:\full-stack2\data\charts\AMZN\2023-05-17.png,2023-04-20,2023-05-17
AMZN,2023-05-18,D:\full-stack2\data\charts\AMZN\2023-05-18.png,2023-04-21,2023-05-18
AMZN,2023-05-19,D:\full-stack2\data\charts\AMZN\2023-05-19.png,2023-04-24,2023-05-19
AMZN,2023-05-22,D:\full-stack2\data\charts\AMZN\2023-05-22.png,2023-04-25,2023-05-22
AMZN,2023-05-23,D:\full-stack2\data\charts\AMZN\2023-05-23.png,2023-04-26,2023-05-23
AMZN,2023-05-24,D:\full-stack2\data\charts\AMZN\2023-05-24.png,2023-04-27,2023-05-24
AMZN,2023-05-25,D:\full-stack2\data\charts\AMZN\2023-05-25.png,2023-04-28,2023-05-25
AMZN,2023-05-26,D:\full-stack2\data\charts\AMZN\2023-05-26.png,2023-05-01,2023-05-26
AMZN,2023-05-30,D:\full-stack2\data\charts\AMZN\2023-05-30.png,2023-05-02,2023-05-30
AMZN,2023-05-31,D:\full-stack2\data\charts\AMZN\2023-05-31.png,2023-05-03,2023-05-31
AMZN,2023-06-01,D:\full-stack2\data\charts\AMZN\2023-06-01.png,2023-05-04,2023-06-01
AMZN,2023-06-02,D:\full-stack2\data\charts\AMZN\2023-06-02.png,2023-05-05,2023-06-02
AMZN,2023-06-05,D:\full-stack2\data\charts\AMZN\2023-06-05.png,2023-05-08,2023-06-05
AMZN,2023-06-06,D:\full-stack2\data\charts\AMZN\2023-06-06.png,2023-05-09,2023-06-06
AMZN,2023-06-07,D:\full-stack2\data\charts\AMZN\2023-06-07.png,2023-05-10,2023-06-07
AMZN,2023-06-08,D:\full-stack2\data\charts\AMZN\2023-06-08.png,2023-05-11,2023-06-08
AMZN,2023-06-09,D:\full-stack2\data\charts\AMZN\2023-06-09.png,2023-05-12,2023-06-09
AMZN,2023-06-12,D:\full-stack2\data\charts\AMZN\2023-06-12.png,2023-05-15,2023-06-12
AMZN,2023-06-13,D:\full-stack2\data\charts\AMZN\2023-06-13.png,2023-05-16,2023-06-13
AMZN,2023-06-14,D:\full-stack2\data\charts\AMZN\2023-06-14.png,2023-05-17,2023-06-14
AMZN,2023-06-15,D:\full-stack2\data\charts\AMZN\2023-06-15.png,2023-05-18,2023-06-15
AMZN,2023-06-16,D:\full-stack2\data\charts\AMZN\2023-06-16.png,2023-05-19,2023-06-16
AMZN,2023-06-20,D:\full-stack2\data\charts\AMZN\2023-06-20.png,2023-05-22,2023-06-20
AMZN,2023-06-21,D:\full-stack2\data\charts\AMZN\2023-06-21.png,2023-05-23,2023-06-21
AMZN,2023-06-22,D:\full-stack2\data\charts\AMZN\2023-06-22.png,2023-05-24,2023-06-22
AMZN,2023-06-23,D:\full-stack2\data\charts\AMZN\2023-06-23.png,2023-05-25,2023-06-23
AMZN,2023-06-26,D:\full-stack2\data\charts\AMZN\2023-06-26.png,2023-05-26,2023-06-26
AMZN,2023-06-27,D:\full-stack2\data\charts\AMZN\2023-06-27.png,2023-05-30,2023-06-27
AMZN,2023-06-28,D:\full-stack2\data\charts\AMZN\2023-06-28.png,2023-05-31,2023-06-28
AMZN,2023-06-29,D:\full-stack2\data\charts\AMZN\2023-06-29.png,2023-06-01,2023-06-29
AMZN,2023-06-30,D:\full-stack2\data\charts\AMZN\2023-06-30.png,2023-06-02,2023-06-30
AMZN,2023-07-03,D:\full-stack2\data\charts\AMZN\2023-07-03.png,2023-06-05,2023-07-03
AMZN,2023-07-05,D:\full-stack2\data\charts\AMZN\2023-07-05.png,2023-06-06,2023-07-05
AMZN,2023-07-06,D:\full-stack2\data\charts\AMZN\2023-07-06.png,2023-06-07,2023-07-06
AMZN,2023-07-07,D:\full-stack2\data\charts\AMZN\2023-07-07.png,2023-06-08,2023-07-07
AMZN,2023-07-10,D:\full-stack2\data\charts\AMZN\2023-07-10.png,2023-06-09,2023-07-10
AMZN,2023-07-11,D:\full-stack2\data\charts\AMZN\2023-07-11.png,2023-06-12,2023-07-11
AMZN,2023-07-12,D:\full-stack2\data\charts\AMZN\2023-07-12.png,2023-06-13,2023-07-12
AMZN,2023-07-13,D:\full-stack2\data\charts\AMZN\2023-07-13.png,2023-06-14,2023-07-13
AMZN,2023-07-14,D:\full-stack2\data\charts\AMZN\2023-07-14.png,2023-06-15,2023-07-14
AMZN,2023-07-17,D:\full-stack2\data\charts\AMZN\2023-07-17.png,2023-06-16,2023-07-17
AMZN,2023-07-18,D:\full-stack2\data\charts\AMZN\2023-07-18.png,2023-06-20,2023-07-18
AMZN,2023-07-19,D:\full-stack2\data\charts\AMZN\2023-07-19.png,2023-06-21,2023-07-19
AMZN,2023-07-20,D:\full-stack2\data\charts\AMZN\2023-07-20.png,2023-06-22,2023-07-20
AMZN,2023-07-21,D:\full-stack2\data\charts\AMZN\2023-07-21.png,2023-06-23,2023-07-21
AMZN,2023-07-24,D:\full-stack2\data\charts\AMZN\2023-07-24.png,2023-06-26,2023-07-24
AMZN,2023-07-25,D:\full-stack2\data\charts\AMZN\2023-07-25.png,2023-06-27,2023-07-25
AMZN,2023-07-26,D:\full-stack2\data\charts\AMZN\2023-07-26.png,2023-06-28,2023-07-26
AMZN,2023-07-27,D:\full-stack2\data\charts\AMZN\2023-07-27.png,2023-06-29,2023-07-27
AMZN,2023-07-28,D:\full-stack2\data\charts\AMZN\2023-07-28.png,2023-06-30,2023-07-28
AMZN,2023-07-31,D:\full-stack2\data\charts\AMZN\2023-07-31.png,2023-07-03,2023-07-31
AMZN,2023-08-01,D:\full-stack2\data\charts\AMZN\2023-08-01.png,2023-07-05,2023-08-01
AMZN,2023-08-02,D:\full-stack2\data\charts\AMZN\2023-08-02.png,2023-07-06,2023-08-02
AMZN,2023-08-03,D:\full-stack2\data\charts\AMZN\2023-08-03.png,2023-07-07,2023-08-03
AMZN,2023-08-04,D:\full-stack2\data\charts\AMZN\2023-08-04.png,2023-07-10,2023-08-04
AMZN,2023-08-07,D:\full-stack2\data\charts\AMZN\2023-08-07.png,2023-07-11,2023-08-07
AMZN,2023-08-08,D:\full-stack2\data\charts\AMZN\2023-08-08.png,2023-07-12,2023-08-08
AMZN,2023-08-09,D:\full-stack2\data\charts\AMZN\2023-08-09.png,2023-07-13,2023-08-09
AMZN,2023-08-10,D:\full-stack2\data\charts\AMZN\2023-08-10.png,2023-07-14,2023-08-10
AMZN,2023-08-11,D:\full-stack2\data\charts\AMZN\2023-08-11.png,2023-07-17,2023-08-11
AMZN,2023-08-14,D:\full-stack2\data\charts\AMZN\2023-08-14.png,2023-07-18,2023-08-14
AMZN,2023-08-15,D:\full-stack2\data\charts\AMZN\2023-08-15.png,2023-07-19,2023-08-15
AMZN,2023-08-16,D:\full-stack2\data\charts\AMZN\2023-08-16.png,2023-07-20,2023-08-16
AMZN,2023-08-17,D:\full-stack2\data\charts\AMZN\2023-08-17.png,2023-07-21,2023-08-17
AMZN,2023-08-18,D:\full-stack2\data\charts\AMZN\2023-08-18.png,2023-07-24,2023-08-18
AMZN,2023-08-21,D:\full-stack2\data\charts\AMZN\2023-08-21.png,2023-07-25,2023-08-21
AMZN,2023-08-22,D:\full-stack2\data\charts\AMZN\2023-08-22.png,2023-07-26,2023-08-22
AMZN,2023-08-23,D:\full-stack2\data\charts\AMZN\2023-08-23.png,2023-07-27,2023-08-23
AMZN,2023-08-24,D:\full-stack2\data\charts\AMZN\2023-08-24.png,2023-07-28,2023-08-24
AMZN,2023-08-25,D:\full-stack2\data\charts\AMZN\2023-08-25.png,2023-07-31,2023-08-25
AMZN,2023-08-28,D:\full-stack2\data\charts\AMZN\2023-08-28.png,2023-08-01,2023-08-28
AMZN,2023-08-29,D:\full-stack2\data\charts\AMZN\2023-08-29.png,2023-08-02,2023-08-29
AMZN,2023-08-30,D:\full-stack2\data\charts\AMZN\2023-08-30.png,2023-08-03,2023-08-30
AMZN,2023-08-31,D:\full-stack2\data\charts\AMZN\2023-08-31.png,2023-08-04,2023-08-31
AMZN,2023-09-01,D:\full-stack2\data\charts\AMZN\2023-09-01.png,2023-08-07,2023-09-01
AMZN,2023-09-05,D:\full-stack2\data\charts\AMZN\2023-09-05.png,2023-08-08,2023-09-05
AMZN,2023-09-06,D:\full-stack2\data\charts\AMZN\2023-09-06.png,2023-08-09,2023-09-06
AMZN,2023-09-07,D:\full-stack2\data\charts\AMZN\2023-09-07.png,2023-08-10,2023-09-07
AMZN,2023-09-08,D:\full-stack2\data\charts\AMZN\2023-09-08.png,2023-08-11,2023-09-08
AMZN,2023-09-11,D:\full-stack2\data\charts\AMZN\2023-09-11.png,2023-08-14,2023-09-11
AMZN,2023-09-12,D:\full-stack2\data\charts\AMZN\2023-09-12.png,2023-08-15,2023-09-12
AMZN,2023-09-13,D:\full-stack2\data\charts\AMZN\2023-09-13.png,2023-08-16,2023-09-13
AMZN,2023-09-14,D:\full-stack2\data\charts\AMZN\2023-09-14.png,2023-08-17,2023-09-14
AMZN,2023-09-15,D:\full-stack2\data\charts\AMZN\2023-09-15.png,2023-08-18,2023-09-15
AMZN,2023-09-18,D:\full-stack2\data\charts\AMZN\2023-09-18.png,2023-08-21,2023-09-18
AMZN,2023-09-19,D:\full-stack2\data\charts\AMZN\2023-09-19.png,2023-08-22,2023-09-19
AMZN,2023-09-20,D:\full-stack2\data\charts\AMZN\2023-09-20.png,2023-08-23,2023-09-20
AMZN,2023-09-21,D:\full-stack2\data\charts\AMZN\2023-09-21.png,2023-08-24,2023-09-21
AMZN,2023-09-22,D:\full-stack2\data\charts\AMZN\2023-09-22.png,2023-08-25,2023-09-22
AMZN,2023-09-25,D:\full-stack2\data\charts\AMZN\2023-09-25.png,2023-08-28,2023-09-25
AMZN,2023-09-26,D:\full-stack2\data\charts\AMZN\2023-09-26.png,2023-08-29,2023-09-26
AMZN,2023-09-27,D:\full-stack2\data\charts\AMZN\2023-09-27.png,2023-08-30,2023-09-27
AMZN,2023-09-28,D:\full-stack2\data\charts\AMZN\2023-09-28.png,2023-08-31,2023-09-28
AMZN,2023-09-29,D:\full-stack2\data\charts\AMZN\2023-09-29.png,2023-09-01,2023-09-29
AMZN,2023-10-02,D:\full-stack2\data\charts\AMZN\2023-10-02.png,2023-09-05,2023-10-02
AMZN,2023-10-03,D:\full-stack2\data\charts\AMZN\2023-10-03.png,2023-09-06,2023-10-03
AMZN,2023-10-04,D:\full-stack2\data\charts\AMZN\2023-10-04.png,2023-09-07,2023-10-04
AMZN,2023-10-05,D:\full-stack2\data\charts\AMZN\2023-10-05.png,2023-09-08,2023-10-05
AMZN,2023-10-06,D:\full-stack2\data\charts\AMZN\2023-10-06.png,2023-09-11,2023-10-06
AMZN,2023-10-09,D:\full-stack2\data\charts\AMZN\2023-10-09.png,2023-09-12,2023-10-09
AMZN,2023-10-10,D:\full-stack2\data\charts\AMZN\2023-10-10.png,2023-09-13,2023-10-10
AMZN,2023-10-11,D:\full-stack2\data\charts\AMZN\2023-10-11.png,2023-09-14,2023-10-11
AMZN,2023-10-12,D:\full-stack2\data\charts\AMZN\2023-10-12.png,2023-09-15,2023-10-12
AMZN,2023-10-13,D:\full-stack2\data\charts\AMZN\2023-10-13.png,2023-09-18,2023-10-13
AMZN,2023-10-16,D:\full-stack2\data\charts\AMZN\2023-10-16.png,2023-09-19,2023-10-16
AMZN,2023-10-17,D:\full-stack2\data\charts\AMZN\2023-10-17.png,2023-09-20,2023-10-17
AMZN,2023-10-18,D:\full-stack2\data\charts\AMZN\2023-10-18.png,2023-09-21,2023-10-18
AMZN,2023-10-19,D:\full-stack2\data\charts\AMZN\2023-10-19.png,2023-09-22,2023-10-19
AMZN,2023-10-20,D:\full-stack2\data\charts\AMZN\2023-10-20.png,2023-09-25,2023-10-20
AMZN,2023-10-23,D:\full-stack2\data\charts\AMZN\2023-10-23.png,2023-09-26,2023-10-23
AMZN,2023-10-24,D:\full-stack2\data\charts\AMZN\2023-10-24.png,2023-09-27,2023-10-24
AMZN,2023-10-25,D:\full-stack2\data\charts\AMZN\2023-10-25.png,2023-09-28,2023-10-25
AMZN,2023-10-26,D:\full-stack2\data\charts\AMZN\2023-10-26.png,2023-09-29,2023-10-26
AMZN,2023-10-27,D:\full-stack2\data\charts\AMZN\2023-10-27.png,2023-10-02,2023-10-27
AMZN,2023-10-30,D:\full-stack2\data\charts\AMZN\2023-10-30.png,2023-10-03,2023-10-30
AMZN,2023-10-31,D:\full-stack2\data\charts\AMZN\2023-10-31.png,2023-10-04,2023-10-31
AMZN,2023-11-01,D:\full-stack2\data\charts\AMZN\2023-11-01.png,2023-10-05,2023-11-01
AMZN,2023-11-02,D:\full-stack2\data\charts\AMZN\2023-11-02.png,2023-10-06,2023-11-02
AMZN,2023-11-03,D:\full-stack2\data\charts\AMZN\2023-11-03.png,2023-10-09,2023-11-03
AMZN,2023-11-06,D:\full-stack2\data\charts\AMZN\2023-11-06.png,2023-10-10,2023-11-06
AMZN,2023-11-07,D:\full-stack2\data\charts\AMZN\2023-11-07.png,2023-10-11,2023-11-07
AMZN,2023-11-08,D:\full-stack2\data\charts\AMZN\2023-11-08.png,2023-10-12,2023-11-08
AMZN,2023-11-09,D:\full-stack2\data\charts\AMZN\2023-11-09.png,2023-10-13,2023-11-09
AMZN,2023-11-10,D:\full-stack2\data\charts\AMZN\2023-11-10.png,2023-10-16,2023-11-10
AMZN,2023-11-13,D:\full-stack2\data\charts\AMZN\2023-11-13.png,2023-10-17,2023-11-13
AMZN,2023-11-14,D:\full-stack2\data\charts\AMZN\2023-11-14.png,2023-10-18,2023-11-14
AMZN,2023-11-15,D:\full-stack2\data\charts\AMZN\2023-11-15.png,2023-10-19,2023-11-15
AMZN,2023-11-16,D:\full-stack2\data\charts\AMZN\2023-11-16.png,2023-10-20,2023-11-16
AMZN,2023-11-17,D:\full-stack2\data\charts\AMZN\2023-11-17.png,2023-10-23,2023-11-17
AMZN,2023-11-20,D:\full-stack2\data\charts\AMZN\2023-11-20.png,2023-10-24,2023-11-20
AMZN,2023-11-21,D:\full-stack2\data\charts\AMZN\2023-11-21.png,2023-10-25,2023-11-21
AMZN,2023-11-22,D:\full-stack2\data\charts\AMZN\2023-11-22.png,2023-10-26,2023-11-22
AMZN,2023-11-24,D:\full-stack2\data\charts\AMZN\2023-11-24.png,2023-10-27,2023-11-24
AMZN,2023-11-27,D:\full-stack2\data\charts\AMZN\2023-11-27.png,2023-10-30,2023-11-27
AMZN,2023-11-28,D:\full-stack2\data\charts\AMZN\2023-11-28.png,2023-10-31,2023-11-28
AMZN,2023-11-29,D:\full-stack2\data\charts\AMZN\2023-11-29.png,2023-11-01,2023-11-29
AMZN,2023-11-30,D:\full-stack2\data\charts\AMZN\2023-11-30.png,2023-11-02,2023-11-30
AMZN,2023-12-01,D:\full-stack2\data\charts\AMZN\2023-12-01.png,2023-11-03,2023-12-01
AMZN,2023-12-04,D:\full-stack2\data\charts\AMZN\2023-12-04.png,2023-11-06,2023-12-04
AMZN,2023-12-05,D:\full-stack2\data\charts\AMZN\2023-12-05.png,2023-11-07,2023-12-05
AMZN,2023-12-06,D:\full-stack2\data\charts\AMZN\2023-12-06.png,2023-11-08,2023-12-06
AMZN,2023-12-07,D:\full-stack2\data\charts\AMZN\2023-12-07.png,2023-11-09,2023-12-07
AMZN,2023-12-08,D:\full-stack2\data\charts\AMZN\2023-12-08.png,2023-11-10,2023-12-08
AMZN,2023-12-11,D:\full-stack2\data\charts\AMZN\2023-12-11.png,2023-11-13,2023-12-11
AMZN,2023-12-12,D:\full-stack2\data\charts\AMZN\2023-12-12.png,2023-11-14,2023-12-12
AMZN,2023-12-13,D:\full-stack2\data\charts\AMZN\2023-12-13.png,2023-11-15,2023-12-13
AMZN,2023-12-14,D:\full-stack2\data\charts\AMZN\2023-12-14.png,2023-11-16,2023-12-14
AMZN,2023-12-15,D:\full-stack2\data\charts\AMZN\2023-12-15.png,2023-11-17,2023-12-15
AMZN,2023-12-18,D:\full-stack2\data\charts\AMZN\2023-12-18.png,2023-11-20,2023-12-18
AMZN,2023-12-19,D:\full-stack2\data\charts\AMZN\2023-12-19.png,2023-11-21,2023-12-19
AMZN,2023-12-20,D:\full-stack2\data\charts\AMZN\2023-12-20.png,2023-11-22,2023-12-20
AMZN,2023-12-21,D:\full-stack2\data\charts\AMZN\2023-12-21.png,2023-11-24,2023-12-21
AMZN,2023-12-22,D:\full-stack2\data\charts\AMZN\2023-12-22.png,2023-11-27,2023-12-22
AMZN,2023-12-26,D:\full-stack2\data\charts\AMZN\2023-12-26.png,2023-11-28,2023-12-26
AMZN,2023-12-27,D:\full-stack2\data\charts\AMZN\2023-12-27.png,2023-11-29,2023-12-27
AMZN,2023-12-28,D:\full-stack2\data\charts\AMZN\2023-12-28.png,2023-11-30,2023-12-28
AMZN,2023-12-29,D:\full-stack2\data\charts\AMZN\2023-12-29.png,2023-12-01,2023-12-29
AMZN,2024-01-02,D:\full-stack2\data\charts\AMZN\2024-01-02.png,2023-12-04,2024-01-02
AMZN,2024-01-03,D:\full-stack2\data\charts\AMZN\2024-01-03.png,2023-12-05,2024-01-03
AMZN,2024-01-04,D:\full-stack2\data\charts\AMZN\2024-01-04.png,2023-12-06,2024-01-04
AMZN,2024-01-05,D:\full-stack2\data\charts\AMZN\2024-01-05.png,2023-12-07,2024-01-05
AMZN,2024-01-08,D:\full-stack2\data\charts\AMZN\2024-01-08.png,2023-12-08,2024-01-08
AMZN,2024-01-09,D:\full-stack2\data\charts\AMZN\2024-01-09.png,2023-12-11,2024-01-09
AMZN,2024-01-10,D:\full-stack2\data\charts\AMZN\2024-01-10.png,2023-12-12,2024-01-10
AMZN,2024-01-11,D:\full-stack2\data\charts\AMZN\2024-01-11.png,2023-12-13,2024-01-11
AMZN,2024-01-12,D:\full-stack2\data\charts\AMZN\2024-01-12.png,2023-12-14,2024-01-12
AMZN,2024-01-16,D:\full-stack2\data\charts\AMZN\2024-01-16.png,2023-12-15,2024-01-16
AMZN,2024-01-17,D:\full-stack2\data\charts\AMZN\2024-01-17.png,2023-12-18,2024-01-17
AMZN,2024-01-18,D:\full-stack2\data\charts\AMZN\2024-01-18.png,2023-12-19,2024-01-18
AMZN,2024-01-19,D:\full-stack2\data\charts\AMZN\2024-01-19.png,2023-12-20,2024-01-19
AMZN,2024-01-22,D:\full-stack2\data\charts\AMZN\2024-01-22.png,2023-12-21,2024-01-22
AMZN,2024-01-23,D:\full-stack2\data\charts\AMZN\2024-01-23.png,2023-12-22,2024-01-23
AMZN,2024-01-24,D:\full-stack2\data\charts\AMZN\2024-01-24.png,2023-12-26,2024-01-24
AMZN,2024-01-25,D:\full-stack2\data\charts\AMZN\2024-01-25.png,2023-12-27,2024-01-25
AMZN,2024-01-26,D:\full-stack2\data\charts\AMZN\2024-01-26.png,2023-12-28,2024-01-26
AMZN,2024-01-29,D:\full-stack2\data\charts\AMZN\2024-01-29.png,2023-12-29,2024-01-29
AMZN,2024-01-30,D:\full-stack2\data\charts\AMZN\2024-01-30.png,2024-01-02,2024-01-30
AMZN,2024-01-31,D:\full-stack2\data\charts\AMZN\2024-01-31.png,2024-01-03,2024-01-31
AMZN,2024-02-01,D:\full-stack2\data\charts\AMZN\2024-02-01.png,2024-01-04,2024-02-01
AMZN,2024-02-02,D:\full-stack2\data\charts\AMZN\2024-02-02.png,2024-01-05,2024-02-02
AMZN,2024-02-05,D:\full-stack2\data\charts\AMZN\2024-02-05.png,2024-01-08,2024-02-05
AMZN,2024-02-06,D:\full-stack2\data\charts\AMZN\2024-02-06.png,2024-01-09,2024-02-06
AMZN,2024-02-07,D:\full-stack2\data\charts\AMZN\2024-02-07.png,2024-01-10,2024-02-07
AMZN,2024-02-08,D:\full-stack2\data\charts\AMZN\2024-02-08.png,2024-01-11,2024-02-08
AMZN,2024-02-09,D:\full-stack2\data\charts\AMZN\2024-02-09.png,2024-01-12,2024-02-09
AMZN,2024-02-12,D:\full-stack2\data\charts\AMZN\2024-02-12.png,2024-01-16,2024-02-12
AMZN,2024-02-13,D:\full-stack2\data\charts\AMZN\2024-02-13.png,2024-01-17,2024-02-13
AMZN,2024-02-14,D:\full-stack2\data\charts\AMZN\2024-02-14.png,2024-01-18,2024-02-14
AMZN,2024-02-15,D:\full-stack2\data\charts\AMZN\2024-02-15.png,2024-01-19,2024-02-15
AMZN,2024-02-16,D:\full-stack2\data\charts\AMZN\2024-02-16.png,2024-01-22,2024-02-16
AMZN,2024-02-20,D:\full-stack2\data\charts\AMZN\2024-02-20.png,2024-01-23,2024-02-20
AMZN,2024-02-21,D:\full-stack2\data\charts\AMZN\2024-02-21.png,2024-01-24,2024-02-21
AMZN,2024-02-22,D:\full-stack2\data\charts\AMZN\2024-02-22.png,2024-01-25,2024-02-22
AMZN,2024-02-23,D:\full-stack2\data\charts\AMZN\2024-02-23.png,2024-01-26,2024-02-23
AMZN,2024-02-26,D:\full-stack2\data\charts\AMZN\2024-02-26.png,2024-01-29,2024-02-26
AMZN,2024-02-27,D:\full-stack2\data\charts\AMZN\2024-02-27.png,2024-01-30,2024-02-27
AMZN,2024-02-28,D:\full-stack2\data\charts\AMZN\2024-02-28.png,2024-01-31,2024-02-28
AMZN,2024-02-29,D:\full-stack2\data\charts\AMZN\2024-02-29.png,2024-02-01,2024-02-29
AMZN,2024-03-01,D:\full-stack2\data\charts\AMZN\2024-03-01.png,2024-02-02,2024-03-01
AMZN,2024-03-04,D:\full-stack2\data\charts\AMZN\2024-03-04.png,2024-02-05,2024-03-04
AMZN,2024-03-05,D:\full-stack2\data\charts\AMZN\2024-03-05.png,2024-02-06,2024-03-05
AMZN,2024-03-06,D:\full-stack2\data\charts\AMZN\2024-03-06.png,2024-02-07,2024-03-06
AMZN,2024-03-07,D:\full-stack2\data\charts\AMZN\2024-03-07.png,2024-02-08,2024-03-07
AMZN,2024-03-08,D:\full-stack2\data\charts\AMZN\2024-03-08.png,2024-02-09,2024-03-08
AMZN,2024-03-11,D:\full-stack2\data\charts\AMZN\2024-03-11.png,2024-02-12,2024-03-11
AMZN,2024-03-12,D:\full-stack2\data\charts\AMZN\2024-03-12.png,2024-02-13,2024-03-12
AMZN,2024-03-13,D:\full-stack2\data\charts\AMZN\2024-03-13.png,2024-02-14,2024-03-13
AMZN,2024-03-14,D:\full-stack2\data\charts\AMZN\2024-03-14.png,2024-02-15,2024-03-14
AMZN,2024-03-15,D:\full-stack2\data\charts\AMZN\2024-03-15.png,2024-02-16,2024-03-15
AMZN,2024-03-18,D:\full-stack2\data\charts\AMZN\2024-03-18.png,2024-02-20,2024-03-18
AMZN,2024-03-19,D:\full-stack2\data\charts\AMZN\2024-03-19.png,2024-02-21,2024-03-19
AMZN,2024-03-20,D:\full-stack2\data\charts\AMZN\2024-03-20.png,2024-02-22,2024-03-20
AMZN,2024-03-21,D:\full-stack2\data\charts\AMZN\2024-03-21.png,2024-02-23,2024-03-21
AMZN,2024-03-22,D:\full-stack2\data\charts\AMZN\2024-03-22.png,2024-02-26,2024-03-22
AMZN,2024-03-25,D:\full-stack2\data\charts\AMZN\2024-03-25.png,2024-02-27,2024-03-25
AMZN,2024-03-26,D:\full-stack2\data\charts\AMZN\2024-03-26.png,2024-02-28,2024-03-26
AMZN,2024-03-27,D:\full-stack2\data\charts\AMZN\2024-03-27.png,2024-02-29,2024-03-27
AMZN,2024-03-28,D:\full-stack2\data\charts\AMZN\2024-03-28.png,2024-03-01,2024-03-28
AMZN,2024-04-01,D:\full-stack2\data\charts\AMZN\2024-04-01.png,2024-03-04,2024-04-01
AMZN,2024-04-02,D:\full-stack2\data\charts\AMZN\2024-04-02.png,2024-03-05,2024-04-02
AMZN,2024-04-03,D:\full-stack2\data\charts\AMZN\2024-04-03.png,2024-03-06,2024-04-03
AMZN,2024-04-04,D:\full-stack2\data\charts\AMZN\2024-04-04.png,2024-03-07,2024-04-04
AMZN,2024-04-05,D:\full-stack2\data\charts\AMZN\2024-04-05.png,2024-03-08,2024-04-05
AMZN,2024-04-08,D:\full-stack2\data\charts\AMZN\2024-04-08.png,2024-03-11,2024-04-08
AMZN,2024-04-09,D:\full-stack2\data\charts\AMZN\2024-04-09.png,2024-03-12,2024-04-09
AMZN,2024-04-10,D:\full-stack2\data\charts\AMZN\2024-04-10.png,2024-03-13,2024-04-10
AMZN,2024-04-11,D:\full-stack2\data\charts\AMZN\2024-04-11.png,2024-03-14,2024-04-11
AMZN,2024-04-12,D:\full-stack2\data\charts\AMZN\2024-04-12.png,2024-03-15,2024-04-12
AMZN,2024-04-15,D:\full-stack2\data\charts\AMZN\2024-04-15.png,2024-03-18,2024-04-15
AMZN,2024-04-16,D:\full-stack2\data\charts\AMZN\2024-04-16.png,2024-03-19,2024-04-16
AMZN,2024-04-17,D:\full-stack2\data\charts\AMZN\2024-04-17.png,2024-03-20,2024-04-17
AMZN,2024-04-18,D:\full-stack2\data\charts\AMZN\2024-04-18.png,2024-03-21,2024-04-18
AMZN,2024-04-19,D:\full-stack2\data\charts\AMZN\2024-04-19.png,2024-03-22,2024-04-19
AMZN,2024-04-22,D:\full-stack2\data\charts\AMZN\2024-04-22.png,2024-03-25,2024-04-22
AMZN,2024-04-23,D:\full-stack2\data\charts\AMZN\2024-04-23.png,2024-03-26,2024-04-23
AMZN,2024-04-24,D:\full-stack2\data\charts\AMZN\2024-04-24.png,2024-03-27,2024-04-24
AMZN,2024-04-25,D:\full-stack2\data\charts\AMZN\2024-04-25.png,2024-03-28,2024-04-25
AMZN,2024-04-26,D:\full-stack2\data\charts\AMZN\2024-04-26.png,2024-04-01,2024-04-26
AMZN,2024-04-29,D:\full-stack2\data\charts\AMZN\2024-04-29.png,2024-04-02,2024-04-29
AMZN,2024-04-30,D:\full-stack2\data\charts\AMZN\2024-04-30.png,2024-04-03,2024-04-30
AMZN,2024-05-01,D:\full-stack2\data\charts\AMZN\2024-05-01.png,2024-04-04,2024-05-01
AMZN,2024-05-02,D:\full-stack2\data\charts\AMZN\2024-05-02.png,2024-04-05,2024-05-02
AMZN,2024-05-03,D:\full-stack2\data\charts\AMZN\2024-05-03.png,2024-04-08,2024-05-03
AMZN,2024-05-06,D:\full-stack2\data\charts\AMZN\2024-05-06.png,2024-04-09,2024-05-06
AMZN,2024-05-07,D:\full-stack2\data\charts\AMZN\2024-05-07.png,2024-04-10,2024-05-07
AMZN,2024-05-08,D:\full-stack2\data\charts\AMZN\2024-05-08.png,2024-04-11,2024-05-08
AMZN,2024-05-09,D:\full-stack2\data\charts\AMZN\2024-05-09.png,2024-04-12,2024-05-09
AMZN,2024-05-10,D:\full-stack2\data\charts\AMZN\2024-05-10.png,2024-04-15,2024-05-10
AMZN,2024-05-13,D:\full-stack2\data\charts\AMZN\2024-05-13.png,2024-04-16,2024-05-13
AMZN,2024-05-14,D:\full-stack2\data\charts\AMZN\2024-05-14.png,2024-04-17,2024-05-14
AMZN,2024-05-15,D:\full-stack2\data\charts\AMZN\2024-05-15.png,2024-04-18,2024-05-15
AMZN,2024-05-16,D:\full-stack2\data\charts\AMZN\2024-05-16.png,2024-04-19,2024-05-16
AMZN,2024-05-17,D:\full-stack2\data\charts\AMZN\2024-05-17.png,2024-04-22,2024-05-17
AMZN,2024-05-20,D:\full-stack2\data\charts\AMZN\2024-05-20.png,2024-04-23,2024-05-20
AMZN,2024-05-21,D:\full-stack2\data\charts\AMZN\2024-05-21.png,2024-04-24,2024-05-21
AMZN,2024-05-22,D:\full-stack2\data\charts\AMZN\2024-05-22.png,2024-04-25,2024-05-22
AMZN,2024-05-23,D:\full-stack2\data\charts\AMZN\2024-05-23.png,2024-04-26,2024-05-23
AMZN,2024-05-24,D:\full-stack2\data\charts\AMZN\2024-05-24.png,2024-04-29,2024-05-24
AMZN,2024-05-28,D:\full-stack2\data\charts\AMZN\2024-05-28.png,2024-04-30,2024-05-28
AMZN,2024-05-29,D:\full-stack2\data\charts\AMZN\2024-05-29.png,2024-05-01,2024-05-29
AMZN,2024-05-30,D:\full-stack2\data\charts\AMZN\2024-05-30.png,2024-05-02,2024-05-30
AMZN,2024-05-31,D:\full-stack2\data\charts\AMZN\2024-05-31.png,2024-05-03,2024-05-31
AMZN,2024-06-03,D:\full-stack2\data\charts\AMZN\2024-06-03.png,2024-05-06,2024-06-03
AMZN,2024-06-04,D:\full-stack2\data\charts\AMZN\2024-06-04.png,2024-05-07,2024-06-04
AMZN,2024-06-05,D:\full-stack2\data\charts\AMZN\2024-06-05.png,2024-05-08,2024-06-05
AMZN,2024-06-06,D:\full-stack2\data\charts\AMZN\2024-06-06.png,2024-05-09,2024-06-06
AMZN,2024-06-07,D:\full-stack2\data\charts\AMZN\2024-06-07.png,2024-05-10,2024-06-07
AMZN,2024-06-10,D:\full-stack2\data\charts\AMZN\2024-06-10.png,2024-05-13,2024-06-10
AMZN,2024-06-11,D:\full-stack2\data\charts\AMZN\2024-06-11.png,2024-05-14,2024-06-11
AMZN,2024-06-12,D:\full-stack2\data\charts\AMZN\2024-06-12.png,2024-05-15,2024-06-12
AMZN,2024-06-13,D:\full-stack2\data\charts\AMZN\2024-06-13.png,2024-05-16,2024-06-13
AMZN,2024-06-14,D:\full-stack2\data\charts\AMZN\2024-06-14.png,2024-05-17,2024-06-14
AMZN,2024-06-17,D:\full-stack2\data\charts\AMZN\2024-06-17.png,2024-05-20,2024-06-17
AMZN,2024-06-18,D:\full-stack2\data\charts\AMZN\2024-06-18.png,2024-05-21,2024-06-18
AMZN,2024-06-20,D:\full-stack2\data\charts\AMZN\2024-06-20.png,2024-05-22,2024-06-20
AMZN,2024-06-21,D:\full-stack2\data\charts\AMZN\2024-06-21.png,2024-05-23,2024-06-21
AMZN,2024-06-24,D:\full-stack2\data\charts\AMZN\2024-06-24.png,2024-05-24,2024-06-24
AMZN,2024-06-25,D:\full-stack2\data\charts\AMZN\2024-06-25.png,2024-05-28,2024-06-25
AMZN,2024-06-26,D:\full-stack2\data\charts\AMZN\2024-06-26.png,2024-05-29,2024-06-26
AMZN,2024-06-27,D:\full-stack2\data\charts\AMZN\2024-06-27.png,2024-05-30,2024-06-27
AMZN,2024-06-28,D:\full-stack2\data\charts\AMZN\2024-06-28.png,2024-05-31,2024-06-28
AMZN,2024-07-01,D:\full-stack2\data\charts\AMZN\2024-07-01.png,2024-06-03,2024-07-01
AMZN,2024-07-02,D:\full-stack2\data\charts\AMZN\2024-07-02.png,2024-06-04,2024-07-02
AMZN,2024-07-03,D:\full-stack2\data\charts\AMZN\2024-07-03.png,2024-06-05,2024-07-03
AMZN,2024-07-05,D:\full-stack2\data\charts\AMZN\2024-07-05.png,2024-06-06,2024-07-05
AMZN,2024-07-08,D:\full-stack2\data\charts\AMZN\2024-07-08.png,2024-06-07,2024-07-08
AMZN,2024-07-09,D:\full-stack2\data\charts\AMZN\2024-07-09.png,2024-06-10,2024-07-09
AMZN,2024-07-10,D:\full-stack2\data\charts\AMZN\2024-07-10.png,2024-06-11,2024-07-10
AMZN,2024-07-11,D:\full-stack2\data\charts\AMZN\2024-07-11.png,2024-06-12,2024-07-11
AMZN,2024-07-12,D:\full-stack2\data\charts\AMZN\2024-07-12.png,2024-06-13,2024-07-12
AMZN,2024-07-15,D:\full-stack2\data\charts\AMZN\2024-07-15.png,2024-06-14,2024-07-15
AMZN,2024-07-16,D:\full-stack2\data\charts\AMZN\2024-07-16.png,2024-06-17,2024-07-16
AMZN,2024-07-17,D:\full-stack2\data\charts\AMZN\2024-07-17.png,2024-06-18,2024-07-17
AMZN,2024-07-18,D:\full-stack2\data\charts\AMZN\2024-07-18.png,2024-06-20,2024-07-18
AMZN,2024-07-19,D:\full-stack2\data\charts\AMZN\2024-07-19.png,2024-06-21,2024-07-19
AMZN,2024-07-22,D:\full-stack2\data\charts\AMZN\2024-07-22.png,2024-06-24,2024-07-22
AMZN,2024-07-23,D:\full-stack2\data\charts\AMZN\2024-07-23.png,2024-06-25,2024-07-23
AMZN,2024-07-24,D:\full-stack2\data\charts\AMZN\2024-07-24.png,2024-06-26,2024-07-24
AMZN,2024-07-25,D:\full-stack2\data\charts\AMZN\2024-07-25.png,2024-06-27,2024-07-25
AMZN,2024-07-26,D:\full-stack2\data\charts\AMZN\2024-07-26.png,2024-06-28,2024-07-26
AMZN,2024-07-29,D:\full-stack2\data\charts\AMZN\2024-07-29.png,2024-07-01,2024-07-29
AMZN,2024-07-30,D:\full-stack2\data\charts\AMZN\2024-07-30.png,2024-07-02,2024-07-30
AMZN,2024-07-31,D:\full-stack2\data\charts\AMZN\2024-07-31.png,2024-07-03,2024-07-31
AMZN,2024-08-01,D:\full-stack2\data\charts\AMZN\2024-08-01.png,2024-07-05,2024-08-01
AMZN,2024-08-02,D:\full-stack2\data\charts\AMZN\2024-08-02.png,2024-07-08,2024-08-02
AMZN,2024-08-05,D:\full-stack2\data\charts\AMZN\2024-08-05.png,2024-07-09,2024-08-05
AMZN,2024-08-06,D:\full-stack2\data\charts\AMZN\2024-08-06.png,2024-07-10,2024-08-06
AMZN,2024-08-07,D:\full-stack2\data\charts\AMZN\2024-08-07.png,2024-07-11,2024-08-07
AMZN,2024-08-08,D:\full-stack2\data\charts\AMZN\2024-08-08.png,2024-07-12,2024-08-08
AMZN,2024-08-09,D:\full-stack2\data\charts\AMZN\2024-08-09.png,2024-07-15,2024-08-09
AMZN,2024-08-12,D:\full-stack2\data\charts\AMZN\2024-08-12.png,2024-07-16,2024-08-12
AMZN,2024-08-13,D:\full-stack2\data\charts\AMZN\2024-08-13.png,2024-07-17,2024-08-13
AMZN,2024-08-14,D:\full-stack2\data\charts\AMZN\2024-08-14.png,2024-07-18,2024-08-14
AMZN,2024-08-15,D:\full-stack2\data\charts\AMZN\2024-08-15.png,2024-07-19,2024-08-15
AMZN,2024-08-16,D:\full-stack2\data\charts\AMZN\2024-08-16.png,2024-07-22,2024-08-16
AMZN,2024-08-19,D:\full-stack2\data\charts\AMZN\2024-08-19.png,2024-07-23,2024-08-19
AMZN,2024-08-20,D:\full-stack2\data\charts\AMZN\2024-08-20.png,2024-07-24,2024-08-20
AMZN,2024-08-21,D:\full-stack2\data\charts\AMZN\2024-08-21.png,2024-07-25,2024-08-21
AMZN,2024-08-22,D:\full-stack2\data\charts\AMZN\2024-08-22.png,2024-07-26,2024-08-22
AMZN,2024-08-23,D:\full-stack2\data\charts\AMZN\2024-08-23.png,2024-07-29,2024-08-23
AMZN,2024-08-26,D:\full-stack2\data\charts\AMZN\2024-08-26.png,2024-07-30,2024-08-26
AMZN,2024-08-27,D:\full-stack2\data\charts\AMZN\2024-08-27.png,2024-07-31,2024-08-27
AMZN,2024-08-28,D:\full-stack2\data\charts\AMZN\2024-08-28.png,2024-08-01,2024-08-28
AMZN,2024-08-29,D:\full-stack2\data\charts\AMZN\2024-08-29.png,2024-08-02,2024-08-29
AMZN,2024-08-30,D:\full-stack2\data\charts\AMZN\2024-08-30.png,2024-08-05,2024-08-30
AMZN,2024-09-03,D:\full-stack2\data\charts\AMZN\2024-09-03.png,2024-08-06,2024-09-03
AMZN,2024-09-04,D:\full-stack2\data\charts\AMZN\2024-09-04.png,2024-08-07,2024-09-04
AMZN,2024-09-05,D:\full-stack2\data\charts\AMZN\2024-09-05.png,2024-08-08,2024-09-05
AMZN,2024-09-06,D:\full-stack2\data\charts\AMZN\2024-09-06.png,2024-08-09,2024-09-06
AMZN,2024-09-09,D:\full-stack2\data\charts\AMZN\2024-09-09.png,2024-08-12,2024-09-09
AMZN,2024-09-10,D:\full-stack2\data\charts\AMZN\2024-09-10.png,2024-08-13,2024-09-10
AMZN,2024-09-11,D:\full-stack2\data\charts\AMZN\2024-09-11.png,2024-08-14,2024-09-11
AMZN,2024-09-12,D:\full-stack2\data\charts\AMZN\2024-09-12.png,2024-08-15,2024-09-12
AMZN,2024-09-13,D:\full-stack2\data\charts\AMZN\2024-09-13.png,2024-08-16,2024-09-13
AMZN,2024-09-16,D:\full-stack2\data\charts\AMZN\2024-09-16.png,2024-08-19,2024-09-16
AMZN,2024-09-17,D:\full-stack2\data\charts\AMZN\2024-09-17.png,2024-08-20,2024-09-17
AMZN,2024-09-18,D:\full-stack2\data\charts\AMZN\2024-09-18.png,2024-08-21,2024-09-18
AMZN,2024-09-19,D:\full-stack2\data\charts\AMZN\2024-09-19.png,2024-08-22,2024-09-19
AMZN,2024-09-20,D:\full-stack2\data\charts\AMZN\2024-09-20.png,2024-08-23,2024-09-20
AMZN,2024-09-23,D:\full-stack2\data\charts\AMZN\2024-09-23.png,2024-08-26,2024-09-23
AMZN,2024-09-24,D:\full-stack2\data\charts\AMZN\2024-09-24.png,2024-08-27,2024-09-24
AMZN,2024-09-25,D:\full-stack2\data\charts\AMZN\2024-09-25.png,2024-08-28,2024-09-25
AMZN,2024-09-26,D:\full-stack2\data\charts\AMZN\2024-09-26.png,2024-08-29,2024-09-26
AMZN,2024-09-27,D:\full-stack2\data\charts\AMZN\2024-09-27.png,2024-08-30,2024-09-27
AMZN,2024-09-30,D:\full-stack2\data\charts\AMZN\2024-09-30.png,2024-09-03,2024-09-30
AMZN,2024-10-01,D:\full-stack2\data\charts\AMZN\2024-10-01.png,2024-09-04,2024-10-01
AMZN,2024-10-02,D:\full-stack2\data\charts\AMZN\2024-10-02.png,2024-09-05,2024-10-02
AMZN,2024-10-03,D:\full-stack2\data\charts\AMZN\2024-10-03.png,2024-09-06,2024-10-03
AMZN,2024-10-04,D:\full-stack2\data\charts\AMZN\2024-10-04.png,2024-09-09,2024-10-04
AMZN,2024-10-07,D:\full-stack2\data\charts\AMZN\2024-10-07.png,2024-09-10,2024-10-07
AMZN,2024-10-08,D:\full-stack2\data\charts\AMZN\2024-10-08.png,2024-09-11,2024-10-08
AMZN,2024-10-09,D:\full-stack2\data\charts\AMZN\2024-10-09.png,2024-09-12,2024-10-09
AMZN,2024-10-10,D:\full-stack2\data\charts\AMZN\2024-10-10.png,2024-09-13,2024-10-10
AMZN,2024-10-11,D:\full-stack2\data\charts\AMZN\2024-10-11.png,2024-09-16,2024-10-11
AMZN,2024-10-14,D:\full-stack2\data\charts\AMZN\2024-10-14.png,2024-09-17,2024-10-14
AMZN,2024-10-15,D:\full-stack2\data\charts\AMZN\2024-10-15.png,2024-09-18,2024-10-15
AMZN,2024-10-16,D:\full-stack2\data\charts\AMZN\2024-10-16.png,2024-09-19,2024-10-16
AMZN,2024-10-17,D:\full-stack2\data\charts\AMZN\2024-10-17.png,2024-09-20,2024-10-17
AMZN,2024-10-18,D:\full-stack2\data\charts\AMZN\2024-10-18.png,2024-09-23,2024-10-18
AMZN,2024-10-21,D:\full-stack2\data\charts\AMZN\2024-10-21.png,2024-09-24,2024-10-21
AMZN,2024-10-22,D:\full-stack2\data\charts\AMZN\2024-10-22.png,2024-09-25,2024-10-22
AMZN,2024-10-23,D:\full-stack2\data\charts\AMZN\2024-10-23.png,2024-09-26,2024-10-23
AMZN,2024-10-24,D:\full-stack2\data\charts\AMZN\2024-10-24.png,2024-09-27,2024-10-24
AMZN,2024-10-25,D:\full-stack2\data\charts\AMZN\2024-10-25.png,2024-09-30,2024-10-25
AMZN,2024-10-28,D:\full-stack2\data\charts\AMZN\2024-10-28.png,2024-10-01,2024-10-28
AMZN,2024-10-29,D:\full-stack2\data\charts\AMZN\2024-10-29.png,2024-10-02,2024-10-29
AMZN,2024-10-30,D:\full-stack2\data\charts\AMZN\2024-10-30.png,2024-10-03,2024-10-30
AMZN,2024-10-31,D:\full-stack2\data\charts\AMZN\2024-10-31.png,2024-10-04,2024-10-31
AMZN,2024-11-01,D:\full-stack2\data\charts\AMZN\2024-11-01.png,2024-10-07,2024-11-01
AMZN,2024-11-04,D:\full-stack2\data\charts\AMZN\2024-11-04.png,2024-10-08,2024-11-04
AMZN,2024-11-05,D:\full-stack2\data\charts\AMZN\2024-11-05.png,2024-10-09,2024-11-05
AMZN,2024-11-06,D:\full-stack2\data\charts\AMZN\2024-11-06.png,2024-10-10,2024-11-06
AMZN,2024-11-07,D:\full-stack2\data\charts\AMZN\2024-11-07.png,2024-10-11,2024-11-07
AMZN,2024-11-08,D:\full-stack2\data\charts\AMZN\2024-11-08.png,2024-10-14,2024-11-08
AMZN,2024-11-11,D:\full-stack2\data\charts\AMZN\2024-11-11.png,2024-10-15,2024-11-11
AMZN,2024-11-12,D:\full-stack2\data\charts\AMZN\2024-11-12.png,2024-10-16,2024-11-12
AMZN,2024-11-13,D:\full-stack2\data\charts\AMZN\2024-11-13.png,2024-10-17,2024-11-13
AMZN,2024-11-14,D:\full-stack2\data\charts\AMZN\2024-11-14.png,2024-10-18,2024-11-14
AMZN,2024-11-15,D:\full-stack2\data\charts\AMZN\2024-11-15.png,2024-10-21,2024-11-15
AMZN,2024-11-18,D:\full-stack2\data\charts\AMZN\2024-11-18.png,2024-10-22,2024-11-18
AMZN,2024-11-19,D:\full-stack2\data\charts\AMZN\2024-11-19.png,2024-10-23,2024-11-19
AMZN,2024-11-20,D:\full-stack2\data\charts\AMZN\2024-11-20.png,2024-10-24,2024-11-20
AMZN,2024-11-21,D:\full-stack2\data\charts\AMZN\2024-11-21.png,2024-10-25,2024-11-21
AMZN,2024-11-22,D:\full-stack2\data\charts\AMZN\2024-11-22.png,2024-10-28,2024-11-22
AMZN,2024-11-25,D:\full-stack2\data\charts\AMZN\2024-11-25.png,2024-10-29,2024-11-25
AMZN,2024-11-26,D:\full-stack2\data\charts\AMZN\2024-11-26.png,2024-10-30,2024-11-26
AMZN,2024-11-27,D:\full-stack2\data\charts\AMZN\2024-11-27.png,2024-10-31,2024-11-27
AMZN,2024-11-29,D:\full-stack2\data\charts\AMZN\2024-11-29.png,2024-11-01,2024-11-29
AMZN,2024-12-02,D:\full-stack2\data\charts\AMZN\2024-12-02.png,2024-11-04,2024-12-02
AMZN,2024-12-03,D:\full-stack2\data\charts\AMZN\2024-12-03.png,2024-11-05,2024-12-03
AMZN,2024-12-04,D:\full-stack2\data\charts\AMZN\2024-12-04.png,2024-11-06,2024-12-04
AMZN,2024-12-05,D:\full-stack2\data\charts\AMZN\2024-12-05.png,2024-11-07,2024-12-05
AMZN,2024-12-06,D:\full-stack2\data\charts\AMZN\2024-12-06.png,2024-11-08,2024-12-06
AMZN,2024-12-09,D:\full-stack2\data\charts\AMZN\2024-12-09.png,2024-11-11,2024-12-09
AMZN,2024-12-10,D:\full-stack2\data\charts\AMZN\2024-12-10.png,2024-11-12,2024-12-10
AMZN,2024-12-11,D:\full-stack2\data\charts\AMZN\2024-12-11.png,2024-11-13,2024-12-11
AMZN,2024-12-12,D:\full-stack2\data\charts\AMZN\2024-12-12.png,2024-11-14,2024-12-12
AMZN,2024-12-13,D:\full-stack2\data\charts\AMZN\2024-12-13.png,2024-11-15,2024-12-13
AMZN,2024-12-16,D:\full-stack2\data\charts\AMZN\2024-12-16.png,2024-11-18,2024-12-16
AMZN,2024-12-17,D:\full-stack2\data\charts\AMZN\2024-12-17.png,2024-11-19,2024-12-17
AMZN,2024-12-18,D:\full-stack2\data\charts\AMZN\2024-12-18.png,2024-11-20,2024-12-18
AMZN,2024-12-19,D:\full-stack2\data\charts\AMZN\2024-12-19.png,2024-11-21,2024-12-19
AMZN,2024-12-20,D:\full-stack2\data\charts\AMZN\2024-12-20.png,2024-11-22,2024-12-20
AMZN,2024-12-23,D:\full-stack2\data\charts\AMZN\2024-12-23.png,2024-11-25,2024-12-23
AMZN,2024-12-24,D:\full-stack2\data\charts\AMZN\2024-12-24.png,2024-11-26,2024-12-24
AMZN,2024-12-26,D:\full-stack2\data\charts\AMZN\2024-12-26.png,2024-11-27,2024-12-26
AMZN,2024-12-27,D:\full-stack2\data\charts\AMZN\2024-12-27.png,2024-11-29,2024-12-27
AMZN,2024-12-30,D:\full-stack2\data\charts\AMZN\2024-12-30.png,2024-12-02,2024-12-30
AMZN,2024-12-31,D:\full-stack2\data\charts\AMZN\2024-12-31.png,2024-12-03,2024-12-31
AMZN,2025-01-02,D:\full-stack2\data\charts\AMZN\2025-01-02.png,2024-12-04,2025-01-02
AMZN,2025-01-03,D:\full-stack2\data\charts\AMZN\2025-01-03.png,2024-12-05,2025-01-03
AMZN,2025-01-06,D:\full-stack2\data\charts\AMZN\2025-01-06.png,2024-12-06,2025-01-06
AMZN,2025-01-07,D:\full-stack2\data\charts\AMZN\2025-01-07.png,2024-12-09,2025-01-07
AMZN,2025-01-08,D:\full-stack2\data\charts\AMZN\2025-01-08.png,2024-12-10,2025-01-08
AMZN,2025-01-10,D:\full-stack2\data\charts\AMZN\2025-01-10.png,2024-12-11,2025-01-10
AMZN,2025-01-13,D:\full-stack2\data\charts\AMZN\2025-01-13.png,2024-12-12,2025-01-13
AMZN,2025-01-14,D:\full-stack2\data\charts\AMZN\2025-01-14.png,2024-12-13,2025-01-14
AMZN,2025-01-15,D:\full-stack2\data\charts\AMZN\2025-01-15.png,2024-12-16,2025-01-15
AMZN,2025-01-16,D:\full-stack2\data\charts\AMZN\2025-01-16.png,2024-12-17,2025-01-16
AMZN,2025-01-17,D:\full-stack2\data\charts\AMZN\2025-01-17.png,2024-12-18,2025-01-17
AMZN,2025-01-21,D:\full-stack2\data\charts\AMZN\2025-01-21.png,2024-12-19,2025-01-21
AMZN,2025-01-22,D:\full-stack2\data\charts\AMZN\2025-01-22.png,2024-12-20,2025-01-22
AMZN,2025-01-23,D:\full-stack2\data\charts\AMZN\2025-01-23.png,2024-12-23,2025-01-23
AMZN,2025-01-24,D:\full-stack2\data\charts\AMZN\2025-01-24.png,2024-12-24,2025-01-24
AMZN,2025-01-27,D:\full-stack2\data\charts\AMZN\2025-01-27.png,2024-12-26,2025-01-27
AMZN,2025-01-28,D:\full-stack2\data\charts\AMZN\2025-01-28.png,2024-12-27,2025-01-28
AMZN,2025-01-29,D:\full-stack2\data\charts\AMZN\2025-01-29.png,2024-12-30,2025-01-29
AMZN,2025-01-30,D:\full-stack2\data\charts\AMZN\2025-01-30.png,2024-12-31,2025-01-30
AMZN,2025-01-31,D:\full-stack2\data\charts\AMZN\2025-01-31.png,2025-01-02,2025-01-31
AMZN,2025-02-03,D:\full-stack2\data\charts\AMZN\2025-02-03.png,2025-01-03,2025-02-03
AMZN,2025-02-04,D:\full-stack2\data\charts\AMZN\2025-02-04.png,2025-01-06,2025-02-04
AMZN,2025-02-05,D:\full-stack2\data\charts\AMZN\2025-02-05.png,2025-01-07,2025-02-05
AMZN,2025-02-06,D:\full-stack2\data\charts\AMZN\2025-02-06.png,2025-01-08,2025-02-06
AMZN,2025-02-07,D:\full-stack2\data\charts\AMZN\2025-02-07.png,2025-01-10,2025-02-07
AMZN,2025-02-10,D:\full-stack2\data\charts\AMZN\2025-02-10.png,2025-01-13,2025-02-10
AMZN,2025-02-11,D:\full-stack2\data\charts\AMZN\2025-02-11.png,2025-01-14,2025-02-11
AMZN,2025-02-12,D:\full-stack2\data\charts\AMZN\2025-02-12.png,2025-01-15,2025-02-12
AMZN,2025-02-13,D:\full-stack2\data\charts\AMZN\2025-02-13.png,2025-01-16,2025-02-13
AMZN,2025-02-14,D:\full-stack2\data\charts\AMZN\2025-02-14.png,2025-01-17,2025-02-14
AMZN,2025-02-18,D:\full-stack2\data\charts\AMZN\2025-02-18.png,2025-01-21,2025-02-18
AMZN,2025-02-19,D:\full-stack2\data\charts\AMZN\2025-02-19.png,2025-01-22,2025-02-19
AMZN,2025-02-20,D:\full-stack2\data\charts\AMZN\2025-02-20.png,2025-01-23,2025-02-20
AMZN,2025-02-21,D:\full-stack2\data\charts\AMZN\2025-02-21.png,2025-01-24,2025-02-21
AMZN,2025-02-24,D:\full-stack2\data\charts\AMZN\2025-02-24.png,2025-01-27,2025-02-24
AMZN,2025-02-25,D:\full-stack2\data\charts\AMZN\2025-02-25.png,2025-01-28,2025-02-25
AMZN,2025-02-26,D:\full-stack2\data\charts\AMZN\2025-02-26.png,2025-01-29,2025-02-26
AMZN,2025-02-27,D:\full-stack2\data\charts\AMZN\2025-02-27.png,2025-01-30,2025-02-27
AMZN,2025-02-28,D:\full-stack2\data\charts\AMZN\2025-02-28.png,2025-01-31,2025-02-28
AMZN,2025-03-03,D:\full-stack2\data\charts\AMZN\2025-03-03.png,2025-02-03,2025-03-03
AMZN,2025-03-04,D:\full-stack2\data\charts\AMZN\2025-03-04.png,2025-02-04,2025-03-04
AMZN,2025-03-05,D:\full-stack2\data\charts\AMZN\2025-03-05.png,2025-02-05,2025-03-05
AMZN,2025-03-06,D:\full-stack2\data\charts\AMZN\2025-03-06.png,2025-02-06,2025-03-06
AMZN,2025-03-07,D:\full-stack2\data\charts\AMZN\2025-03-07.png,2025-02-07,2025-03-07
AMZN,2025-03-10,D:\full-stack2\data\charts\AMZN\2025-03-10.png,2025-02-10,2025-03-10
AMZN,2025-03-11,D:\full-stack2\data\charts\AMZN\2025-03-11.png,2025-02-11,2025-03-11
AMZN,2025-03-12,D:\full-stack2\data\charts\AMZN\2025-03-12.png,2025-02-12,2025-03-12
AMZN,2025-03-13,D:\full-stack2\data\charts\AMZN\2025-03-13.png,2025-02-13,2025-03-13
AMZN,2025-03-14,D:\full-stack2\data\charts\AMZN\2025-03-14.png,2025-02-14,2025-03-14
AMZN,2025-03-17,D:\full-stack2\data\charts\AMZN\2025-03-17.png,2025-02-18,2025-03-17
AMZN,2025-03-18,D:\full-stack2\data\charts\AMZN\2025-03-18.png,2025-02-19,2025-03-18
AMZN,2025-03-19,D:\full-stack2\data\charts\AMZN\2025-03-19.png,2025-02-20,2025-03-19
AMZN,2025-03-20,D:\full-stack2\data\charts\AMZN\2025-03-20.png,2025-02-21,2025-03-20
AMZN,2025-03-21,D:\full-stack2\data\charts\AMZN\2025-03-21.png,2025-02-24,2025-03-21
AMZN,2025-03-24,D:\full-stack2\data\charts\AMZN\2025-03-24.png,2025-02-25,2025-03-24
AMZN,2025-03-25,D:\full-stack2\data\charts\AMZN\2025-03-25.png,2025-02-26,2025-03-25
AMZN,2025-03-26,D:\full-stack2\data\charts\AMZN\2025-03-26.png,2025-02-27,2025-03-26
AMZN,2025-03-27,D:\full-stack2\data\charts\AMZN\2025-03-27.png,2025-02-28,2025-03-27
AMZN,2025-03-28,D:\full-stack2\data\charts\AMZN\2025-03-28.png,2025-03-03,2025-03-28
AMZN,2025-03-31,D:\full-stack2\data\charts\AMZN\2025-03-31.png,2025-03-04,2025-03-31
AMZN,2025-04-01,D:\full-stack2\data\charts\AMZN\2025-04-01.png,2025-03-05,2025-04-01
AMZN,2025-04-02,D:\full-stack2\data\charts\AMZN\2025-04-02.png,2025-03-06,2025-04-02
AMZN,2025-04-03,D:\full-stack2\data\charts\AMZN\2025-04-03.png,2025-03-07,2025-04-03
AMZN,2025-04-04,D:\full-stack2\data\charts\AMZN\2025-04-04.png,2025-03-10,2025-04-04
AMZN,2025-04-07,D:\full-stack2\data\charts\AMZN\2025-04-07.png,2025-03-11,2025-04-07
AMZN,2025-04-08,D:\full-stack2\data\charts\AMZN\2025-04-08.png,2025-03-12,2025-04-08
AMZN,2025-04-09,D:\full-stack2\data\charts\AMZN\2025-04-09.png,2025-03-13,2025-04-09
AMZN,2025-04-10,D:\full-stack2\data\charts\AMZN\2025-04-10.png,2025-03-14,2025-04-10
AMZN,2025-04-11,D:\full-stack2\data\charts\AMZN\2025-04-11.png,2025-03-17,2025-04-11
AMZN,2025-04-14,D:\full-stack2\data\charts\AMZN\2025-04-14.png,2025-03-18,2025-04-14
AMZN,2025-04-15,D:\full-stack2\data\charts\AMZN\2025-04-15.png,2025-03-19,2025-04-15
AMZN,2025-04-16,D:\full-stack2\data\charts\AMZN\2025-04-16.png,2025-03-20,2025-04-16
AMZN,2025-04-17,D:\full-stack2\data\charts\AMZN\2025-04-17.png,2025-03-21,2025-04-17
AMZN,2025-04-21,D:\full-stack2\data\charts\AMZN\2025-04-21.png,2025-03-24,2025-04-21
AMZN,2025-04-22,D:\full-stack2\data\charts\AMZN\2025-04-22.png,2025-03-25,2025-04-22
AMZN,2025-04-23,D:\full-stack2\data\charts\AMZN\2025-04-23.png,2025-03-26,2025-04-23
AMZN,2025-04-24,D:\full-stack2\data\charts\AMZN\2025-04-24.png,2025-03-27,2025-04-24
AMZN,2025-04-25,D:\full-stack2\data\charts\AMZN\2025-04-25.png,2025-03-28,2025-04-25
AMZN,2025-04-28,D:\full-stack2\data\charts\AMZN\2025-04-28.png,2025-03-31,2025-04-28
AMZN,2025-04-29,D:\full-stack2\data\charts\AMZN\2025-04-29.png,2025-04-01,2025-04-29
AMZN,2025-04-30,D:\full-stack2\data\charts\AMZN\2025-04-30.png,2025-04-02,2025-04-30
AMZN,2025-05-01,D:\full-stack2\data\charts\AMZN\2025-05-01.png,2025-04-03,2025-05-01
AMZN,2025-05-02,D:\full-stack2\data\charts\AMZN\2025-05-02.png,2025-04-04,2025-05-02
AMZN,2025-05-05,D:\full-stack2\data\charts\AMZN\2025-05-05.png,2025-04-07,2025-05-05
AMZN,2025-05-06,D:\full-stack2\data\charts\AMZN\2025-05-06.png,2025-04-08,2025-05-06
AMZN,2025-05-07,D:\full-stack2\data\charts\AMZN\2025-05-07.png,2025-04-09,2025-05-07
AMZN,2025-05-08,D:\full-stack2\data\charts\AMZN\2025-05-08.png,2025-04-10,2025-05-08
AMZN,2025-05-09,D:\full-stack2\data\charts\AMZN\2025-05-09.png,2025-04-11,2025-05-09
AMZN,2025-05-12,D:\full-stack2\data\charts\AMZN\2025-05-12.png,2025-04-14,2025-05-12
AMZN,2025-05-13,D:\full-stack2\data\charts\AMZN\2025-05-13.png,2025-04-15,2025-05-13
AMZN,2025-05-14,D:\full-stack2\data\charts\AMZN\2025-05-14.png,2025-04-16,2025-05-14
AMZN,2025-05-15,D:\full-stack2\data\charts\AMZN\2025-05-15.png,2025-04-17,2025-05-15
AMZN,2025-05-16,D:\full-stack2\data\charts\AMZN\2025-05-16.png,2025-04-21,2025-05-16
AMZN,2025-05-19,D:\full-stack2\data\charts\AMZN\2025-05-19.png,2025-04-22,2025-05-19
AMZN,2025-05-20,D:\full-stack2\data\charts\AMZN\2025-05-20.png,2025-04-23,2025-05-20
AMZN,2025-05-21,D:\full-stack2\data\charts\AMZN\2025-05-21.png,2025-04-24,2025-05-21
AMZN,2025-05-22,D:\full-stack2\data\charts\AMZN\2025-05-22.png,2025-04-25,2025-05-22
AMZN,2025-05-23,D:\full-stack2\data\charts\AMZN\2025-05-23.png,2025-04-28,2025-05-23
AMZN,2025-05-27,D:\full-stack2\data\charts\AMZN\2025-05-27.png,2025-04-29,2025-05-27
AMZN,2025-05-28,D:\full-stack2\data\charts\AMZN\2025-05-28.png,2025-04-30,2025-05-28
AMZN,2025-05-29,D:\full-stack2\data\charts\AMZN\2025-05-29.png,2025-05-01,2025-05-29
AMZN,2025-05-30,D:\full-stack2\data\charts\AMZN\2025-05-30.png,2025-05-02,2025-05-30
AMZN,2025-06-02,D:\full-stack2\data\charts\AMZN\2025-06-02.png,2025-05-05,2025-06-02
AMZN,2025-06-03,D:\full-stack2\data\charts\AMZN\2025-06-03.png,2025-05-06,2025-06-03
AMZN,2025-06-04,D:\full-stack2\data\charts\AMZN\2025-06-04.png,2025-05-07,2025-06-04
AMZN,2025-06-05,D:\full-stack2\data\charts\AMZN\2025-06-05.png,2025-05-08,2025-06-05
AMZN,2025-06-06,D:\full-stack2\data\charts\AMZN\2025-06-06.png,2025-05-09,2025-06-06
AMZN,2025-06-09,D:\full-stack2\data\charts\AMZN\2025-06-09.png,2025-05-12,2025-06-09
AMZN,2025-06-10,D:\full-stack2\data\charts\AMZN\2025-06-10.png,2025-05-13,2025-06-10
AMZN,2025-06-11,D:\full-stack2\data\charts\AMZN\2025-06-11.png,2025-05-14,2025-06-11
AMZN,2025-06-12,D:\full-stack2\data\charts\AMZN\2025-06-12.png,2025-05-15,2025-06-12
AMZN,2025-06-13,D:\full-stack2\data\charts\AMZN\2025-06-13.png,2025-05-16,2025-06-13
AMZN,2025-06-16,D:\full-stack2\data\charts\AMZN\2025-06-16.png,2025-05-19,2025-06-16
AMZN,2025-06-17,D:\full-stack2\data\charts\AMZN\2025-06-17.png,2025-05-20,2025-06-17
AMZN,2025-06-18,D:\full-stack2\data\charts\AMZN\2025-06-18.png,2025-05-21,2025-06-18
AMZN,2025-06-20,D:\full-stack2\data\charts\AMZN\2025-06-20.png,2025-05-22,2025-06-20
AMZN,2025-06-23,D:\full-stack2\data\charts\AMZN\2025-06-23.png,2025-05-23,2025-06-23
AMZN,2025-06-24,D:\full-stack2\data\charts\AMZN\2025-06-24.png,2025-05-27,2025-06-24
AMZN,2025-06-25,D:\full-stack2\data\charts\AMZN\2025-06-25.png,2025-05-28,2025-06-25
AMZN,2025-06-26,D:\full-stack2\data\charts\AMZN\2025-06-26.png,2025-05-29,2025-06-26
AMZN,2025-06-27,D:\full-stack2\data\charts\AMZN\2025-06-27.png,2025-05-30,2025-06-27
AMZN,2025-06-30,D:\full-stack2\data\charts\AMZN\2025-06-30.png,2025-06-02,2025-06-30
AMZN,2025-07-01,D:\full-stack2\data\charts\AMZN\2025-07-01.png,2025-06-03,2025-07-01
AMZN,2025-07-02,D:\full-stack2\data\charts\AMZN\2025-07-02.png,2025-06-04,2025-07-02
AMZN,2025-07-03,D:\full-stack2\data\charts\AMZN\2025-07-03.png,2025-06-05,2025-07-03
AMZN,2025-07-07,D:\full-stack2\data\charts\AMZN\2025-07-07.png,2025-06-06,2025-07-07
AMZN,2025-07-08,D:\full-stack2\data\charts\AMZN\2025-07-08.png,2025-06-09,2025-07-08
AMZN,2025-07-09,D:\full-stack2\data\charts\AMZN\2025-07-09.png,2025-06-10,2025-07-09
AMZN,2025-07-10,D:\full-stack2\data\charts\AMZN\2025-07-10.png,2025-06-11,2025-07-10
AMZN,2025-07-11,D:\full-stack2\data\charts\AMZN\2025-07-11.png,2025-06-12,2025-07-11
AMZN,2025-07-14,D:\full-stack2\data\charts\AMZN\2025-07-14.png,2025-06-13,2025-07-14
AMZN,2025-07-15,D:\full-stack2\data\charts\AMZN\2025-07-15.png,2025-06-16,2025-07-15
AMZN,2025-07-16,D:\full-stack2\data\charts\AMZN\2025-07-16.png,2025-06-17,2025-07-16
AMZN,2025-07-17,D:\full-stack2\data\charts\AMZN\2025-07-17.png,2025-06-18,2025-07-17
AMZN,2025-07-18,D:\full-stack2\data\charts\AMZN\2025-07-18.png,2025-06-20,2025-07-18
AMZN,2025-07-21,D:\full-stack2\data\charts\AMZN\2025-07-21.png,2025-06-23,2025-07-21
AMZN,2025-07-22,D:\full-stack2\data\charts\AMZN\2025-07-22.png,2025-06-24,2025-07-22
AMZN,2025-07-23,D:\full-stack2\data\charts\AMZN\2025-07-23.png,2025-06-25,2025-07-23
AMZN,2025-07-24,D:\full-stack2\data\charts\AMZN\2025-07-24.png,2025-06-26,2025-07-24
AMZN,2025-07-25,D:\full-stack2\data\charts\AMZN\2025-07-25.png,2025-06-27,2025-07-25
AMZN,2025-07-28,D:\full-stack2\data\charts\AMZN\2025-07-28.png,2025-06-30,2025-07-28
AMZN,2025-07-29,D:\full-stack2\data\charts\AMZN\2025-07-29.png,2025-07-01,2025-07-29
AMZN,2025-07-30,D:\full-stack2\data\charts\AMZN\2025-07-30.png,2025-07-02,2025-07-30
AMZN,2025-07-31,D:\full-stack2\data\charts\AMZN\2025-07-31.png,2025-07-03,2025-07-31
AMZN,2025-08-01,D:\full-stack2\data\charts\AMZN\2025-08-01.png,2025-07-07,2025-08-01
AMZN,2025-08-04,D:\full-stack2\data\charts\AMZN\2025-08-04.png,2025-07-08,2025-08-04
AMZN,2025-08-05,D:\full-stack2\data\charts\AMZN\2025-08-05.png,2025-07-09,2025-08-05
AMZN,2025-08-06,D:\full-stack2\data\charts\AMZN\2025-08-06.png,2025-07-10,2025-08-06
AMZN,2025-08-07,D:\full-stack2\data\charts\AMZN\2025-08-07.png,2025-07-11,2025-08-07
AMZN,2025-08-08,D:\full-stack2\data\charts\AMZN\2025-08-08.png,2025-07-14,2025-08-08
AMZN,2025-08-11,D:\full-stack2\data\charts\AMZN\2025-08-11.png,2025-07-15,2025-08-11
AMZN,2025-08-12,D:\full-stack2\data\charts\AMZN\2025-08-12.png,2025-07-16,2025-08-12
AMZN,2025-08-13,D:\full-stack2\data\charts\AMZN\2025-08-13.png,2025-07-17,2025-08-13
AMZN,2025-08-14,D:\full-stack2\data\charts\AMZN\2025-08-14.png,2025-07-18,2025-08-14
AMZN,2025-08-15,D:\full-stack2\data\charts\AMZN\2025-08-15.png,2025-07-21,2025-08-15
AMZN,2025-08-18,D:\full-stack2\data\charts\AMZN\2025-08-18.png,2025-07-22,2025-08-18
AMZN,2025-08-19,D:\full-stack2\data\charts\AMZN\2025-08-19.png,2025-07-23,2025-08-19
AMZN,2025-08-20,D:\full-stack2\data\charts\AMZN\2025-08-20.png,2025-07-24,2025-08-20
AMZN,2025-08-21,D:\full-stack2\data\charts\AMZN\2025-08-21.png,2025-07-25,2025-08-21
AMZN,2025-08-22,D:\full-stack2\data\charts\AMZN\2025-08-22.png,2025-07-28,2025-08-22
AMZN,2025-08-25,D:\full-stack2\data\charts\AMZN\2025-08-25.png,2025-07-29,2025-08-25
AMZN,2025-08-26,D:\full-stack2\data\charts\AMZN\2025-08-26.png,2025-07-30,2025-08-26
AMZN,2025-08-27,D:\full-stack2\data\charts\AMZN\2025-08-27.png,2025-07-31,2025-08-27
AMZN,2025-08-28,D:\full-stack2\data\charts\AMZN\2025-08-28.png,2025-08-01,2025-08-28
AMZN,2025-08-29,D:\full-stack2\data\charts\AMZN\2025-08-29.png,2025-08-04,2025-08-29
AMZN,2025-09-02,D:\full-stack2\data\charts\AMZN\2025-09-02.png,2025-08-05,2025-09-02
AMZN,2025-09-03,D:\full-stack2\data\charts\AMZN\2025-09-03.png,2025-08-06,2025-09-03
AMZN,2025-09-04,D:\full-stack2\data\charts\AMZN\2025-09-04.png,2025-08-07,2025-09-04
AMZN,2025-09-05,D:\full-stack2\data\charts\AMZN\2025-09-05.png,2025-08-08,2025-09-05
AMZN,2025-09-08,D:\full-stack2\data\charts\AMZN\2025-09-08.png,2025-08-11,2025-09-08
AMZN,2025-09-09,D:\full-stack2\data\charts\AMZN\2025-09-09.png,2025-08-12,2025-09-09
AMZN,2025-09-10,D:\full-stack2\data\charts\AMZN\2025-09-10.png,2025-08-13,2025-09-10
AMZN,2025-09-11,D:\full-stack2\data\charts\AMZN\2025-09-11.png,2025-08-14,2025-09-11
AMZN,2025-09-12,D:\full-stack2\data\charts\AMZN\2025-09-12.png,2025-08-15,2025-09-12
AMZN,2025-09-15,D:\full-stack2\data\charts\AMZN\2025-09-15.png,2025-08-18,2025-09-15
AMZN,2025-09-16,D:\full-stack2\data\charts\AMZN\2025-09-16.png,2025-08-19,2025-09-16
AMZN,2025-09-17,D:\full-stack2\data\charts\AMZN\2025-09-17.png,2025-08-20,2025-09-17
AMZN,2025-09-18,D:\full-stack2\data\charts\AMZN\2025-09-18.png,2025-08-21,2025-09-18
AMZN,2025-09-19,D:\full-stack2\data\charts\AMZN\2025-09-19.png,2025-08-22,2025-09-19
AMZN,2025-09-22,D:\full-stack2\data\charts\AMZN\2025-09-22.png,2025-08-25,2025-09-22
AMZN,2025-09-23,D:\full-stack2\data\charts\AMZN\2025-09-23.png,2025-08-26,2025-09-23
AMZN,2025-09-24,D:\full-stack2\data\charts\AMZN\2025-09-24.png,2025-08-27,2025-09-24
AMZN,2025-09-25,D:\full-stack2\data\charts\AMZN\2025-09-25.png,2025-08-28,2025-09-25
AMZN,2025-09-26,D:\full-stack2\data\charts\AMZN\2025-09-26.png,2025-08-29,2025-09-26
AMZN,2025-09-29,D:\full-stack2\data\charts\AMZN\2025-09-29.png,2025-09-02,2025-09-29
AMZN,2025-09-30,D:\full-stack2\data\charts\AMZN\2025-09-30.png,2025-09-03,2025-09-30
AMZN,2025-10-01,D:\full-stack2\data\charts\AMZN\2025-10-01.png,2025-09-04,2025-10-01
AMZN,2025-10-02,D:\full-stack2\data\charts\AMZN\2025-10-02.png,2025-09-05,2025-10-02
AMZN,2025-10-03,D:\full-stack2\data\charts\AMZN\2025-10-03.png,2025-09-08,2025-10-03
AMZN,2025-10-06,D:\full-stack2\data\charts\AMZN\2025-10-06.png,2025-09-09,2025-10-06
AMZN,2025-10-07,D:\full-stack2\data\charts\AMZN\2025-10-07.png,2025-09-10,2025-10-07
AMZN,2025-10-08,D:\full-stack2\data\charts\AMZN\2025-10-08.png,2025-09-11,2025-10-08
AMZN,2025-10-09,D:\full-stack2\data\charts\AMZN\2025-10-09.png,2025-09-12,2025-10-09
AMZN,2025-10-10,D:\full-stack2\data\charts\AMZN\2025-10-10.png,2025-09-15,2025-10-10
AMZN,2025-10-13,D:\full-stack2\data\charts\AMZN\2025-10-13.png,2025-09-16,2025-10-13
AMZN,2025-10-14,D:\full-stack2\data\charts\AMZN\2025-10-14.png,2025-09-17,2025-10-14
AMZN,2025-10-15,D:\full-stack2\data\charts\AMZN\2025-10-15.png,2025-09-18,2025-10-15
AMZN,2025-10-16,D:\full-stack2\data\charts\AMZN\2025-10-16.png,2025-09-19,2025-10-16
AMZN,2025-10-17,D:\full-stack2\data\charts\AMZN\2025-10-17.png,2025-09-22,2025-10-17
AMZN,2025-10-20,D:\full-stack2\data\charts\AMZN\2025-10-20.png,2025-09-23,2025-10-20
AMZN,2025-10-21,D:\full-stack2\data\charts\AMZN\2025-10-21.png,2025-09-24,2025-10-21
AMZN,2025-10-22,D:\full-stack2\data\charts\AMZN\2025-10-22.png,2025-09-25,2025-10-22
AMZN,2025-10-23,D:\full-stack2\data\charts\AMZN\2025-10-23.png,2025-09-26,2025-10-23
AMZN,2025-10-24,D:\full-stack2\data\charts\AMZN\2025-10-24.png,2025-09-29,2025-10-24
AMZN,2025-10-27,D:\full-stack2\data\charts\AMZN\2025-10-27.png,2025-09-30,2025-10-27
AMZN,2025-10-28,D:\full-stack2\data\charts\AMZN\2025-10-28.png,2025-10-01,2025-10-28
AMZN,2025-10-29,D:\full-stack2\data\charts\AMZN\2025-10-29.png,2025-10-02,2025-10-29
AMZN,2025-10-30,D:\full-stack2\data\charts\AMZN\2025-10-30.png,2025-10-03,2025-10-30
AMZN,2025-10-31,D:\full-stack2\data\charts\AMZN\2025-10-31.png,2025-10-06,2025-10-31
AMZN,2025-11-03,D:\full-stack2\data\charts\AMZN\2025-11-03.png,2025-10-07,2025-11-03
AMZN,2025-11-04,D:\full-stack2\data\charts\AMZN\2025-11-04.png,2025-10-08,2025-11-04
AMZN,2025-11-05,D:\full-stack2\data\charts\AMZN\2025-11-05.png,2025-10-09,2025-11-05
AMZN,2025-11-06,D:\full-stack2\data\charts\AMZN\2025-11-06.png,2025-10-10,2025-11-06
AMZN,2025-11-07,D:\full-stack2\data\charts\AMZN\2025-11-07.png,2025-10-13,2025-11-07
AMZN,2025-11-10,D:\full-stack2\data\charts\AMZN\2025-11-10.png,2025-10-14,2025-11-10
AMZN,2025-11-11,D:\full-stack2\data\charts\AMZN\2025-11-11.png,2025-10-15,2025-11-11
AMZN,2025-11-12,D:\full-stack2\data\charts\AMZN\2025-11-12.png,2025-10-16,2025-11-12
AMZN,2025-11-13,D:\full-stack2\data\charts\AMZN\2025-11-13.png,2025-10-17,2025-11-13
AMZN,2025-11-14,D:\full-stack2\data\charts\AMZN\2025-11-14.png,2025-10-20,2025-11-14
AMZN,2025-11-17,D:\full-stack2\data\charts\AMZN\2025-11-17.png,2025-10-21,2025-11-17
AMZN,2025-11-18,D:\full-stack2\data\charts\AMZN\2025-11-18.png,2025-10-22,2025-11-18
AMZN,2025-11-19,D:\full-stack2\data\charts\AMZN\2025-11-19.png,2025-10-23,2025-11-19
AMZN,2025-11-20,D:\full-stack2\data\charts\AMZN\2025-11-20.png,2025-10-24,2025-11-20
AMZN,2025-11-21,D:\full-stack2\data\charts\AMZN\2025-11-21.png,2025-10-27,2025-11-21
AMZN,2025-11-24,D:\full-stack2\data\charts\AMZN\2025-11-24.png,2025-10-28,2025-11-24
AMZN,2025-11-25,D:\full-stack2\data\charts\AMZN\2025-11-25.png,2025-10-29,2025-11-25
AMZN,2025-11-26,D:\full-stack2\data\charts\AMZN\2025-11-26.png,2025-10-30,2025-11-26
AMZN,2025-11-28,D:\full-stack2\data\charts\AMZN\2025-11-28.png,2025-10-31,2025-11-28
AMZN,2025-12-01,D:\full-stack2\data\charts\AMZN\2025-12-01.png,2025-11-03,2025-12-01
AMZN,2025-12-02,D:\full-stack2\data\charts\AMZN\2025-12-02.png,2025-11-04,2025-12-02
AMZN,2025-12-03,D:\full-stack2\data\charts\AMZN\2025-12-03.png,2025-11-05,2025-12-03
AMZN,2025-12-04,D:\full-stack2\data\charts\AMZN\2025-12-04.png,2025-11-06,2025-12-04
AMZN,2025-12-05,D:\full-stack2\data\charts\AMZN\2025-12-05.png,2025-11-07,2025-12-05
AMZN,2025-12-08,D:\full-stack2\data\charts\AMZN\2025-12-08.png,2025-11-10,2025-12-08
AMZN,2025-12-09,D:\full-stack2\data\charts\AMZN\2025-12-09.png,2025-11-11,2025-12-09
AMZN,2025-12-10,D:\full-stack2\data\charts\AMZN\2025-12-10.png,2025-11-12,2025-12-10
AMZN,2025-12-11,D:\full-stack2\data\charts\AMZN\2025-12-11.png,2025-11-13,2025-12-11
AMZN,2025-12-12,D:\full-stack2\data\charts\AMZN\2025-12-12.png,2025-11-14,2025-12-12
AMZN,2025-12-15,D:\full-stack2\data\charts\AMZN\2025-12-15.png,2025-11-17,2025-12-15
AMZN,2025-12-16,D:\full-stack2\data\charts\AMZN\2025-12-16.png,2025-11-18,2025-12-16
AMZN,2025-12-17,D:\full-stack2\data\charts\AMZN\2025-12-17.png,2025-11-19,2025-12-17
AMZN,2025-12-18,D:\full-stack2\data\charts\AMZN\2025-12-18.png,2025-11-20,2025-12-18
AMZN,2025-12-19,D:\full-stack2\data\charts\AMZN\2025-12-19.png,2025-11-21,2025-12-19
AMZN,2025-12-22,D:\full-stack2\data\charts\AMZN\2025-12-22.png,2025-11-24,2025-12-22
AMZN,2025-12-23,D:\full-stack2\data\charts\AMZN\2025-12-23.png,2025-11-25,2025-12-23
AMZN,2025-12-24,D:\full-stack2\data\charts\AMZN\2025-12-24.png,2025-11-26,2025-12-24
AMZN,2025-12-26,D:\full-stack2\data\charts\AMZN\2025-12-26.png,2025-11-28,2025-12-26
AMZN,2025-12-29,D:\full-stack2\data\charts\AMZN\2025-12-29.png,2025-12-01,2025-12-29
NVDA,2022-01-31,D:\full-stack2\data\charts\NVDA\2022-01-31.png,2022-01-03,2022-01-31
NVDA,2022-02-01,D:\full-stack2\data\charts\NVDA\2022-02-01.png,2022-01-04,2022-02-01
NVDA,2022-02-02,D:\full-stack2\data\charts\NVDA\2022-02-02.png,2022-01-05,2022-02-02
NVDA,2022-02-03,D:\full-stack2\data\charts\NVDA\2022-02-03.png,2022-01-06,2022-02-03
NVDA,2022-02-04,D:\full-stack2\data\charts\NVDA\2022-02-04.png,2022-01-07,2022-02-04
NVDA,2022-02-07,D:\full-stack2\data\charts\NVDA\2022-02-07.png,2022-01-10,2022-02-07
NVDA,2022-02-08,D:\full-stack2\data\charts\NVDA\2022-02-08.png,2022-01-11,2022-02-08
NVDA,2022-02-09,D:\full-stack2\data\charts\NVDA\2022-02-09.png,2022-01-12,2022-02-09
NVDA,2022-02-10,D:\full-stack2\data\charts\NVDA\2022-02-10.png,2022-01-13,2022-02-10
NVDA,2022-02-11,D:\full-stack2\data\charts\NVDA\2022-02-11.png,2022-01-14,2022-02-11
NVDA,2022-02-14,D:\full-stack2\data\charts\NVDA\2022-02-14.png,2022-01-18,2022-02-14
NVDA,2022-02-15,D:\full-stack2\data\charts\NVDA\2022-02-15.png,2022-01-19,2022-02-15
NVDA,2022-02-16,D:\full-stack2\data\charts\NVDA\2022-02-16.png,2022-01-20,2022-02-16
NVDA,2022-02-17,D:\full-stack2\data\charts\NVDA\2022-02-17.png,2022-01-21,2022-02-17
NVDA,2022-02-18,D:\full-stack2\data\charts\NVDA\2022-02-18.png,2022-01-24,2022-02-18
NVDA,2022-02-22,D:\full-stack2\data\charts\NVDA\2022-02-22.png,2022-01-25,2022-02-22
NVDA,2022-02-23,D:\full-stack2\data\charts\NVDA\2022-02-23.png,2022-01-26,2022-02-23
NVDA,2022-02-24,D:\full-stack2\data\charts\NVDA\2022-02-24.png,2022-01-27,2022-02-24
NVDA,2022-02-25,D:\full-stack2\data\charts\NVDA\2022-02-25.png,2022-01-28,2022-02-25
NVDA,2022-02-28,D:\full-stack2\data\charts\NVDA\2022-02-28.png,2022-01-31,2022-02-28
NVDA,2022-03-01,D:\full-stack2\data\charts\NVDA\2022-03-01.png,2022-02-01,2022-03-01
NVDA,2022-03-02,D:\full-stack2\data\charts\NVDA\2022-03-02.png,2022-02-02,2022-03-02
NVDA,2022-03-03,D:\full-stack2\data\charts\NVDA\2022-03-03.png,2022-02-03,2022-03-03
NVDA,2022-03-04,D:\full-stack2\data\charts\NVDA\2022-03-04.png,2022-02-04,2022-03-04
NVDA,2022-03-07,D:\full-stack2\data\charts\NVDA\2022-03-07.png,2022-02-07,2022-03-07
NVDA,2022-03-08,D:\full-stack2\data\charts\NVDA\2022-03-08.png,2022-02-08,2022-03-08
NVDA,2022-03-09,D:\full-stack2\data\charts\NVDA\2022-03-09.png,2022-02-09,2022-03-09
NVDA,2022-03-10,D:\full-stack2\data\charts\NVDA\2022-03-10.png,2022-02-10,2022-03-10
NVDA,2022-03-11,D:\full-stack2\data\charts\NVDA\2022-03-11.png,2022-02-11,2022-03-11
NVDA,2022-03-14,D:\full-stack2\data\charts\NVDA\2022-03-14.png,2022-02-14,2022-03-14
NVDA,2022-03-15,D:\full-stack2\data\charts\NVDA\2022-03-15.png,2022-02-15,2022-03-15
NVDA,2022-03-16,D:\full-stack2\data\charts\NVDA\2022-03-16.png,2022-02-16,2022-03-16
NVDA,2022-03-17,D:\full-stack2\data\charts\NVDA\2022-03-17.png,2022-02-17,2022-03-17
NVDA,2022-03-18,D:\full-stack2\data\charts\NVDA\2022-03-18.png,2022-02-18,2022-03-18
NVDA,2022-03-21,D:\full-stack2\data\charts\NVDA\2022-03-21.png,2022-02-22,2022-03-21
NVDA,2022-03-22,D:\full-stack2\data\charts\NVDA\2022-03-22.png,2022-02-23,2022-03-22
NVDA,2022-03-23,D:\full-stack2\data\charts\NVDA\2022-03-23.png,2022-02-24,2022-03-23
NVDA,2022-03-24,D:\full-stack2\data\charts\NVDA\2022-03-24.png,2022-02-25,2022-03-24
NVDA,2022-03-25,D:\full-stack2\data\charts\NVDA\2022-03-25.png,2022-02-28,2022-03-25
NVDA,2022-03-28,D:\full-stack2\data\charts\NVDA\2022-03-28.png,2022-03-01,2022-03-28
NVDA,2022-03-29,D:\full-stack2\data\charts\NVDA\2022-03-29.png,2022-03-02,2022-03-29
NVDA,2022-03-30,D:\full-stack2\data\charts\NVDA\2022-03-30.png,2022-03-03,2022-03-30
NVDA,2022-03-31,D:\full-stack2\data\charts\NVDA\2022-03-31.png,2022-03-04,2022-03-31
NVDA,2022-04-01,D:\full-stack2\data\charts\NVDA\2022-04-01.png,2022-03-07,2022-04-01
NVDA,2022-04-04,D:\full-stack2\data\charts\NVDA\2022-04-04.png,2022-03-08,2022-04-04
NVDA,2022-04-05,D:\full-stack2\data\charts\NVDA\2022-04-05.png,2022-03-09,2022-04-05
NVDA,2022-04-06,D:\full-stack2\data\charts\NVDA\2022-04-06.png,2022-03-10,2022-04-06
NVDA,2022-04-07,D:\full-stack2\data\charts\NVDA\2022-04-07.png,2022-03-11,2022-04-07
NVDA,2022-04-08,D:\full-stack2\data\charts\NVDA\2022-04-08.png,2022-03-14,2022-04-08
NVDA,2022-04-11,D:\full-stack2\data\charts\NVDA\2022-04-11.png,2022-03-15,2022-04-11
NVDA,2022-04-12,D:\full-stack2\data\charts\NVDA\2022-04-12.png,2022-03-16,2022-04-12
NVDA,2022-04-13,D:\full-stack2\data\charts\NVDA\2022-04-13.png,2022-03-17,2022-04-13
NVDA,2022-04-14,D:\full-stack2\data\charts\NVDA\2022-04-14.png,2022-03-18,2022-04-14
NVDA,2022-04-18,D:\full-stack2\data\charts\NVDA\2022-04-18.png,2022-03-21,2022-04-18
NVDA,2022-04-19,D:\full-stack2\data\charts\NVDA\2022-04-19.png,2022-03-22,2022-04-19
NVDA,2022-04-20,D:\full-stack2\data\charts\NVDA\2022-04-20.png,2022-03-23,2022-04-20
NVDA,2022-04-21,D:\full-stack2\data\charts\NVDA\2022-04-21.png,2022-03-24,2022-04-21
NVDA,2022-04-22,D:\full-stack2\data\charts\NVDA\2022-04-22.png,2022-03-25,2022-04-22
NVDA,2022-04-25,D:\full-stack2\data\charts\NVDA\2022-04-25.png,2022-03-28,2022-04-25
NVDA,2022-04-26,D:\full-stack2\data\charts\NVDA\2022-04-26.png,2022-03-29,2022-04-26
NVDA,2022-04-27,D:\full-stack2\data\charts\NVDA\2022-04-27.png,2022-03-30,2022-04-27
NVDA,2022-04-28,D:\full-stack2\data\charts\NVDA\2022-04-28.png,2022-03-31,2022-04-28
NVDA,2022-04-29,D:\full-stack2\data\charts\NVDA\2022-04-29.png,2022-04-01,2022-04-29
NVDA,2022-05-02,D:\full-stack2\data\charts\NVDA\2022-05-02.png,2022-04-04,2022-05-02
NVDA,2022-05-03,D:\full-stack2\data\charts\NVDA\2022-05-03.png,2022-04-05,2022-05-03
NVDA,2022-05-04,D:\full-stack2\data\charts\NVDA\2022-05-04.png,2022-04-06,2022-05-04
NVDA,2022-05-05,D:\full-stack2\data\charts\NVDA\2022-05-05.png,2022-04-07,2022-05-05
NVDA,2022-05-06,D:\full-stack2\data\charts\NVDA\2022-05-06.png,2022-04-08,2022-05-06
NVDA,2022-05-09,D:\full-stack2\data\charts\NVDA\2022-05-09.png,2022-04-11,2022-05-09
NVDA,2022-05-10,D:\full-stack2\data\charts\NVDA\2022-05-10.png,2022-04-12,2022-05-10
NVDA,2022-05-11,D:\full-stack2\data\charts\NVDA\2022-05-11.png,2022-04-13,2022-05-11
NVDA,2022-05-12,D:\full-stack2\data\charts\NVDA\2022-05-12.png,2022-04-14,2022-05-12
NVDA,2022-05-13,D:\full-stack2\data\charts\NVDA\2022-05-13.png,2022-04-18,2022-05-13
NVDA,2022-05-16,D:\full-stack2\data\charts\NVDA\2022-05-16.png,2022-04-19,2022-05-16
NVDA,2022-05-17,D:\full-stack2\data\charts\NVDA\2022-05-17.png,2022-04-20,2022-05-17
NVDA,2022-05-18,D:\full-stack2\data\charts\NVDA\2022-05-18.png,2022-04-21,2022-05-18
NVDA,2022-05-19,D:\full-stack2\data\charts\NVDA\2022-05-19.png,2022-04-22,2022-05-19
NVDA,2022-05-20,D:\full-stack2\data\charts\NVDA\2022-05-20.png,2022-04-25,2022-05-20
NVDA,2022-05-23,D:\full-stack2\data\charts\NVDA\2022-05-23.png,2022-04-26,2022-05-23
NVDA,2022-05-24,D:\full-stack2\data\charts\NVDA\2022-05-24.png,2022-04-27,2022-05-24
NVDA,2022-05-25,D:\full-stack2\data\charts\NVDA\2022-05-25.png,2022-04-28,2022-05-25
NVDA,2022-05-26,D:\full-stack2\data\charts\NVDA\2022-05-26.png,2022-04-29,2022-05-26
NVDA,2022-05-27,D:\full-stack2\data\charts\NVDA\2022-05-27.png,2022-05-02,2022-05-27
NVDA,2022-05-31,D:\full-stack2\data\charts\NVDA\2022-05-31.png,2022-05-03,2022-05-31
NVDA,2022-06-01,D:\full-stack2\data\charts\NVDA\2022-06-01.png,2022-05-04,2022-06-01
NVDA,2022-06-02,D:\full-stack2\data\charts\NVDA\2022-06-02.png,2022-05-05,2022-06-02
NVDA,2022-06-03,D:\full-stack2\data\charts\NVDA\2022-06-03.png,2022-05-06,2022-06-03
NVDA,2022-06-06,D:\full-stack2\data\charts\NVDA\2022-06-06.png,2022-05-09,2022-06-06
NVDA,2022-06-07,D:\full-stack2\data\charts\NVDA\2022-06-07.png,2022-05-10,2022-06-07
NVDA,2022-06-08,D:\full-stack2\data\charts\NVDA\2022-06-08.png,2022-05-11,2022-06-08
NVDA,2022-06-09,D:\full-stack2\data\charts\NVDA\2022-06-09.png,2022-05-12,2022-06-09
NVDA,2022-06-10,D:\full-stack2\data\charts\NVDA\2022-06-10.png,2022-05-13,2022-06-10
NVDA,2022-06-13,D:\full-stack2\data\charts\NVDA\2022-06-13.png,2022-05-16,2022-06-13
NVDA,2022-06-14,D:\full-stack2\data\charts\NVDA\2022-06-14.png,2022-05-17,2022-06-14
NVDA,2022-06-15,D:\full-stack2\data\charts\NVDA\2022-06-15.png,2022-05-18,2022-06-15
NVDA,2022-06-16,D:\full-stack2\data\charts\NVDA\2022-06-16.png,2022-05-19,2022-06-16
NVDA,2022-06-17,D:\full-stack2\data\charts\NVDA\2022-06-17.png,2022-05-20,2022-06-17
NVDA,2022-06-21,D:\full-stack2\data\charts\NVDA\2022-06-21.png,2022-05-23,2022-06-21
NVDA,2022-06-22,D:\full-stack2\data\charts\NVDA\2022-06-22.png,2022-05-24,2022-06-22
NVDA,2022-06-23,D:\full-stack2\data\charts\NVDA\2022-06-23.png,2022-05-25,2022-06-23
NVDA,2022-06-24,D:\full-stack2\data\charts\NVDA\2022-06-24.png,2022-05-26,2022-06-24
NVDA,2022-06-27,D:\full-stack2\data\charts\NVDA\2022-06-27.png,2022-05-27,2022-06-27
NVDA,2022-06-28,D:\full-stack2\data\charts\NVDA\2022-06-28.png,2022-05-31,2022-06-28
NVDA,2022-06-29,D:\full-stack2\data\charts\NVDA\2022-06-29.png,2022-06-01,2022-06-29
NVDA,2022-06-30,D:\full-stack2\data\charts\NVDA\2022-06-30.png,2022-06-02,2022-06-30
NVDA,2022-07-01,D:\full-stack2\data\charts\NVDA\2022-07-01.png,2022-06-03,2022-07-01
NVDA,2022-07-05,D:\full-stack2\data\charts\NVDA\2022-07-05.png,2022-06-06,2022-07-05
NVDA,2022-07-06,D:\full-stack2\data\charts\NVDA\2022-07-06.png,2022-06-07,2022-07-06
NVDA,2022-07-07,D:\full-stack2\data\charts\NVDA\2022-07-07.png,2022-06-08,2022-07-07
NVDA,2022-07-08,D:\full-stack2\data\charts\NVDA\2022-07-08.png,2022-06-09,2022-07-08
NVDA,2022-07-11,D:\full-stack2\data\charts\NVDA\2022-07-11.png,2022-06-10,2022-07-11
NVDA,2022-07-12,D:\full-stack2\data\charts\NVDA\2022-07-12.png,2022-06-13,2022-07-12
NVDA,2022-07-13,D:\full-stack2\data\charts\NVDA\2022-07-13.png,2022-06-14,2022-07-13
NVDA,2022-07-14,D:\full-stack2\data\charts\NVDA\2022-07-14.png,2022-06-15,2022-07-14
NVDA,2022-07-15,D:\full-stack2\data\charts\NVDA\2022-07-15.png,2022-06-16,2022-07-15
NVDA,2022-07-18,D:\full-stack2\data\charts\NVDA\2022-07-18.png,2022-06-17,2022-07-18
NVDA,2022-07-19,D:\full-stack2\data\charts\NVDA\2022-07-19.png,2022-06-21,2022-07-19
NVDA,2022-07-20,D:\full-stack2\data\charts\NVDA\2022-07-20.png,2022-06-22,2022-07-20
NVDA,2022-07-21,D:\full-stack2\data\charts\NVDA\2022-07-21.png,2022-06-23,2022-07-21
NVDA,2022-07-22,D:\full-stack2\data\charts\NVDA\2022-07-22.png,2022-06-24,2022-07-22
NVDA,2022-07-25,D:\full-stack2\data\charts\NVDA\2022-07-25.png,2022-06-27,2022-07-25
NVDA,2022-07-26,D:\full-stack2\data\charts\NVDA\2022-07-26.png,2022-06-28,2022-07-26
NVDA,2022-07-27,D:\full-stack2\data\charts\NVDA\2022-07-27.png,2022-06-29,2022-07-27
NVDA,2022-07-28,D:\full-stack2\data\charts\NVDA\2022-07-28.png,2022-06-30,2022-07-28
NVDA,2022-07-29,D:\full-stack2\data\charts\NVDA\2022-07-29.png,2022-07-01,2022-07-29
NVDA,2022-08-01,D:\full-stack2\data\charts\NVDA\2022-08-01.png,2022-07-05,2022-08-01
NVDA,2022-08-02,D:\full-stack2\data\charts\NVDA\2022-08-02.png,2022-07-06,2022-08-02
NVDA,2022-08-03,D:\full-stack2\data\charts\NVDA\2022-08-03.png,2022-07-07,2022-08-03
NVDA,2022-08-04,D:\full-stack2\data\charts\NVDA\2022-08-04.png,2022-07-08,2022-08-04
NVDA,2022-08-05,D:\full-stack2\data\charts\NVDA\2022-08-05.png,2022-07-11,2022-08-05
NVDA,2022-08-08,D:\full-stack2\data\charts\NVDA\2022-08-08.png,2022-07-12,2022-08-08
NVDA,2022-08-09,D:\full-stack2\data\charts\NVDA\2022-08-09.png,2022-07-13,2022-08-09
NVDA,2022-08-10,D:\full-stack2\data\charts\NVDA\2022-08-10.png,2022-07-14,2022-08-10
NVDA,2022-08-11,D:\full-stack2\data\charts\NVDA\2022-08-11.png,2022-07-15,2022-08-11
NVDA,2022-08-12,D:\full-stack2\data\charts\NVDA\2022-08-12.png,2022-07-18,2022-08-12
NVDA,2022-08-15,D:\full-stack2\data\charts\NVDA\2022-08-15.png,2022-07-19,2022-08-15
NVDA,2022-08-16,D:\full-stack2\data\charts\NVDA\2022-08-16.png,2022-07-20,2022-08-16
NVDA,2022-08-17,D:\full-stack2\data\charts\NVDA\2022-08-17.png,2022-07-21,2022-08-17
NVDA,2022-08-18,D:\full-stack2\data\charts\NVDA\2022-08-18.png,2022-07-22,2022-08-18
NVDA,2022-08-19,D:\full-stack2\data\charts\NVDA\2022-08-19.png,2022-07-25,2022-08-19
NVDA,2022-08-22,D:\full-stack2\data\charts\NVDA\2022-08-22.png,2022-07-26,2022-08-22
NVDA,2022-08-23,D:\full-stack2\data\charts\NVDA\2022-08-23.png,2022-07-27,2022-08-23
NVDA,2022-08-24,D:\full-stack2\data\charts\NVDA\2022-08-24.png,2022-07-28,2022-08-24
NVDA,2022-08-25,D:\full-stack2\data\charts\NVDA\2022-08-25.png,2022-07-29,2022-08-25
NVDA,2022-08-26,D:\full-stack2\data\charts\NVDA\2022-08-26.png,2022-08-01,2022-08-26
NVDA,2022-08-29,D:\full-stack2\data\charts\NVDA\2022-08-29.png,2022-08-02,2022-08-29
NVDA,2022-08-30,D:\full-stack2\data\charts\NVDA\2022-08-30.png,2022-08-03,2022-08-30
NVDA,2022-08-31,D:\full-stack2\data\charts\NVDA\2022-08-31.png,2022-08-04,2022-08-31
NVDA,2022-09-01,D:\full-stack2\data\charts\NVDA\2022-09-01.png,2022-08-05,2022-09-01
NVDA,2022-09-02,D:\full-stack2\data\charts\NVDA\2022-09-02.png,2022-08-08,2022-09-02
NVDA,2022-09-06,D:\full-stack2\data\charts\NVDA\2022-09-06.png,2022-08-09,2022-09-06
NVDA,2022-09-07,D:\full-stack2\data\charts\NVDA\2022-09-07.png,2022-08-10,2022-09-07
NVDA,2022-09-08,D:\full-stack2\data\charts\NVDA\2022-09-08.png,2022-08-11,2022-09-08
NVDA,2022-09-09,D:\full-stack2\data\charts\NVDA\2022-09-09.png,2022-08-12,2022-09-09
NVDA,2022-09-12,D:\full-stack2\data\charts\NVDA\2022-09-12.png,2022-08-15,2022-09-12
NVDA,2022-09-13,D:\full-stack2\data\charts\NVDA\2022-09-13.png,2022-08-16,2022-09-13
NVDA,2022-09-14,D:\full-stack2\data\charts\NVDA\2022-09-14.png,2022-08-17,2022-09-14
NVDA,2022-09-15,D:\full-stack2\data\charts\NVDA\2022-09-15.png,2022-08-18,2022-09-15
NVDA,2022-09-16,D:\full-stack2\data\charts\NVDA\2022-09-16.png,2022-08-19,2022-09-16
NVDA,2022-09-19,D:\full-stack2\data\charts\NVDA\2022-09-19.png,2022-08-22,2022-09-19
NVDA,2022-09-20,D:\full-stack2\data\charts\NVDA\2022-09-20.png,2022-08-23,2022-09-20
NVDA,2022-09-21,D:\full-stack2\data\charts\NVDA\2022-09-21.png,2022-08-24,2022-09-21
NVDA,2022-09-22,D:\full-stack2\data\charts\NVDA\2022-09-22.png,2022-08-25,2022-09-22
NVDA,2022-09-23,D:\full-stack2\data\charts\NVDA\2022-09-23.png,2022-08-26,2022-09-23
NVDA,2022-09-26,D:\full-stack2\data\charts\NVDA\2022-09-26.png,2022-08-29,2022-09-26
NVDA,2022-09-27,D:\full-stack2\data\charts\NVDA\2022-09-27.png,2022-08-30,2022-09-27
NVDA,2022-09-28,D:\full-stack2\data\charts\NVDA\2022-09-28.png,2022-08-31,2022-09-28
NVDA,2022-09-29,D:\full-stack2\data\charts\NVDA\2022-09-29.png,2022-09-01,2022-09-29
NVDA,2022-09-30,D:\full-stack2\data\charts\NVDA\2022-09-30.png,2022-09-02,2022-09-30
NVDA,2022-10-03,D:\full-stack2\data\charts\NVDA\2022-10-03.png,2022-09-06,2022-10-03
NVDA,2022-10-04,D:\full-stack2\data\charts\NVDA\2022-10-04.png,2022-09-07,2022-10-04
NVDA,2022-10-05,D:\full-stack2\data\charts\NVDA\2022-10-05.png,2022-09-08,2022-10-05
NVDA,2022-10-06,D:\full-stack2\data\charts\NVDA\2022-10-06.png,2022-09-09,2022-10-06
NVDA,2022-10-07,D:\full-stack2\data\charts\NVDA\2022-10-07.png,2022-09-12,2022-10-07
NVDA,2022-10-10,D:\full-stack2\data\charts\NVDA\2022-10-10.png,2022-09-13,2022-10-10
NVDA,2022-10-11,D:\full-stack2\data\charts\NVDA\2022-10-11.png,2022-09-14,2022-10-11
NVDA,2022-10-12,D:\full-stack2\data\charts\NVDA\2022-10-12.png,2022-09-15,2022-10-12
NVDA,2022-10-13,D:\full-stack2\data\charts\NVDA\2022-10-13.png,2022-09-16,2022-10-13
NVDA,2022-10-14,D:\full-stack2\data\charts\NVDA\2022-10-14.png,2022-09-19,2022-10-14
NVDA,2022-10-17,D:\full-stack2\data\charts\NVDA\2022-10-17.png,2022-09-20,2022-10-17
NVDA,2022-10-18,D:\full-stack2\data\charts\NVDA\2022-10-18.png,2022-09-21,2022-10-18
NVDA,2022-10-19,D:\full-stack2\data\charts\NVDA\2022-10-19.png,2022-09-22,2022-10-19
NVDA,2022-10-20,D:\full-stack2\data\charts\NVDA\2022-10-20.png,2022-09-23,2022-10-20
NVDA,2022-10-21,D:\full-stack2\data\charts\NVDA\2022-10-21.png,2022-09-26,2022-10-21
NVDA,2022-10-24,D:\full-stack2\data\charts\NVDA\2022-10-24.png,2022-09-27,2022-10-24
NVDA,2022-10-25,D:\full-stack2\data\charts\NVDA\2022-10-25.png,2022-09-28,2022-10-25
NVDA,2022-10-26,D:\full-stack2\data\charts\NVDA\2022-10-26.png,2022-09-29,2022-10-26
NVDA,2022-10-27,D:\full-stack2\data\charts\NVDA\2022-10-27.png,2022-09-30,2022-10-27
NVDA,2022-10-28,D:\full-stack2\data\charts\NVDA\2022-10-28.png,2022-10-03,2022-10-28
NVDA,2022-10-31,D:\full-stack2\data\charts\NVDA\2022-10-31.png,2022-10-04,2022-10-31
NVDA,2022-11-01,D:\full-stack2\data\charts\NVDA\2022-11-01.png,2022-10-05,2022-11-01
NVDA,2022-11-02,D:\full-stack2\data\charts\NVDA\2022-11-02.png,2022-10-06,2022-11-02
NVDA,2022-11-03,D:\full-stack2\data\charts\NVDA\2022-11-03.png,2022-10-07,2022-11-03
NVDA,2022-11-04,D:\full-stack2\data\charts\NVDA\2022-11-04.png,2022-10-10,2022-11-04
NVDA,2022-11-07,D:\full-stack2\data\charts\NVDA\2022-11-07.png,2022-10-11,2022-11-07
NVDA,2022-11-08,D:\full-stack2\data\charts\NVDA\2022-11-08.png,2022-10-12,2022-11-08
NVDA,2022-11-09,D:\full-stack2\data\charts\NVDA\2022-11-09.png,2022-10-13,2022-11-09
NVDA,2022-11-10,D:\full-stack2\data\charts\NVDA\2022-11-10.png,2022-10-14,2022-11-10
NVDA,2022-11-11,D:\full-stack2\data\charts\NVDA\2022-11-11.png,2022-10-17,2022-11-11
NVDA,2022-11-14,D:\full-stack2\data\charts\NVDA\2022-11-14.png,2022-10-18,2022-11-14
NVDA,2022-11-15,D:\full-stack2\data\charts\NVDA\2022-11-15.png,2022-10-19,2022-11-15
NVDA,2022-11-16,D:\full-stack2\data\charts\NVDA\2022-11-16.png,2022-10-20,2022-11-16
NVDA,2022-11-17,D:\full-stack2\data\charts\NVDA\2022-11-17.png,2022-10-21,2022-11-17
NVDA,2022-11-18,D:\full-stack2\data\charts\NVDA\2022-11-18.png,2022-10-24,2022-11-18
NVDA,2022-11-21,D:\full-stack2\data\charts\NVDA\2022-11-21.png,2022-10-25,2022-11-21
NVDA,2022-11-22,D:\full-stack2\data\charts\NVDA\2022-11-22.png,2022-10-26,2022-11-22
NVDA,2022-11-23,D:\full-stack2\data\charts\NVDA\2022-11-23.png,2022-10-27,2022-11-23
NVDA,2022-11-25,D:\full-stack2\data\charts\NVDA\2022-11-25.png,2022-10-28,2022-11-25
NVDA,2022-11-28,D:\full-stack2\data\charts\NVDA\2022-11-28.png,2022-10-31,2022-11-28
NVDA,2022-11-29,D:\full-stack2\data\charts\NVDA\2022-11-29.png,2022-11-01,2022-11-29
NVDA,2022-11-30,D:\full-stack2\data\charts\NVDA\2022-11-30.png,2022-11-02,2022-11-30
NVDA,2022-12-01,D:\full-stack2\data\charts\NVDA\2022-12-01.png,2022-11-03,2022-12-01
NVDA,2022-12-02,D:\full-stack2\data\charts\NVDA\2022-12-02.png,2022-11-04,2022-12-02
NVDA,2022-12-05,D:\full-stack2\data\charts\NVDA\2022-12-05.png,2022-11-07,2022-12-05
NVDA,2022-12-06,D:\full-stack2\data\charts\NVDA\2022-12-06.png,2022-11-08,2022-12-06
NVDA,2022-12-07,D:\full-stack2\data\charts\NVDA\2022-12-07.png,2022-11-09,2022-12-07
NVDA,2022-12-08,D:\full-stack2\data\charts\NVDA\2022-12-08.png,2022-11-10,2022-12-08
NVDA,2022-12-09,D:\full-stack2\data\charts\NVDA\2022-12-09.png,2022-11-11,2022-12-09
NVDA,2022-12-12,D:\full-stack2\data\charts\NVDA\2022-12-12.png,2022-11-14,2022-12-12
NVDA,2022-12-13,D:\full-stack2\data\charts\NVDA\2022-12-13.png,2022-11-15,2022-12-13
NVDA,2022-12-14,D:\full-stack2\data\charts\NVDA\2022-12-14.png,2022-11-16,2022-12-14
NVDA,2022-12-15,D:\full-stack2\data\charts\NVDA\2022-12-15.png,2022-11-17,2022-12-15
NVDA,2022-12-16,D:\full-stack2\data\charts\NVDA\2022-12-16.png,2022-11-18,2022-12-16
NVDA,2022-12-19,D:\full-stack2\data\charts\NVDA\2022-12-19.png,2022-11-21,2022-12-19
NVDA,2022-12-20,D:\full-stack2\data\charts\NVDA\2022-12-20.png,2022-11-22,2022-12-20
NVDA,2022-12-21,D:\full-stack2\data\charts\NVDA\2022-12-21.png,2022-11-23,2022-12-21
NVDA,2022-12-22,D:\full-stack2\data\charts\NVDA\2022-12-22.png,2022-11-25,2022-12-22
NVDA,2022-12-23,D:\full-stack2\data\charts\NVDA\2022-12-23.png,2022-11-28,2022-12-23
NVDA,2022-12-27,D:\full-stack2\data\charts\NVDA\2022-12-27.png,2022-11-29,2022-12-27
NVDA,2022-12-28,D:\full-stack2\data\charts\NVDA\2022-12-28.png,2022-11-30,2022-12-28
NVDA,2022-12-29,D:\full-stack2\data\charts\NVDA\2022-12-29.png,2022-12-01,2022-12-29
NVDA,2022-12-30,D:\full-stack2\data\charts\NVDA\2022-12-30.png,2022-12-02,2022-12-30
NVDA,2023-01-03,D:\full-stack2\data\charts\NVDA\2023-01-03.png,2022-12-05,2023-01-03
NVDA,2023-01-04,D:\full-stack2\data\charts\NVDA\2023-01-04.png,2022-12-06,2023-01-04
NVDA,2023-01-05,D:\full-stack2\data\charts\NVDA\2023-01-05.png,2022-12-07,2023-01-05
NVDA,2023-01-06,D:\full-stack2\data\charts\NVDA\2023-01-06.png,2022-12-08,2023-01-06
NVDA,2023-01-09,D:\full-stack2\data\charts\NVDA\2023-01-09.png,2022-12-09,2023-01-09
NVDA,2023-01-10,D:\full-stack2\data\charts\NVDA\2023-01-10.png,2022-12-12,2023-01-10
NVDA,2023-01-11,D:\full-stack2\data\charts\NVDA\2023-01-11.png,2022-12-13,2023-01-11
NVDA,2023-01-12,D:\full-stack2\data\charts\NVDA\2023-01-12.png,2022-12-14,2023-01-12
NVDA,2023-01-13,D:\full-stack2\data\charts\NVDA\2023-01-13.png,2022-12-15,2023-01-13
NVDA,2023-01-17,D:\full-stack2\data\charts\NVDA\2023-01-17.png,2022-12-16,2023-01-17
NVDA,2023-01-18,D:\full-stack2\data\charts\NVDA\2023-01-18.png,2022-12-19,2023-01-18
NVDA,2023-01-19,D:\full-stack2\data\charts\NVDA\2023-01-19.png,2022-12-20,2023-01-19
NVDA,2023-01-20,D:\full-stack2\data\charts\NVDA\2023-01-20.png,2022-12-21,2023-01-20
NVDA,2023-01-23,D:\full-stack2\data\charts\NVDA\2023-01-23.png,2022-12-22,2023-01-23
NVDA,2023-01-24,D:\full-stack2\data\charts\NVDA\2023-01-24.png,2022-12-23,2023-01-24
NVDA,2023-01-25,D:\full-stack2\data\charts\NVDA\2023-01-25.png,2022-12-27,2023-01-25
NVDA,2023-01-26,D:\full-stack2\data\charts\NVDA\2023-01-26.png,2022-12-28,2023-01-26
NVDA,2023-01-27,D:\full-stack2\data\charts\NVDA\2023-01-27.png,2022-12-29,2023-01-27
NVDA,2023-01-30,D:\full-stack2\data\charts\NVDA\2023-01-30.png,2022-12-30,2023-01-30
NVDA,2023-01-31,D:\full-stack2\data\charts\NVDA\2023-01-31.png,2023-01-03,2023-01-31
NVDA,2023-02-01,D:\full-stack2\data\charts\NVDA\2023-02-01.png,2023-01-04,2023-02-01
NVDA,2023-02-02,D:\full-stack2\data\charts\NVDA\2023-02-02.png,2023-01-05,2023-02-02
NVDA,2023-02-03,D:\full-stack2\data\charts\NVDA\2023-02-03.png,2023-01-06,2023-02-03
NVDA,2023-02-06,D:\full-stack2\data\charts\NVDA\2023-02-06.png,2023-01-09,2023-02-06
NVDA,2023-02-07,D:\full-stack2\data\charts\NVDA\2023-02-07.png,2023-01-10,2023-02-07
NVDA,2023-02-08,D:\full-stack2\data\charts\NVDA\2023-02-08.png,2023-01-11,2023-02-08
NVDA,2023-02-09,D:\full-stack2\data\charts\NVDA\2023-02-09.png,2023-01-12,2023-02-09
NVDA,2023-02-10,D:\full-stack2\data\charts\NVDA\2023-02-10.png,2023-01-13,2023-02-10
NVDA,2023-02-13,D:\full-stack2\data\charts\NVDA\2023-02-13.png,2023-01-17,2023-02-13
NVDA,2023-02-14,D:\full-stack2\data\charts\NVDA\2023-02-14.png,2023-01-18,2023-02-14
NVDA,2023-02-15,D:\full-stack2\data\charts\NVDA\2023-02-15.png,2023-01-19,2023-02-15
NVDA,2023-02-16,D:\full-stack2\data\charts\NVDA\2023-02-16.png,2023-01-20,2023-02-16
NVDA,2023-02-17,D:\full-stack2\data\charts\NVDA\2023-02-17.png,2023-01-23,2023-02-17
NVDA,2023-02-21,D:\full-stack2\data\charts\NVDA\2023-02-21.png,2023-01-24,2023-02-21
NVDA,2023-02-22,D:\full-stack2\data\charts\NVDA\2023-02-22.png,2023-01-25,2023-02-22
NVDA,2023-02-23,D:\full-stack2\data\charts\NVDA\2023-02-23.png,2023-01-26,2023-02-23
NVDA,2023-02-24,D:\full-stack2\data\charts\NVDA\2023-02-24.png,2023-01-27,2023-02-24
NVDA,2023-02-27,D:\full-stack2\data\charts\NVDA\2023-02-27.png,2023-01-30,2023-02-27
NVDA,2023-02-28,D:\full-stack2\data\charts\NVDA\2023-02-28.png,2023-01-31,2023-02-28
NVDA,2023-03-01,D:\full-stack2\data\charts\NVDA\2023-03-01.png,2023-02-01,2023-03-01
NVDA,2023-03-02,D:\full-stack2\data\charts\NVDA\2023-03-02.png,2023-02-02,2023-03-02
NVDA,2023-03-03,D:\full-stack2\data\charts\NVDA\2023-03-03.png,2023-02-03,2023-03-03
NVDA,2023-03-06,D:\full-stack2\data\charts\NVDA\2023-03-06.png,2023-02-06,2023-03-06
NVDA,2023-03-07,D:\full-stack2\data\charts\NVDA\2023-03-07.png,2023-02-07,2023-03-07
NVDA,2023-03-08,D:\full-stack2\data\charts\NVDA\2023-03-08.png,2023-02-08,2023-03-08
NVDA,2023-03-09,D:\full-stack2\data\charts\NVDA\2023-03-09.png,2023-02-09,2023-03-09
NVDA,2023-03-10,D:\full-stack2\data\charts\NVDA\2023-03-10.png,2023-02-10,2023-03-10
NVDA,2023-03-13,D:\full-stack2\data\charts\NVDA\2023-03-13.png,2023-02-13,2023-03-13
NVDA,2023-03-14,D:\full-stack2\data\charts\NVDA\2023-03-14.png,2023-02-14,2023-03-14
NVDA,2023-03-15,D:\full-stack2\data\charts\NVDA\2023-03-15.png,2023-02-15,2023-03-15
NVDA,2023-03-16,D:\full-stack2\data\charts\NVDA\2023-03-16.png,2023-02-16,2023-03-16
NVDA,2023-03-17,D:\full-stack2\data\charts\NVDA\2023-03-17.png,2023-02-17,2023-03-17
NVDA,2023-03-20,D:\full-stack2\data\charts\NVDA\2023-03-20.png,2023-02-21,2023-03-20
NVDA,2023-03-21,D:\full-stack2\data\charts\NVDA\2023-03-21.png,2023-02-22,2023-03-21
NVDA,2023-03-22,D:\full-stack2\data\charts\NVDA\2023-03-22.png,2023-02-23,2023-03-22
NVDA,2023-03-23,D:\full-stack2\data\charts\NVDA\2023-03-23.png,2023-02-24,2023-03-23
NVDA,2023-03-24,D:\full-stack2\data\charts\NVDA\2023-03-24.png,2023-02-27,2023-03-24
NVDA,2023-03-27,D:\full-stack2\data\charts\NVDA\2023-03-27.png,2023-02-28,2023-03-27
NVDA,2023-03-28,D:\full-stack2\data\charts\NVDA\2023-03-28.png,2023-03-01,2023-03-28
NVDA,2023-03-29,D:\full-stack2\data\charts\NVDA\2023-03-29.png,2023-03-02,2023-03-29
NVDA,2023-03-30,D:\full-stack2\data\charts\NVDA\2023-03-30.png,2023-03-03,2023-03-30
NVDA,2023-03-31,D:\full-stack2\data\charts\NVDA\2023-03-31.png,2023-03-06,2023-03-31
NVDA,2023-04-03,D:\full-stack2\data\charts\NVDA\2023-04-03.png,2023-03-07,2023-04-03
NVDA,2023-04-04,D:\full-stack2\data\charts\NVDA\2023-04-04.png,2023-03-08,2023-04-04
NVDA,2023-04-05,D:\full-stack2\data\charts\NVDA\2023-04-05.png,2023-03-09,2023-04-05
NVDA,2023-04-06,D:\full-stack2\data\charts\NVDA\2023-04-06.png,2023-03-10,2023-04-06
NVDA,2023-04-10,D:\full-stack2\data\charts\NVDA\2023-04-10.png,2023-03-13,2023-04-10
NVDA,2023-04-11,D:\full-stack2\data\charts\NVDA\2023-04-11.png,2023-03-14,2023-04-11
NVDA,2023-04-12,D:\full-stack2\data\charts\NVDA\2023-04-12.png,2023-03-15,2023-04-12
NVDA,2023-04-13,D:\full-stack2\data\charts\NVDA\2023-04-13.png,2023-03-16,2023-04-13
NVDA,2023-04-14,D:\full-stack2\data\charts\NVDA\2023-04-14.png,2023-03-17,2023-04-14
NVDA,2023-04-17,D:\full-stack2\data\charts\NVDA\2023-04-17.png,2023-03-20,2023-04-17
NVDA,2023-04-18,D:\full-stack2\data\charts\NVDA\2023-04-18.png,2023-03-21,2023-04-18
NVDA,2023-04-19,D:\full-stack2\data\charts\NVDA\2023-04-19.png,2023-03-22,2023-04-19
NVDA,2023-04-20,D:\full-stack2\data\charts\NVDA\2023-04-20.png,2023-03-23,2023-04-20
NVDA,2023-04-21,D:\full-stack2\data\charts\NVDA\2023-04-21.png,2023-03-24,2023-04-21
NVDA,2023-04-24,D:\full-stack2\data\charts\NVDA\2023-04-24.png,2023-03-27,2023-04-24
NVDA,2023-04-25,D:\full-stack2\data\charts\NVDA\2023-04-25.png,2023-03-28,2023-04-25
NVDA,2023-04-26,D:\full-stack2\data\charts\NVDA\2023-04-26.png,2023-03-29,2023-04-26
NVDA,2023-04-27,D:\full-stack2\data\charts\NVDA\2023-04-27.png,2023-03-30,2023-04-27
NVDA,2023-04-28,D:\full-stack2\data\charts\NVDA\2023-04-28.png,2023-03-31,2023-04-28
NVDA,2023-05-01,D:\full-stack2\data\charts\NVDA\2023-05-01.png,2023-04-03,2023-05-01
NVDA,2023-05-02,D:\full-stack2\data\charts\NVDA\2023-05-02.png,2023-04-04,2023-05-02
NVDA,2023-05-03,D:\full-stack2\data\charts\NVDA\2023-05-03.png,2023-04-05,2023-05-03
NVDA,2023-05-04,D:\full-stack2\data\charts\NVDA\2023-05-04.png,2023-04-06,2023-05-04
NVDA,2023-05-05,D:\full-stack2\data\charts\NVDA\2023-05-05.png,2023-04-10,2023-05-05
NVDA,2023-05-08,D:\full-stack2\data\charts\NVDA\2023-05-08.png,2023-04-11,2023-05-08
NVDA,2023-05-09,D:\full-stack2\data\charts\NVDA\2023-05-09.png,2023-04-12,2023-05-09
NVDA,2023-05-10,D:\full-stack2\data\charts\NVDA\2023-05-10.png,2023-04-13,2023-05-10
NVDA,2023-05-11,D:\full-stack2\data\charts\NVDA\2023-05-11.png,2023-04-14,2023-05-11
NVDA,2023-05-12,D:\full-stack2\data\charts\NVDA\2023-05-12.png,2023-04-17,2023-05-12
NVDA,2023-05-15,D:\full-stack2\data\charts\NVDA\2023-05-15.png,2023-04-18,2023-05-15
NVDA,2023-05-16,D:\full-stack2\data\charts\NVDA\2023-05-16.png,2023-04-19,2023-05-16
NVDA,2023-05-17,D:\full-stack2\data\charts\NVDA\2023-05-17.png,2023-04-20,2023-05-17
NVDA,2023-05-18,D:\full-stack2\data\charts\NVDA\2023-05-18.png,2023-04-21,2023-05-18
NVDA,2023-05-19,D:\full-stack2\data\charts\NVDA\2023-05-19.png,2023-04-24,2023-05-19
NVDA,2023-05-22,D:\full-stack2\data\charts\NVDA\2023-05-22.png,2023-04-25,2023-05-22
NVDA,2023-05-23,D:\full-stack2\data\charts\NVDA\2023-05-23.png,2023-04-26,2023-05-23
NVDA,2023-05-24,D:\full-stack2\data\charts\NVDA\2023-05-24.png,2023-04-27,2023-05-24
NVDA,2023-05-25,D:\full-stack2\data\charts\NVDA\2023-05-25.png,2023-04-28,2023-05-25
NVDA,2023-05-26,D:\full-stack2\data\charts\NVDA\2023-05-26.png,2023-05-01,2023-05-26
NVDA,2023-05-30,D:\full-stack2\data\charts\NVDA\2023-05-30.png,2023-05-02,2023-05-30
NVDA,2023-05-31,D:\full-stack2\data\charts\NVDA\2023-05-31.png,2023-05-03,2023-05-31
NVDA,2023-06-01,D:\full-stack2\data\charts\NVDA\2023-06-01.png,2023-05-04,2023-06-01
NVDA,2023-06-02,D:\full-stack2\data\charts\NVDA\2023-06-02.png,2023-05-05,2023-06-02
NVDA,2023-06-05,D:\full-stack2\data\charts\NVDA\2023-06-05.png,2023-05-08,2023-06-05
NVDA,2023-06-06,D:\full-stack2\data\charts\NVDA\2023-06-06.png,2023-05-09,2023-06-06
NVDA,2023-06-07,D:\full-stack2\data\charts\NVDA\2023-06-07.png,2023-05-10,2023-06-07
NVDA,2023-06-08,D:\full-stack2\data\charts\NVDA\2023-06-08.png,2023-05-11,2023-06-08
NVDA,2023-06-09,D:\full-stack2\data\charts\NVDA\2023-06-09.png,2023-05-12,2023-06-09
NVDA,2023-06-12,D:\full-stack2\data\charts\NVDA\2023-06-12.png,2023-05-15,2023-06-12
NVDA,2023-06-13,D:\full-stack2\data\charts\NVDA\2023-06-13.png,2023-05-16,2023-06-13
NVDA,2023-06-14,D:\full-stack2\data\charts\NVDA\2023-06-14.png,2023-05-17,2023-06-14
NVDA,2023-06-15,D:\full-stack2\data\charts\NVDA\2023-06-15.png,2023-05-18,2023-06-15
NVDA,2023-06-16,D:\full-stack2\data\charts\NVDA\2023-06-16.png,2023-05-19,2023-06-16
NVDA,2023-06-20,D:\full-stack2\data\charts\NVDA\2023-06-20.png,2023-05-22,2023-06-20
NVDA,2023-06-21,D:\full-stack2\data\charts\NVDA\2023-06-21.png,2023-05-23,2023-06-21
NVDA,2023-06-22,D:\full-stack2\data\charts\NVDA\2023-06-22.png,2023-05-24,2023-06-22
NVDA,2023-06-23,D:\full-stack2\data\charts\NVDA\2023-06-23.png,2023-05-25,2023-06-23
NVDA,2023-06-26,D:\full-stack2\data\charts\NVDA\2023-06-26.png,2023-05-26,2023-06-26
NVDA,2023-06-27,D:\full-stack2\data\charts\NVDA\2023-06-27.png,2023-05-30,2023-06-27
NVDA,2023-06-28,D:\full-stack2\data\charts\NVDA\2023-06-28.png,2023-05-31,2023-06-28
NVDA,2023-06-29,D:\full-stack2\data\charts\NVDA\2023-06-29.png,2023-06-01,2023-06-29
NVDA,2023-06-30,D:\full-stack2\data\charts\NVDA\2023-06-30.png,2023-06-02,2023-06-30
NVDA,2023-07-03,D:\full-stack2\data\charts\NVDA\2023-07-03.png,2023-06-05,2023-07-03
NVDA,2023-07-05,D:\full-stack2\data\charts\NVDA\2023-07-05.png,2023-06-06,2023-07-05
NVDA,2023-07-06,D:\full-stack2\data\charts\NVDA\2023-07-06.png,2023-06-07,2023-07-06
NVDA,2023-07-07,D:\full-stack2\data\charts\NVDA\2023-07-07.png,2023-06-08,2023-07-07
NVDA,2023-07-10,D:\full-stack2\data\charts\NVDA\2023-07-10.png,2023-06-09,2023-07-10
NVDA,2023-07-11,D:\full-stack2\data\charts\NVDA\2023-07-11.png,2023-06-12,2023-07-11
NVDA,2023-07-12,D:\full-stack2\data\charts\NVDA\2023-07-12.png,2023-06-13,2023-07-12
NVDA,2023-07-13,D:\full-stack2\data\charts\NVDA\2023-07-13.png,2023-06-14,2023-07-13
NVDA,2023-07-14,D:\full-stack2\data\charts\NVDA\2023-07-14.png,2023-06-15,2023-07-14
NVDA,2023-07-17,D:\full-stack2\data\charts\NVDA\2023-07-17.png,2023-06-16,2023-07-17
NVDA,2023-07-18,D:\full-stack2\data\charts\NVDA\2023-07-18.png,2023-06-20,2023-07-18
NVDA,2023-07-19,D:\full-stack2\data\charts\NVDA\2023-07-19.png,2023-06-21,2023-07-19
NVDA,2023-07-20,D:\full-stack2\data\charts\NVDA\2023-07-20.png,2023-06-22,2023-07-20
NVDA,2023-07-21,D:\full-stack2\data\charts\NVDA\2023-07-21.png,2023-06-23,2023-07-21
NVDA,2023-07-24,D:\full-stack2\data\charts\NVDA\2023-07-24.png,2023-06-26,2023-07-24
NVDA,2023-07-25,D:\full-stack2\data\charts\NVDA\2023-07-25.png,2023-06-27,2023-07-25
NVDA,2023-07-26,D:\full-stack2\data\charts\NVDA\2023-07-26.png,2023-06-28,2023-07-26
NVDA,2023-07-27,D:\full-stack2\data\charts\NVDA\2023-07-27.png,2023-06-29,2023-07-27
NVDA,2023-07-28,D:\full-stack2\data\charts\NVDA\2023-07-28.png,2023-06-30,2023-07-28
NVDA,2023-07-31,D:\full-stack2\data\charts\NVDA\2023-07-31.png,2023-07-03,2023-07-31
NVDA,2023-08-01,D:\full-stack2\data\charts\NVDA\2023-08-01.png,2023-07-05,2023-08-01
NVDA,2023-08-02,D:\full-stack2\data\charts\NVDA\2023-08-02.png,2023-07-06,2023-08-02
NVDA,2023-08-03,D:\full-stack2\data\charts\NVDA\2023-08-03.png,2023-07-07,2023-08-03
NVDA,2023-08-04,D:\full-stack2\data\charts\NVDA\2023-08-04.png,2023-07-10,2023-08-04
NVDA,2023-08-07,D:\full-stack2\data\charts\NVDA\2023-08-07.png,2023-07-11,2023-08-07
NVDA,2023-08-08,D:\full-stack2\data\charts\NVDA\2023-08-08.png,2023-07-12,2023-08-08
NVDA,2023-08-09,D:\full-stack2\data\charts\NVDA\2023-08-09.png,2023-07-13,2023-08-09
NVDA,2023-08-10,D:\full-stack2\data\charts\NVDA\2023-08-10.png,2023-07-14,2023-08-10
NVDA,2023-08-11,D:\full-stack2\data\charts\NVDA\2023-08-11.png,2023-07-17,2023-08-11
NVDA,2023-08-14,D:\full-stack2\data\charts\NVDA\2023-08-14.png,2023-07-18,2023-08-14
NVDA,2023-08-15,D:\full-stack2\data\charts\NVDA\2023-08-15.png,2023-07-19,2023-08-15
NVDA,2023-08-16,D:\full-stack2\data\charts\NVDA\2023-08-16.png,2023-07-20,2023-08-16
NVDA,2023-08-17,D:\full-stack2\data\charts\NVDA\2023-08-17.png,2023-07-21,2023-08-17
NVDA,2023-08-18,D:\full-stack2\data\charts\NVDA\2023-08-18.png,2023-07-24,2023-08-18
NVDA,2023-08-21,D:\full-stack2\data\charts\NVDA\2023-08-21.png,2023-07-25,2023-08-21
NVDA,2023-08-22,D:\full-stack2\data\charts\NVDA\2023-08-22.png,2023-07-26,2023-08-22
NVDA,2023-08-23,D:\full-stack2\data\charts\NVDA\2023-08-23.png,2023-07-27,2023-08-23
NVDA,2023-08-24,D:\full-stack2\data\charts\NVDA\2023-08-24.png,2023-07-28,2023-08-24
NVDA,2023-08-25,D:\full-stack2\data\charts\NVDA\2023-08-25.png,2023-07-31,2023-08-25
NVDA,2023-08-28,D:\full-stack2\data\charts\NVDA\2023-08-28.png,2023-08-01,2023-08-28
NVDA,2023-08-29,D:\full-stack2\data\charts\NVDA\2023-08-29.png,2023-08-02,2023-08-29
NVDA,2023-08-30,D:\full-stack2\data\charts\NVDA\2023-08-30.png,2023-08-03,2023-08-30
NVDA,2023-08-31,D:\full-stack2\data\charts\NVDA\2023-08-31.png,2023-08-04,2023-08-31
NVDA,2023-09-01,D:\full-stack2\data\charts\NVDA\2023-09-01.png,2023-08-07,2023-09-01
NVDA,2023-09-05,D:\full-stack2\data\charts\NVDA\2023-09-05.png,2023-08-08,2023-09-05
NVDA,2023-09-06,D:\full-stack2\data\charts\NVDA\2023-09-06.png,2023-08-09,2023-09-06
NVDA,2023-09-07,D:\full-stack2\data\charts\NVDA\2023-09-07.png,2023-08-10,2023-09-07
NVDA,2023-09-08,D:\full-stack2\data\charts\NVDA\2023-09-08.png,2023-08-11,2023-09-08
NVDA,2023-09-11,D:\full-stack2\data\charts\NVDA\2023-09-11.png,2023-08-14,2023-09-11
NVDA,2023-09-12,D:\full-stack2\data\charts\NVDA\2023-09-12.png,2023-08-15,2023-09-12
NVDA,2023-09-13,D:\full-stack2\data\charts\NVDA\2023-09-13.png,2023-08-16,2023-09-13
NVDA,2023-09-14,D:\full-stack2\data\charts\NVDA\2023-09-14.png,2023-08-17,2023-09-14
NVDA,2023-09-15,D:\full-stack2\data\charts\NVDA\2023-09-15.png,2023-08-18,2023-09-15
NVDA,2023-09-18,D:\full-stack2\data\charts\NVDA\2023-09-18.png,2023-08-21,2023-09-18
NVDA,2023-09-19,D:\full-stack2\data\charts\NVDA\2023-09-19.png,2023-08-22,2023-09-19
NVDA,2023-09-20,D:\full-stack2\data\charts\NVDA\2023-09-20.png,2023-08-23,2023-09-20
NVDA,2023-09-21,D:\full-stack2\data\charts\NVDA\2023-09-21.png,2023-08-24,2023-09-21
NVDA,2023-09-22,D:\full-stack2\data\charts\NVDA\2023-09-22.png,2023-08-25,2023-09-22
NVDA,2023-09-25,D:\full-stack2\data\charts\NVDA\2023-09-25.png,2023-08-28,2023-09-25
NVDA,2023-09-26,D:\full-stack2\data\charts\NVDA\2023-09-26.png,2023-08-29,2023-09-26
NVDA,2023-09-27,D:\full-stack2\data\charts\NVDA\2023-09-27.png,2023-08-30,2023-09-27
NVDA,2023-09-28,D:\full-stack2\data\charts\NVDA\2023-09-28.png,2023-08-31,2023-09-28
NVDA,2023-09-29,D:\full-stack2\data\charts\NVDA\2023-09-29.png,2023-09-01,2023-09-29
NVDA,2023-10-02,D:\full-stack2\data\charts\NVDA\2023-10-02.png,2023-09-05,2023-10-02
NVDA,2023-10-03,D:\full-stack2\data\charts\NVDA\2023-10-03.png,2023-09-06,2023-10-03
NVDA,2023-10-04,D:\full-stack2\data\charts\NVDA\2023-10-04.png,2023-09-07,2023-10-04
NVDA,2023-10-05,D:\full-stack2\data\charts\NVDA\2023-10-05.png,2023-09-08,2023-10-05
NVDA,2023-10-06,D:\full-stack2\data\charts\NVDA\2023-10-06.png,2023-09-11,2023-10-06
NVDA,2023-10-09,D:\full-stack2\data\charts\NVDA\2023-10-09.png,2023-09-12,2023-10-09
NVDA,2023-10-10,D:\full-stack2\data\charts\NVDA\2023-10-10.png,2023-09-13,2023-10-10
NVDA,2023-10-11,D:\full-stack2\data\charts\NVDA\2023-10-11.png,2023-09-14,2023-10-11
NVDA,2023-10-12,D:\full-stack2\data\charts\NVDA\2023-10-12.png,2023-09-15,2023-10-12
NVDA,2023-10-13,D:\full-stack2\data\charts\NVDA\2023-10-13.png,2023-09-18,2023-10-13
NVDA,2023-10-16,D:\full-stack2\data\charts\NVDA\2023-10-16.png,2023-09-19,2023-10-16
NVDA,2023-10-17,D:\full-stack2\data\charts\NVDA\2023-10-17.png,2023-09-20,2023-10-17
NVDA,2023-10-18,D:\full-stack2\data\charts\NVDA\2023-10-18.png,2023-09-21,2023-10-18
NVDA,2023-10-19,D:\full-stack2\data\charts\NVDA\2023-10-19.png,2023-09-22,2023-10-19
NVDA,2023-10-20,D:\full-stack2\data\charts\NVDA\2023-10-20.png,2023-09-25,2023-10-20
NVDA,2023-10-23,D:\full-stack2\data\charts\NVDA\2023-10-23.png,2023-09-26,2023-10-23
NVDA,2023-10-24,D:\full-stack2\data\charts\NVDA\2023-10-24.png,2023-09-27,2023-10-24
NVDA,2023-10-25,D:\full-stack2\data\charts\NVDA\2023-10-25.png,2023-09-28,2023-10-25
NVDA,2023-10-26,D:\full-stack2\data\charts\NVDA\2023-10-26.png,2023-09-29,2023-10-26
NVDA,2023-10-27,D:\full-stack2\data\charts\NVDA\2023-10-27.png,2023-10-02,2023-10-27
NVDA,2023-10-30,D:\full-stack2\data\charts\NVDA\2023-10-30.png,2023-10-03,2023-10-30
NVDA,2023-10-31,D:\full-stack2\data\charts\NVDA\2023-10-31.png,2023-10-04,2023-10-31
NVDA,2023-11-01,D:\full-stack2\data\charts\NVDA\2023-11-01.png,2023-10-05,2023-11-01
NVDA,2023-11-02,D:\full-stack2\data\charts\NVDA\2023-11-02.png,2023-10-06,2023-11-02
NVDA,2023-11-03,D:\full-stack2\data\charts\NVDA\2023-11-03.png,2023-10-09,2023-11-03
NVDA,2023-11-06,D:\full-stack2\data\charts\NVDA\2023-11-06.png,2023-10-10,2023-11-06
NVDA,2023-11-07,D:\full-stack2\data\charts\NVDA\2023-11-07.png,2023-10-11,2023-11-07
NVDA,2023-11-08,D:\full-stack2\data\charts\NVDA\2023-11-08.png,2023-10-12,2023-11-08
NVDA,2023-11-09,D:\full-stack2\data\charts\NVDA\2023-11-09.png,2023-10-13,2023-11-09
NVDA,2023-11-10,D:\full-stack2\data\charts\NVDA\2023-11-10.png,2023-10-16,2023-11-10
NVDA,2023-11-13,D:\full-stack2\data\charts\NVDA\2023-11-13.png,2023-10-17,2023-11-13
NVDA,2023-11-14,D:\full-stack2\data\charts\NVDA\2023-11-14.png,2023-10-18,2023-11-14
NVDA,2023-11-15,D:\full-stack2\data\charts\NVDA\2023-11-15.png,2023-10-19,2023-11-15
NVDA,2023-11-16,D:\full-stack2\data\charts\NVDA\2023-11-16.png,2023-10-20,2023-11-16
NVDA,2023-11-17,D:\full-stack2\data\charts\NVDA\2023-11-17.png,2023-10-23,2023-11-17
NVDA,2023-11-20,D:\full-stack2\data\charts\NVDA\2023-11-20.png,2023-10-24,2023-11-20
NVDA,2023-11-21,D:\full-stack2\data\charts\NVDA\2023-11-21.png,2023-10-25,2023-11-21
NVDA,2023-11-22,D:\full-stack2\data\charts\NVDA\2023-11-22.png,2023-10-26,2023-11-22
NVDA,2023-11-24,D:\full-stack2\data\charts\NVDA\2023-11-24.png,2023-10-27,2023-11-24
NVDA,2023-11-27,D:\full-stack2\data\charts\NVDA\2023-11-27.png,2023-10-30,2023-11-27
NVDA,2023-11-28,D:\full-stack2\data\charts\NVDA\2023-11-28.png,2023-10-31,2023-11-28
NVDA,2023-11-29,D:\full-stack2\data\charts\NVDA\2023-11-29.png,2023-11-01,2023-11-29
NVDA,2023-11-30,D:\full-stack2\data\charts\NVDA\2023-11-30.png,2023-11-02,2023-11-30
NVDA,2023-12-01,D:\full-stack2\data\charts\NVDA\2023-12-01.png,2023-11-03,2023-12-01
NVDA,2023-12-04,D:\full-stack2\data\charts\NVDA\2023-12-04.png,2023-11-06,2023-12-04
NVDA,2023-12-05,D:\full-stack2\data\charts\NVDA\2023-12-05.png,2023-11-07,2023-12-05
NVDA,2023-12-06,D:\full-stack2\data\charts\NVDA\2023-12-06.png,2023-11-08,2023-12-06
NVDA,2023-12-07,D:\full-stack2\data\charts\NVDA\2023-12-07.png,2023-11-09,2023-12-07
NVDA,2023-12-08,D:\full-stack2\data\charts\NVDA\2023-12-08.png,2023-11-10,2023-12-08
NVDA,2023-12-11,D:\full-stack2\data\charts\NVDA\2023-12-11.png,2023-11-13,2023-12-11
NVDA,2023-12-12,D:\full-stack2\data\charts\NVDA\2023-12-12.png,2023-11-14,2023-12-12
NVDA,2023-12-13,D:\full-stack2\data\charts\NVDA\2023-12-13.png,2023-11-15,2023-12-13
NVDA,2023-12-14,D:\full-stack2\data\charts\NVDA\2023-12-14.png,2023-11-16,2023-12-14
NVDA,2023-12-15,D:\full-stack2\data\charts\NVDA\2023-12-15.png,2023-11-17,2023-12-15
NVDA,2023-12-18,D:\full-stack2\data\charts\NVDA\2023-12-18.png,2023-11-20,2023-12-18
NVDA,2023-12-19,D:\full-stack2\data\charts\NVDA\2023-12-19.png,2023-11-21,2023-12-19
NVDA,2023-12-20,D:\full-stack2\data\charts\NVDA\2023-12-20.png,2023-11-22,2023-12-20
NVDA,2023-12-21,D:\full-stack2\data\charts\NVDA\2023-12-21.png,2023-11-24,2023-12-21
NVDA,2023-12-22,D:\full-stack2\data\charts\NVDA\2023-12-22.png,2023-11-27,2023-12-22
NVDA,2023-12-26,D:\full-stack2\data\charts\NVDA\2023-12-26.png,2023-11-28,2023-12-26
NVDA,2023-12-27,D:\full-stack2\data\charts\NVDA\2023-12-27.png,2023-11-29,2023-12-27
NVDA,2023-12-28,D:\full-stack2\data\charts\NVDA\2023-12-28.png,2023-11-30,2023-12-28
NVDA,2023-12-29,D:\full-stack2\data\charts\NVDA\2023-12-29.png,2023-12-01,2023-12-29
NVDA,2024-01-02,D:\full-stack2\data\charts\NVDA\2024-01-02.png,2023-12-04,2024-01-02
NVDA,2024-01-03,D:\full-stack2\data\charts\NVDA\2024-01-03.png,2023-12-05,2024-01-03
NVDA,2024-01-04,D:\full-stack2\data\charts\NVDA\2024-01-04.png,2023-12-06,2024-01-04
NVDA,2024-01-05,D:\full-stack2\data\charts\NVDA\2024-01-05.png,2023-12-07,2024-01-05
NVDA,2024-01-08,D:\full-stack2\data\charts\NVDA\2024-01-08.png,2023-12-08,2024-01-08
NVDA,2024-01-09,D:\full-stack2\data\charts\NVDA\2024-01-09.png,2023-12-11,2024-01-09
NVDA,2024-01-10,D:\full-stack2\data\charts\NVDA\2024-01-10.png,2023-12-12,2024-01-10
NVDA,2024-01-11,D:\full-stack2\data\charts\NVDA\2024-01-11.png,2023-12-13,2024-01-11
NVDA,2024-01-12,D:\full-stack2\data\charts\NVDA\2024-01-12.png,2023-12-14,2024-01-12
NVDA,2024-01-16,D:\full-stack2\data\charts\NVDA\2024-01-16.png,2023-12-15,2024-01-16
NVDA,2024-01-17,D:\full-stack2\data\charts\NVDA\2024-01-17.png,2023-12-18,2024-01-17
NVDA,2024-01-18,D:\full-stack2\data\charts\NVDA\2024-01-18.png,2023-12-19,2024-01-18
NVDA,2024-01-19,D:\full-stack2\data\charts\NVDA\2024-01-19.png,2023-12-20,2024-01-19
NVDA,2024-01-22,D:\full-stack2\data\charts\NVDA\2024-01-22.png,2023-12-21,2024-01-22
NVDA,2024-01-23,D:\full-stack2\data\charts\NVDA\2024-01-23.png,2023-12-22,2024-01-23
NVDA,2024-01-24,D:\full-stack2\data\charts\NVDA\2024-01-24.png,2023-12-26,2024-01-24
NVDA,2024-01-25,D:\full-stack2\data\charts\NVDA\2024-01-25.png,2023-12-27,2024-01-25
NVDA,2024-01-26,D:\full-stack2\data\charts\NVDA\2024-01-26.png,2023-12-28,2024-01-26
NVDA,2024-01-29,D:\full-stack2\data\charts\NVDA\2024-01-29.png,2023-12-29,2024-01-29
NVDA,2024-01-30,D:\full-stack2\data\charts\NVDA\2024-01-30.png,2024-01-02,2024-01-30
NVDA,2024-01-31,D:\full-stack2\data\charts\NVDA\2024-01-31.png,2024-01-03,2024-01-31
NVDA,2024-02-01,D:\full-stack2\data\charts\NVDA\2024-02-01.png,2024-01-04,2024-02-01
NVDA,2024-02-02,D:\full-stack2\data\charts\NVDA\2024-02-02.png,2024-01-05,2024-02-02
NVDA,2024-02-05,D:\full-stack2\data\charts\NVDA\2024-02-05.png,2024-01-08,2024-02-05
NVDA,2024-02-06,D:\full-stack2\data\charts\NVDA\2024-02-06.png,2024-01-09,2024-02-06
NVDA,2024-02-07,D:\full-stack2\data\charts\NVDA\2024-02-07.png,2024-01-10,2024-02-07
NVDA,2024-02-08,D:\full-stack2\data\charts\NVDA\2024-02-08.png,2024-01-11,2024-02-08
NVDA,2024-02-09,D:\full-stack2\data\charts\NVDA\2024-02-09.png,2024-01-12,2024-02-09
NVDA,2024-02-12,D:\full-stack2\data\charts\NVDA\2024-02-12.png,2024-01-16,2024-02-12
NVDA,2024-02-13,D:\full-stack2\data\charts\NVDA\2024-02-13.png,2024-01-17,2024-02-13
NVDA,2024-02-14,D:\full-stack2\data\charts\NVDA\2024-02-14.png,2024-01-18,2024-02-14
NVDA,2024-02-15,D:\full-stack2\data\charts\NVDA\2024-02-15.png,2024-01-19,2024-02-15
NVDA,2024-02-16,D:\full-stack2\data\charts\NVDA\2024-02-16.png,2024-01-22,2024-02-16
NVDA,2024-02-20,D:\full-stack2\data\charts\NVDA\2024-02-20.png,2024-01-23,2024-02-20
NVDA,2024-02-21,D:\full-stack2\data\charts\NVDA\2024-02-21.png,2024-01-24,2024-02-21
NVDA,2024-02-22,D:\full-stack2\data\charts\NVDA\2024-02-22.png,2024-01-25,2024-02-22
NVDA,2024-02-23,D:\full-stack2\data\charts\NVDA\2024-02-23.png,2024-01-26,2024-02-23
NVDA,2024-02-26,D:\full-stack2\data\charts\NVDA\2024-02-26.png,2024-01-29,2024-02-26
NVDA,2024-02-27,D:\full-stack2\data\charts\NVDA\2024-02-27.png,2024-01-30,2024-02-27
NVDA,2024-02-28,D:\full-stack2\data\charts\NVDA\2024-02-28.png,2024-01-31,2024-02-28
NVDA,2024-02-29,D:\full-stack2\data\charts\NVDA\2024-02-29.png,2024-02-01,2024-02-29
NVDA,2024-03-01,D:\full-stack2\data\charts\NVDA\2024-03-01.png,2024-02-02,2024-03-01
NVDA,2024-03-04,D:\full-stack2\data\charts\NVDA\2024-03-04.png,2024-02-05,2024-03-04
NVDA,2024-03-05,D:\full-stack2\data\charts\NVDA\2024-03-05.png,2024-02-06,2024-03-05
NVDA,2024-03-06,D:\full-stack2\data\charts\NVDA\2024-03-06.png,2024-02-07,2024-03-06
NVDA,2024-03-07,D:\full-stack2\data\charts\NVDA\2024-03-07.png,2024-02-08,2024-03-07
NVDA,2024-03-08,D:\full-stack2\data\charts\NVDA\2024-03-08.png,2024-02-09,2024-03-08
NVDA,2024-03-11,D:\full-stack2\data\charts\NVDA\2024-03-11.png,2024-02-12,2024-03-11
NVDA,2024-03-12,D:\full-stack2\data\charts\NVDA\2024-03-12.png,2024-02-13,2024-03-12
NVDA,2024-03-13,D:\full-stack2\data\charts\NVDA\2024-03-13.png,2024-02-14,2024-03-13
NVDA,2024-03-14,D:\full-stack2\data\charts\NVDA\2024-03-14.png,2024-02-15,2024-03-14
NVDA,2024-03-15,D:\full-stack2\data\charts\NVDA\2024-03-15.png,2024-02-16,2024-03-15
NVDA,2024-03-18,D:\full-stack2\data\charts\NVDA\2024-03-18.png,2024-02-20,2024-03-18
NVDA,2024-03-19,D:\full-stack2\data\charts\NVDA\2024-03-19.png,2024-02-21,2024-03-19
NVDA,2024-03-20,D:\full-stack2\data\charts\NVDA\2024-03-20.png,2024-02-22,2024-03-20
NVDA,2024-03-21,D:\full-stack2\data\charts\NVDA\2024-03-21.png,2024-02-23,2024-03-21
NVDA,2024-03-22,D:\full-stack2\data\charts\NVDA\2024-03-22.png,2024-02-26,2024-03-22
NVDA,2024-03-25,D:\full-stack2\data\charts\NVDA\2024-03-25.png,2024-02-27,2024-03-25
NVDA,2024-03-26,D:\full-stack2\data\charts\NVDA\2024-03-26.png,2024-02-28,2024-03-26
NVDA,2024-03-27,D:\full-stack2\data\charts\NVDA\2024-03-27.png,2024-02-29,2024-03-27
NVDA,2024-03-28,D:\full-stack2\data\charts\NVDA\2024-03-28.png,2024-03-01,2024-03-28
NVDA,2024-04-01,D:\full-stack2\data\charts\NVDA\2024-04-01.png,2024-03-04,2024-04-01
NVDA,2024-04-02,D:\full-stack2\data\charts\NVDA\2024-04-02.png,2024-03-05,2024-04-02
NVDA,2024-04-03,D:\full-stack2\data\charts\NVDA\2024-04-03.png,2024-03-06,2024-04-03
NVDA,2024-04-04,D:\full-stack2\data\charts\NVDA\2024-04-04.png,2024-03-07,2024-04-04
NVDA,2024-04-05,D:\full-stack2\data\charts\NVDA\2024-04-05.png,2024-03-08,2024-04-05
NVDA,2024-04-08,D:\full-stack2\data\charts\NVDA\2024-04-08.png,2024-03-11,2024-04-08
NVDA,2024-04-09,D:\full-stack2\data\charts\NVDA\2024-04-09.png,2024-03-12,2024-04-09
NVDA,2024-04-10,D:\full-stack2\data\charts\NVDA\2024-04-10.png,2024-03-13,2024-04-10
NVDA,2024-04-11,D:\full-stack2\data\charts\NVDA\2024-04-11.png,2024-03-14,2024-04-11
NVDA,2024-04-12,D:\full-stack2\data\charts\NVDA\2024-04-12.png,2024-03-15,2024-04-12
NVDA,2024-04-15,D:\full-stack2\data\charts\NVDA\2024-04-15.png,2024-03-18,2024-04-15
NVDA,2024-04-16,D:\full-stack2\data\charts\NVDA\2024-04-16.png,2024-03-19,2024-04-16
NVDA,2024-04-17,D:\full-stack2\data\charts\NVDA\2024-04-17.png,2024-03-20,2024-04-17
NVDA,2024-04-18,D:\full-stack2\data\charts\NVDA\2024-04-18.png,2024-03-21,2024-04-18
NVDA,2024-04-19,D:\full-stack2\data\charts\NVDA\2024-04-19.png,2024-03-22,2024-04-19
NVDA,2024-04-22,D:\full-stack2\data\charts\NVDA\2024-04-22.png,2024-03-25,2024-04-22
NVDA,2024-04-23,D:\full-stack2\data\charts\NVDA\2024-04-23.png,2024-03-26,2024-04-23
NVDA,2024-04-24,D:\full-stack2\data\charts\NVDA\2024-04-24.png,2024-03-27,2024-04-24
NVDA,2024-04-25,D:\full-stack2\data\charts\NVDA\2024-04-25.png,2024-03-28,2024-04-25
NVDA,2024-04-26,D:\full-stack2\data\charts\NVDA\2024-04-26.png,2024-04-01,2024-04-26
NVDA,2024-04-29,D:\full-stack2\data\charts\NVDA\2024-04-29.png,2024-04-02,2024-04-29
NVDA,2024-04-30,D:\full-stack2\data\charts\NVDA\2024-04-30.png,2024-04-03,2024-04-30
NVDA,2024-05-01,D:\full-stack2\data\charts\NVDA\2024-05-01.png,2024-04-04,2024-05-01
NVDA,2024-05-02,D:\full-stack2\data\charts\NVDA\2024-05-02.png,2024-04-05,2024-05-02
NVDA,2024-05-03,D:\full-stack2\data\charts\NVDA\2024-05-03.png,2024-04-08,2024-05-03
NVDA,2024-05-06,D:\full-stack2\data\charts\NVDA\2024-05-06.png,2024-04-09,2024-05-06
NVDA,2024-05-07,D:\full-stack2\data\charts\NVDA\2024-05-07.png,2024-04-10,2024-05-07
NVDA,2024-05-08,D:\full-stack2\data\charts\NVDA\2024-05-08.png,2024-04-11,2024-05-08
NVDA,2024-05-09,D:\full-stack2\data\charts\NVDA\2024-05-09.png,2024-04-12,2024-05-09
NVDA,2024-05-10,D:\full-stack2\data\charts\NVDA\2024-05-10.png,2024-04-15,2024-05-10
NVDA,2024-05-13,D:\full-stack2\data\charts\NVDA\2024-05-13.png,2024-04-16,2024-05-13
NVDA,2024-05-14,D:\full-stack2\data\charts\NVDA\2024-05-14.png,2024-04-17,2024-05-14
NVDA,2024-05-15,D:\full-stack2\data\charts\NVDA\2024-05-15.png,2024-04-18,2024-05-15
NVDA,2024-05-16,D:\full-stack2\data\charts\NVDA\2024-05-16.png,2024-04-19,2024-05-16
NVDA,2024-05-17,D:\full-stack2\data\charts\NVDA\2024-05-17.png,2024-04-22,2024-05-17
NVDA,2024-05-20,D:\full-stack2\data\charts\NVDA\2024-05-20.png,2024-04-23,2024-05-20
NVDA,2024-05-21,D:\full-stack2\data\charts\NVDA\2024-05-21.png,2024-04-24,2024-05-21
NVDA,2024-05-22,D:\full-stack2\data\charts\NVDA\2024-05-22.png,2024-04-25,2024-05-22
NVDA,2024-05-23,D:\full-stack2\data\charts\NVDA\2024-05-23.png,2024-04-26,2024-05-23
NVDA,2024-05-24,D:\full-stack2\data\charts\NVDA\2024-05-24.png,2024-04-29,2024-05-24
NVDA,2024-05-28,D:\full-stack2\data\charts\NVDA\2024-05-28.png,2024-04-30,2024-05-28
NVDA,2024-05-29,D:\full-stack2\data\charts\NVDA\2024-05-29.png,2024-05-01,2024-05-29
NVDA,2024-05-30,D:\full-stack2\data\charts\NVDA\2024-05-30.png,2024-05-02,2024-05-30
NVDA,2024-05-31,D:\full-stack2\data\charts\NVDA\2024-05-31.png,2024-05-03,2024-05-31
NVDA,2024-06-03,D:\full-stack2\data\charts\NVDA\2024-06-03.png,2024-05-06,2024-06-03
NVDA,2024-06-04,D:\full-stack2\data\charts\NVDA\2024-06-04.png,2024-05-07,2024-06-04
NVDA,2024-06-05,D:\full-stack2\data\charts\NVDA\2024-06-05.png,2024-05-08,2024-06-05
NVDA,2024-06-06,D:\full-stack2\data\charts\NVDA\2024-06-06.png,2024-05-09,2024-06-06
NVDA,2024-06-07,D:\full-stack2\data\charts\NVDA\2024-06-07.png,2024-05-10,2024-06-07
NVDA,2024-06-10,D:\full-stack2\data\charts\NVDA\2024-06-10.png,2024-05-13,2024-06-10
NVDA,2024-06-11,D:\full-stack2\data\charts\NVDA\2024-06-11.png,2024-05-14,2024-06-11
NVDA,2024-06-12,D:\full-stack2\data\charts\NVDA\2024-06-12.png,2024-05-15,2024-06-12
NVDA,2024-06-13,D:\full-stack2\data\charts\NVDA\2024-06-13.png,2024-05-16,2024-06-13
NVDA,2024-06-14,D:\full-stack2\data\charts\NVDA\2024-06-14.png,2024-05-17,2024-06-14
NVDA,2024-06-17,D:\full-stack2\data\charts\NVDA\2024-06-17.png,2024-05-20,2024-06-17
NVDA,2024-06-18,D:\full-stack2\data\charts\NVDA\2024-06-18.png,2024-05-21,2024-06-18
NVDA,2024-06-20,D:\full-stack2\data\charts\NVDA\2024-06-20.png,2024-05-22,2024-06-20
NVDA,2024-06-21,D:\full-stack2\data\charts\NVDA\2024-06-21.png,2024-05-23,2024-06-21
NVDA,2024-06-24,D:\full-stack2\data\charts\NVDA\2024-06-24.png,2024-05-24,2024-06-24
NVDA,2024-06-25,D:\full-stack2\data\charts\NVDA\2024-06-25.png,2024-05-28,2024-06-25
NVDA,2024-06-26,D:\full-stack2\data\charts\NVDA\2024-06-26.png,2024-05-29,2024-06-26
NVDA,2024-06-27,D:\full-stack2\data\charts\NVDA\2024-06-27.png,2024-05-30,2024-06-27
NVDA,2024-06-28,D:\full-stack2\data\charts\NVDA\2024-06-28.png,2024-05-31,2024-06-28
NVDA,2024-07-01,D:\full-stack2\data\charts\NVDA\2024-07-01.png,2024-06-03,2024-07-01
NVDA,2024-07-02,D:\full-stack2\data\charts\NVDA\2024-07-02.png,2024-06-04,2024-07-02
NVDA,2024-07-03,D:\full-stack2\data\charts\NVDA\2024-07-03.png,2024-06-05,2024-07-03
NVDA,2024-07-05,D:\full-stack2\data\charts\NVDA\2024-07-05.png,2024-06-06,2024-07-05
NVDA,2024-07-08,D:\full-stack2\data\charts\NVDA\2024-07-08.png,2024-06-07,2024-07-08
NVDA,2024-07-09,D:\full-stack2\data\charts\NVDA\2024-07-09.png,2024-06-10,2024-07-09
NVDA,2024-07-10,D:\full-stack2\data\charts\NVDA\2024-07-10.png,2024-06-11,2024-07-10
NVDA,2024-07-11,D:\full-stack2\data\charts\NVDA\2024-07-11.png,2024-06-12,2024-07-11
NVDA,2024-07-12,D:\full-stack2\data\charts\NVDA\2024-07-12.png,2024-06-13,2024-07-12
NVDA,2024-07-15,D:\full-stack2\data\charts\NVDA\2024-07-15.png,2024-06-14,2024-07-15
NVDA,2024-07-16,D:\full-stack2\data\charts\NVDA\2024-07-16.png,2024-06-17,2024-07-16
NVDA,2024-07-17,D:\full-stack2\data\charts\NVDA\2024-07-17.png,2024-06-18,2024-07-17
NVDA,2024-07-18,D:\full-stack2\data\charts\NVDA\2024-07-18.png,2024-06-20,2024-07-18
NVDA,2024-07-19,D:\full-stack2\data\charts\NVDA\2024-07-19.png,2024-06-21,2024-07-19
NVDA,2024-07-22,D:\full-stack2\data\charts\NVDA\2024-07-22.png,2024-06-24,2024-07-22
NVDA,2024-07-23,D:\full-stack2\data\charts\NVDA\2024-07-23.png,2024-06-25,2024-07-23
NVDA,2024-07-24,D:\full-stack2\data\charts\NVDA\2024-07-24.png,2024-06-26,2024-07-24
NVDA,2024-07-25,D:\full-stack2\data\charts\NVDA\2024-07-25.png,2024-06-27,2024-07-25
NVDA,2024-07-26,D:\full-stack2\data\charts\NVDA\2024-07-26.png,2024-06-28,2024-07-26
NVDA,2024-07-29,D:\full-stack2\data\charts\NVDA\2024-07-29.png,2024-07-01,2024-07-29
NVDA,2024-07-30,D:\full-stack2\data\charts\NVDA\2024-07-30.png,2024-07-02,2024-07-30
NVDA,2024-07-31,D:\full-stack2\data\charts\NVDA\2024-07-31.png,2024-07-03,2024-07-31
NVDA,2024-08-01,D:\full-stack2\data\charts\NVDA\2024-08-01.png,2024-07-05,2024-08-01
NVDA,2024-08-02,D:\full-stack2\data\charts\NVDA\2024-08-02.png,2024-07-08,2024-08-02
NVDA,2024-08-05,D:\full-stack2\data\charts\NVDA\2024-08-05.png,2024-07-09,2024-08-05
NVDA,2024-08-06,D:\full-stack2\data\charts\NVDA\2024-08-06.png,2024-07-10,2024-08-06
NVDA,2024-08-07,D:\full-stack2\data\charts\NVDA\2024-08-07.png,2024-07-11,2024-08-07
NVDA,2024-08-08,D:\full-stack2\data\charts\NVDA\2024-08-08.png,2024-07-12,2024-08-08
NVDA,2024-08-09,D:\full-stack2\data\charts\NVDA\2024-08-09.png,2024-07-15,2024-08-09
NVDA,2024-08-12,D:\full-stack2\data\charts\NVDA\2024-08-12.png,2024-07-16,2024-08-12
NVDA,2024-08-13,D:\full-stack2\data\charts\NVDA\2024-08-13.png,2024-07-17,2024-08-13
NVDA,2024-08-14,D:\full-stack2\data\charts\NVDA\2024-08-14.png,2024-07-18,2024-08-14
NVDA,2024-08-15,D:\full-stack2\data\charts\NVDA\2024-08-15.png,2024-07-19,2024-08-15
NVDA,2024-08-16,D:\full-stack2\data\charts\NVDA\2024-08-16.png,2024-07-22,2024-08-16
NVDA,2024-08-19,D:\full-stack2\data\charts\NVDA\2024-08-19.png,2024-07-23,2024-08-19
NVDA,2024-08-20,D:\full-stack2\data\charts\NVDA\2024-08-20.png,2024-07-24,2024-08-20
NVDA,2024-08-21,D:\full-stack2\data\charts\NVDA\2024-08-21.png,2024-07-25,2024-08-21
NVDA,2024-08-22,D:\full-stack2\data\charts\NVDA\2024-08-22.png,2024-07-26,2024-08-22
NVDA,2024-08-23,D:\full-stack2\data\charts\NVDA\2024-08-23.png,2024-07-29,2024-08-23
NVDA,2024-08-26,D:\full-stack2\data\charts\NVDA\2024-08-26.png,2024-07-30,2024-08-26
NVDA,2024-08-27,D:\full-stack2\data\charts\NVDA\2024-08-27.png,2024-07-31,2024-08-27
NVDA,2024-08-28,D:\full-stack2\data\charts\NVDA\2024-08-28.png,2024-08-01,2024-08-28
NVDA,2024-08-29,D:\full-stack2\data\charts\NVDA\2024-08-29.png,2024-08-02,2024-08-29
NVDA,2024-08-30,D:\full-stack2\data\charts\NVDA\2024-08-30.png,2024-08-05,2024-08-30
NVDA,2024-09-03,D:\full-stack2\data\charts\NVDA\2024-09-03.png,2024-08-06,2024-09-03
NVDA,2024-09-04,D:\full-stack2\data\charts\NVDA\2024-09-04.png,2024-08-07,2024-09-04
NVDA,2024-09-05,D:\full-stack2\data\charts\NVDA\2024-09-05.png,2024-08-08,2024-09-05
NVDA,2024-09-06,D:\full-stack2\data\charts\NVDA\2024-09-06.png,2024-08-09,2024-09-06
NVDA,2024-09-09,D:\full-stack2\data\charts\NVDA\2024-09-09.png,2024-08-12,2024-09-09
NVDA,2024-09-10,D:\full-stack2\data\charts\NVDA\2024-09-10.png,2024-08-13,2024-09-10
NVDA,2024-09-11,D:\full-stack2\data\charts\NVDA\2024-09-11.png,2024-08-14,2024-09-11
NVDA,2024-09-12,D:\full-stack2\data\charts\NVDA\2024-09-12.png,2024-08-15,2024-09-12
NVDA,2024-09-13,D:\full-stack2\data\charts\NVDA\2024-09-13.png,2024-08-16,2024-09-13
NVDA,2024-09-16,D:\full-stack2\data\charts\NVDA\2024-09-16.png,2024-08-19,2024-09-16
NVDA,2024-09-17,D:\full-stack2\data\charts\NVDA\2024-09-17.png,2024-08-20,2024-09-17
NVDA,2024-09-18,D:\full-stack2\data\charts\NVDA\2024-09-18.png,2024-08-21,2024-09-18
NVDA,2024-09-19,D:\full-stack2\data\charts\NVDA\2024-09-19.png,2024-08-22,2024-09-19
NVDA,2024-09-20,D:\full-stack2\data\charts\NVDA\2024-09-20.png,2024-08-23,2024-09-20
NVDA,2024-09-23,D:\full-stack2\data\charts\NVDA\2024-09-23.png,2024-08-26,2024-09-23
NVDA,2024-09-24,D:\full-stack2\data\charts\NVDA\2024-09-24.png,2024-08-27,2024-09-24
NVDA,2024-09-25,D:\full-stack2\data\charts\NVDA\2024-09-25.png,2024-08-28,2024-09-25
NVDA,2024-09-26,D:\full-stack2\data\charts\NVDA\2024-09-26.png,2024-08-29,2024-09-26
NVDA,2024-09-27,D:\full-stack2\data\charts\NVDA\2024-09-27.png,2024-08-30,2024-09-27
NVDA,2024-09-30,D:\full-stack2\data\charts\NVDA\2024-09-30.png,2024-09-03,2024-09-30
NVDA,2024-10-01,D:\full-stack2\data\charts\NVDA\2024-10-01.png,2024-09-04,2024-10-01
NVDA,2024-10-02,D:\full-stack2\data\charts\NVDA\2024-10-02.png,2024-09-05,2024-10-02
NVDA,2024-10-03,D:\full-stack2\data\charts\NVDA\2024-10-03.png,2024-09-06,2024-10-03
NVDA,2024-10-04,D:\full-stack2\data\charts\NVDA\2024-10-04.png,2024-09-09,2024-10-04
NVDA,2024-10-07,D:\full-stack2\data\charts\NVDA\2024-10-07.png,2024-09-10,2024-10-07
NVDA,2024-10-08,D:\full-stack2\data\charts\NVDA\2024-10-08.png,2024-09-11,2024-10-08
NVDA,2024-10-09,D:\full-stack2\data\charts\NVDA\2024-10-09.png,2024-09-12,2024-10-09
NVDA,2024-10-10,D:\full-stack2\data\charts\NVDA\2024-10-10.png,2024-09-13,2024-10-10
NVDA,2024-10-11,D:\full-stack2\data\charts\NVDA\2024-10-11.png,2024-09-16,2024-10-11
NVDA,2024-10-14,D:\full-stack2\data\charts\NVDA\2024-10-14.png,2024-09-17,2024-10-14
NVDA,2024-10-15,D:\full-stack2\data\charts\NVDA\2024-10-15.png,2024-09-18,2024-10-15
NVDA,2024-10-16,D:\full-stack2\data\charts\NVDA\2024-10-16.png,2024-09-19,2024-10-16
NVDA,2024-10-17,D:\full-stack2\data\charts\NVDA\2024-10-17.png,2024-09-20,2024-10-17
NVDA,2024-10-18,D:\full-stack2\data\charts\NVDA\2024-10-18.png,2024-09-23,2024-10-18
NVDA,2024-10-21,D:\full-stack2\data\charts\NVDA\2024-10-21.png,2024-09-24,2024-10-21
NVDA,2024-10-22,D:\full-stack2\data\charts\NVDA\2024-10-22.png,2024-09-25,2024-10-22
NVDA,2024-10-23,D:\full-stack2\data\charts\NVDA\2024-10-23.png,2024-09-26,2024-10-23
NVDA,2024-10-24,D:\full-stack2\data\charts\NVDA\2024-10-24.png,2024-09-27,2024-10-24
NVDA,2024-10-25,D:\full-stack2\data\charts\NVDA\2024-10-25.png,2024-09-30,2024-10-25
NVDA,2024-10-28,D:\full-stack2\data\charts\NVDA\2024-10-28.png,2024-10-01,2024-10-28
NVDA,2024-10-29,D:\full-stack2\data\charts\NVDA\2024-10-29.png,2024-10-02,2024-10-29
NVDA,2024-10-30,D:\full-stack2\data\charts\NVDA\2024-10-30.png,2024-10-03,2024-10-30
NVDA,2024-10-31,D:\full-stack2\data\charts\NVDA\2024-10-31.png,2024-10-04,2024-10-31
NVDA,2024-11-01,D:\full-stack2\data\charts\NVDA\2024-11-01.png,2024-10-07,2024-11-01
NVDA,2024-11-04,D:\full-stack2\data\charts\NVDA\2024-11-04.png,2024-10-08,2024-11-04
NVDA,2024-11-05,D:\full-stack2\data\charts\NVDA\2024-11-05.png,2024-10-09,2024-11-05
NVDA,2024-11-06,D:\full-stack2\data\charts\NVDA\2024-11-06.png,2024-10-10,2024-11-06
NVDA,2024-11-07,D:\full-stack2\data\charts\NVDA\2024-11-07.png,2024-10-11,2024-11-07
NVDA,2024-11-08,D:\full-stack2\data\charts\NVDA\2024-11-08.png,2024-10-14,2024-11-08
NVDA,2024-11-11,D:\full-stack2\data\charts\NVDA\2024-11-11.png,2024-10-15,2024-11-11
NVDA,2024-11-12,D:\full-stack2\data\charts\NVDA\2024-11-12.png,2024-10-16,2024-11-12
NVDA,2024-11-13,D:\full-stack2\data\charts\NVDA\2024-11-13.png,2024-10-17,2024-11-13
NVDA,2024-11-14,D:\full-stack2\data\charts\NVDA\2024-11-14.png,2024-10-18,2024-11-14
NVDA,2024-11-15,D:\full-stack2\data\charts\NVDA\2024-11-15.png,2024-10-21,2024-11-15
NVDA,2024-11-18,D:\full-stack2\data\charts\NVDA\2024-11-18.png,2024-10-22,2024-11-18
NVDA,2024-11-19,D:\full-stack2\data\charts\NVDA\2024-11-19.png,2024-10-23,2024-11-19
NVDA,2024-11-20,D:\full-stack2\data\charts\NVDA\2024-11-20.png,2024-10-24,2024-11-20
NVDA,2024-11-21,D:\full-stack2\data\charts\NVDA\2024-11-21.png,2024-10-25,2024-11-21
NVDA,2024-11-22,D:\full-stack2\data\charts\NVDA\2024-11-22.png,2024-10-28,2024-11-22
NVDA,2024-11-25,D:\full-stack2\data\charts\NVDA\2024-11-25.png,2024-10-29,2024-11-25
NVDA,2024-11-26,D:\full-stack2\data\charts\NVDA\2024-11-26.png,2024-10-30,2024-11-26
NVDA,2024-11-27,D:\full-stack2\data\charts\NVDA\2024-11-27.png,2024-10-31,2024-11-27
NVDA,2024-11-29,D:\full-stack2\data\charts\NVDA\2024-11-29.png,2024-11-01,2024-11-29
NVDA,2024-12-02,D:\full-stack2\data\charts\NVDA\2024-12-02.png,2024-11-04,2024-12-02
NVDA,2024-12-03,D:\full-stack2\data\charts\NVDA\2024-12-03.png,2024-11-05,2024-12-03
NVDA,2024-12-04,D:\full-stack2\data\charts\NVDA\2024-12-04.png,2024-11-06,2024-12-04
NVDA,2024-12-05,D:\full-stack2\data\charts\NVDA\2024-12-05.png,2024-11-07,2024-12-05
NVDA,2024-12-06,D:\full-stack2\data\charts\NVDA\2024-12-06.png,2024-11-08,2024-12-06
NVDA,2024-12-09,D:\full-stack2\data\charts\NVDA\2024-12-09.png,2024-11-11,2024-12-09
NVDA,2024-12-10,D:\full-stack2\data\charts\NVDA\2024-12-10.png,2024-11-12,2024-12-10
NVDA,2024-12-11,D:\full-stack2\data\charts\NVDA\2024-12-11.png,2024-11-13,2024-12-11
NVDA,2024-12-12,D:\full-stack2\data\charts\NVDA\2024-12-12.png,2024-11-14,2024-12-12
NVDA,2024-12-13,D:\full-stack2\data\charts\NVDA\2024-12-13.png,2024-11-15,2024-12-13
NVDA,2024-12-16,D:\full-stack2\data\charts\NVDA\2024-12-16.png,2024-11-18,2024-12-16
NVDA,2024-12-17,D:\full-stack2\data\charts\NVDA\2024-12-17.png,2024-11-19,2024-12-17
NVDA,2024-12-18,D:\full-stack2\data\charts\NVDA\2024-12-18.png,2024-11-20,2024-12-18
NVDA,2024-12-19,D:\full-stack2\data\charts\NVDA\2024-12-19.png,2024-11-21,2024-12-19
NVDA,2024-12-20,D:\full-stack2\data\charts\NVDA\2024-12-20.png,2024-11-22,2024-12-20
NVDA,2024-12-23,D:\full-stack2\data\charts\NVDA\2024-12-23.png,2024-11-25,2024-12-23
NVDA,2024-12-24,D:\full-stack2\data\charts\NVDA\2024-12-24.png,2024-11-26,2024-12-24
NVDA,2024-12-26,D:\full-stack2\data\charts\NVDA\2024-12-26.png,2024-11-27,2024-12-26
NVDA,2024-12-27,D:\full-stack2\data\charts\NVDA\2024-12-27.png,2024-11-29,2024-12-27
NVDA,2024-12-30,D:\full-stack2\data\charts\NVDA\2024-12-30.png,2024-12-02,2024-12-30
NVDA,2024-12-31,D:\full-stack2\data\charts\NVDA\2024-12-31.png,2024-12-03,2024-12-31
NVDA,2025-01-02,D:\full-stack2\data\charts\NVDA\2025-01-02.png,2024-12-04,2025-01-02
NVDA,2025-01-03,D:\full-stack2\data\charts\NVDA\2025-01-03.png,2024-12-05,2025-01-03
NVDA,2025-01-06,D:\full-stack2\data\charts\NVDA\2025-01-06.png,2024-12-06,2025-01-06
NVDA,2025-01-07,D:\full-stack2\data\charts\NVDA\2025-01-07.png,2024-12-09,2025-01-07
NVDA,2025-01-08,D:\full-stack2\data\charts\NVDA\2025-01-08.png,2024-12-10,2025-01-08
NVDA,2025-01-10,D:\full-stack2\data\charts\NVDA\2025-01-10.png,2024-12-11,2025-01-10
NVDA,2025-01-13,D:\full-stack2\data\charts\NVDA\2025-01-13.png,2024-12-12,2025-01-13
NVDA,2025-01-14,D:\full-stack2\data\charts\NVDA\2025-01-14.png,2024-12-13,2025-01-14
NVDA,2025-01-15,D:\full-stack2\data\charts\NVDA\2025-01-15.png,2024-12-16,2025-01-15
NVDA,2025-01-16,D:\full-stack2\data\charts\NVDA\2025-01-16.png,2024-12-17,2025-01-16
NVDA,2025-01-17,D:\full-stack2\data\charts\NVDA\2025-01-17.png,2024-12-18,2025-01-17
NVDA,2025-01-21,D:\full-stack2\data\charts\NVDA\2025-01-21.png,2024-12-19,2025-01-21
NVDA,2025-01-22,D:\full-stack2\data\charts\NVDA\2025-01-22.png,2024-12-20,2025-01-22
NVDA,2025-01-23,D:\full-stack2\data\charts\NVDA\2025-01-23.png,2024-12-23,2025-01-23
NVDA,2025-01-24,D:\full-stack2\data\charts\NVDA\2025-01-24.png,2024-12-24,2025-01-24
NVDA,2025-01-27,D:\full-stack2\data\charts\NVDA\2025-01-27.png,2024-12-26,2025-01-27
NVDA,2025-01-28,D:\full-stack2\data\charts\NVDA\2025-01-28.png,2024-12-27,2025-01-28
NVDA,2025-01-29,D:\full-stack2\data\charts\NVDA\2025-01-29.png,2024-12-30,2025-01-29
NVDA,2025-01-30,D:\full-stack2\data\charts\NVDA\2025-01-30.png,2024-12-31,2025-01-30
NVDA,2025-01-31,D:\full-stack2\data\charts\NVDA\2025-01-31.png,2025-01-02,2025-01-31
NVDA,2025-02-03,D:\full-stack2\data\charts\NVDA\2025-02-03.png,2025-01-03,2025-02-03
NVDA,2025-02-04,D:\full-stack2\data\charts\NVDA\2025-02-04.png,2025-01-06,2025-02-04
NVDA,2025-02-05,D:\full-stack2\data\charts\NVDA\2025-02-05.png,2025-01-07,2025-02-05
NVDA,2025-02-06,D:\full-stack2\data\charts\NVDA\2025-02-06.png,2025-01-08,2025-02-06
NVDA,2025-02-07,D:\full-stack2\data\charts\NVDA\2025-02-07.png,2025-01-10,2025-02-07
NVDA,2025-02-10,D:\full-stack2\data\charts\NVDA\2025-02-10.png,2025-01-13,2025-02-10
NVDA,2025-02-11,D:\full-stack2\data\charts\NVDA\2025-02-11.png,2025-01-14,2025-02-11
NVDA,2025-02-12,D:\full-stack2\data\charts\NVDA\2025-02-12.png,2025-01-15,2025-02-12
NVDA,2025-02-13,D:\full-stack2\data\charts\NVDA\2025-02-13.png,2025-01-16,2025-02-13
NVDA,2025-02-14,D:\full-stack2\data\charts\NVDA\2025-02-14.png,2025-01-17,2025-02-14
NVDA,2025-02-18,D:\full-stack2\data\charts\NVDA\2025-02-18.png,2025-01-21,2025-02-18
NVDA,2025-02-19,D:\full-stack2\data\charts\NVDA\2025-02-19.png,2025-01-22,2025-02-19
NVDA,2025-02-20,D:\full-stack2\data\charts\NVDA\2025-02-20.png,2025-01-23,2025-02-20
NVDA,2025-02-21,D:\full-stack2\data\charts\NVDA\2025-02-21.png,2025-01-24,2025-02-21
NVDA,2025-02-24,D:\full-stack2\data\charts\NVDA\2025-02-24.png,2025-01-27,2025-02-24
NVDA,2025-02-25,D:\full-stack2\data\charts\NVDA\2025-02-25.png,2025-01-28,2025-02-25
NVDA,2025-02-26,D:\full-stack2\data\charts\NVDA\2025-02-26.png,2025-01-29,2025-02-26
NVDA,2025-02-27,D:\full-stack2\data\charts\NVDA\2025-02-27.png,2025-01-30,2025-02-27
NVDA,2025-02-28,D:\full-stack2\data\charts\NVDA\2025-02-28.png,2025-01-31,2025-02-28
NVDA,2025-03-03,D:\full-stack2\data\charts\NVDA\2025-03-03.png,2025-02-03,2025-03-03
NVDA,2025-03-04,D:\full-stack2\data\charts\NVDA\2025-03-04.png,2025-02-04,2025-03-04
NVDA,2025-03-05,D:\full-stack2\data\charts\NVDA\2025-03-05.png,2025-02-05,2025-03-05
NVDA,2025-03-06,D:\full-stack2\data\charts\NVDA\2025-03-06.png,2025-02-06,2025-03-06
NVDA,2025-03-07,D:\full-stack2\data\charts\NVDA\2025-03-07.png,2025-02-07,2025-03-07
NVDA,2025-03-10,D:\full-stack2\data\charts\NVDA\2025-03-10.png,2025-02-10,2025-03-10
NVDA,2025-03-11,D:\full-stack2\data\charts\NVDA\2025-03-11.png,2025-02-11,2025-03-11
NVDA,2025-03-12,D:\full-stack2\data\charts\NVDA\2025-03-12.png,2025-02-12,2025-03-12
NVDA,2025-03-13,D:\full-stack2\data\charts\NVDA\2025-03-13.png,2025-02-13,2025-03-13
NVDA,2025-03-14,D:\full-stack2\data\charts\NVDA\2025-03-14.png,2025-02-14,2025-03-14
NVDA,2025-03-17,D:\full-stack2\data\charts\NVDA\2025-03-17.png,2025-02-18,2025-03-17
NVDA,2025-03-18,D:\full-stack2\data\charts\NVDA\2025-03-18.png,2025-02-19,2025-03-18
NVDA,2025-03-19,D:\full-stack2\data\charts\NVDA\2025-03-19.png,2025-02-20,2025-03-19
NVDA,2025-03-20,D:\full-stack2\data\charts\NVDA\2025-03-20.png,2025-02-21,2025-03-20
NVDA,2025-03-21,D:\full-stack2\data\charts\NVDA\2025-03-21.png,2025-02-24,2025-03-21
NVDA,2025-03-24,D:\full-stack2\data\charts\NVDA\2025-03-24.png,2025-02-25,2025-03-24
NVDA,2025-03-25,D:\full-stack2\data\charts\NVDA\2025-03-25.png,2025-02-26,2025-03-25
NVDA,2025-03-26,D:\full-stack2\data\charts\NVDA\2025-03-26.png,2025-02-27,2025-03-26
NVDA,2025-03-27,D:\full-stack2\data\charts\NVDA\2025-03-27.png,2025-02-28,2025-03-27
NVDA,2025-03-28,D:\full-stack2\data\charts\NVDA\2025-03-28.png,2025-03-03,2025-03-28
NVDA,2025-03-31,D:\full-stack2\data\charts\NVDA\2025-03-31.png,2025-03-04,2025-03-31
NVDA,2025-04-01,D:\full-stack2\data\charts\NVDA\2025-04-01.png,2025-03-05,2025-04-01
NVDA,2025-04-02,D:\full-stack2\data\charts\NVDA\2025-04-02.png,2025-03-06,2025-04-02
NVDA,2025-04-03,D:\full-stack2\data\charts\NVDA\2025-04-03.png,2025-03-07,2025-04-03
NVDA,2025-04-04,D:\full-stack2\data\charts\NVDA\2025-04-04.png,2025-03-10,2025-04-04
NVDA,2025-04-07,D:\full-stack2\data\charts\NVDA\2025-04-07.png,2025-03-11,2025-04-07
NVDA,2025-04-08,D:\full-stack2\data\charts\NVDA\2025-04-08.png,2025-03-12,2025-04-08
NVDA,2025-04-09,D:\full-stack2\data\charts\NVDA\2025-04-09.png,2025-03-13,2025-04-09
NVDA,2025-04-10,D:\full-stack2\data\charts\NVDA\2025-04-10.png,2025-03-14,2025-04-10
NVDA,2025-04-11,D:\full-stack2\data\charts\NVDA\2025-04-11.png,2025-03-17,2025-04-11
NVDA,2025-04-14,D:\full-stack2\data\charts\NVDA\2025-04-14.png,2025-03-18,2025-04-14
NVDA,2025-04-15,D:\full-stack2\data\charts\NVDA\2025-04-15.png,2025-03-19,2025-04-15
NVDA,2025-04-16,D:\full-stack2\data\charts\NVDA\2025-04-16.png,2025-03-20,2025-04-16
NVDA,2025-04-17,D:\full-stack2\data\charts\NVDA\2025-04-17.png,2025-03-21,2025-04-17
NVDA,2025-04-21,D:\full-stack2\data\charts\NVDA\2025-04-21.png,2025-03-24,2025-04-21
NVDA,2025-04-22,D:\full-stack2\data\charts\NVDA\2025-04-22.png,2025-03-25,2025-04-22
NVDA,2025-04-23,D:\full-stack2\data\charts\NVDA\2025-04-23.png,2025-03-26,2025-04-23
NVDA,2025-04-24,D:\full-stack2\data\charts\NVDA\2025-04-24.png,2025-03-27,2025-04-24
NVDA,2025-04-25,D:\full-stack2\data\charts\NVDA\2025-04-25.png,2025-03-28,2025-04-25
NVDA,2025-04-28,D:\full-stack2\data\charts\NVDA\2025-04-28.png,2025-03-31,2025-04-28
NVDA,2025-04-29,D:\full-stack2\data\charts\NVDA\2025-04-29.png,2025-04-01,2025-04-29
NVDA,2025-04-30,D:\full-stack2\data\charts\NVDA\2025-04-30.png,2025-04-02,2025-04-30
NVDA,2025-05-01,D:\full-stack2\data\charts\NVDA\2025-05-01.png,2025-04-03,2025-05-01
NVDA,2025-05-02,D:\full-stack2\data\charts\NVDA\2025-05-02.png,2025-04-04,2025-05-02
NVDA,2025-05-05,D:\full-stack2\data\charts\NVDA\2025-05-05.png,2025-04-07,2025-05-05
NVDA,2025-05-06,D:\full-stack2\data\charts\NVDA\2025-05-06.png,2025-04-08,2025-05-06
NVDA,2025-05-07,D:\full-stack2\data\charts\NVDA\2025-05-07.png,2025-04-09,2025-05-07
NVDA,2025-05-08,D:\full-stack2\data\charts\NVDA\2025-05-08.png,2025-04-10,2025-05-08
NVDA,2025-05-09,D:\full-stack2\data\charts\NVDA\2025-05-09.png,2025-04-11,2025-05-09
NVDA,2025-05-12,D:\full-stack2\data\charts\NVDA\2025-05-12.png,2025-04-14,2025-05-12
NVDA,2025-05-13,D:\full-stack2\data\charts\NVDA\2025-05-13.png,2025-04-15,2025-05-13
NVDA,2025-05-14,D:\full-stack2\data\charts\NVDA\2025-05-14.png,2025-04-16,2025-05-14
NVDA,2025-05-15,D:\full-stack2\data\charts\NVDA\2025-05-15.png,2025-04-17,2025-05-15
NVDA,2025-05-16,D:\full-stack2\data\charts\NVDA\2025-05-16.png,2025-04-21,2025-05-16
NVDA,2025-05-19,D:\full-stack2\data\charts\NVDA\2025-05-19.png,2025-04-22,2025-05-19
NVDA,2025-05-20,D:\full-stack2\data\charts\NVDA\2025-05-20.png,2025-04-23,2025-05-20
NVDA,2025-05-21,D:\full-stack2\data\charts\NVDA\2025-05-21.png,2025-04-24,2025-05-21
NVDA,2025-05-22,D:\full-stack2\data\charts\NVDA\2025-05-22.png,2025-04-25,2025-05-22
NVDA,2025-05-23,D:\full-stack2\data\charts\NVDA\2025-05-23.png,2025-04-28,2025-05-23
NVDA,2025-05-27,D:\full-stack2\data\charts\NVDA\2025-05-27.png,2025-04-29,2025-05-27
NVDA,2025-05-28,D:\full-stack2\data\charts\NVDA\2025-05-28.png,2025-04-30,2025-05-28
NVDA,2025-05-29,D:\full-stack2\data\charts\NVDA\2025-05-29.png,2025-05-01,2025-05-29
NVDA,2025-05-30,D:\full-stack2\data\charts\NVDA\2025-05-30.png,2025-05-02,2025-05-30
NVDA,2025-06-02,D:\full-stack2\data\charts\NVDA\2025-06-02.png,2025-05-05,2025-06-02
NVDA,2025-06-03,D:\full-stack2\data\charts\NVDA\2025-06-03.png,2025-05-06,2025-06-03
NVDA,2025-06-04,D:\full-stack2\data\charts\NVDA\2025-06-04.png,2025-05-07,2025-06-04
NVDA,2025-06-05,D:\full-stack2\data\charts\NVDA\2025-06-05.png,2025-05-08,2025-06-05
NVDA,2025-06-06,D:\full-stack2\data\charts\NVDA\2025-06-06.png,2025-05-09,2025-06-06
NVDA,2025-06-09,D:\full-stack2\data\charts\NVDA\2025-06-09.png,2025-05-12,2025-06-09
NVDA,2025-06-10,D:\full-stack2\data\charts\NVDA\2025-06-10.png,2025-05-13,2025-06-10
NVDA,2025-06-11,D:\full-stack2\data\charts\NVDA\2025-06-11.png,2025-05-14,2025-06-11
NVDA,2025-06-12,D:\full-stack2\data\charts\NVDA\2025-06-12.png,2025-05-15,2025-06-12
NVDA,2025-06-13,D:\full-stack2\data\charts\NVDA\2025-06-13.png,2025-05-16,2025-06-13
NVDA,2025-06-16,D:\full-stack2\data\charts\NVDA\2025-06-16.png,2025-05-19,2025-06-16
NVDA,2025-06-17,D:\full-stack2\data\charts\NVDA\2025-06-17.png,2025-05-20,2025-06-17
NVDA,2025-06-18,D:\full-stack2\data\charts\NVDA\2025-06-18.png,2025-05-21,2025-06-18
NVDA,2025-06-20,D:\full-stack2\data\charts\NVDA\2025-06-20.png,2025-05-22,2025-06-20
NVDA,2025-06-23,D:\full-stack2\data\charts\NVDA\2025-06-23.png,2025-05-23,2025-06-23
NVDA,2025-06-24,D:\full-stack2\data\charts\NVDA\2025-06-24.png,2025-05-27,2025-06-24
NVDA,2025-06-25,D:\full-stack2\data\charts\NVDA\2025-06-25.png,2025-05-28,2025-06-25
NVDA,2025-06-26,D:\full-stack2\data\charts\NVDA\2025-06-26.png,2025-05-29,2025-06-26
NVDA,2025-06-27,D:\full-stack2\data\charts\NVDA\2025-06-27.png,2025-05-30,2025-06-27
NVDA,2025-06-30,D:\full-stack2\data\charts\NVDA\2025-06-30.png,2025-06-02,2025-06-30
NVDA,2025-07-01,D:\full-stack2\data\charts\NVDA\2025-07-01.png,2025-06-03,2025-07-01
NVDA,2025-07-02,D:\full-stack2\data\charts\NVDA\2025-07-02.png,2025-06-04,2025-07-02
NVDA,2025-07-03,D:\full-stack2\data\charts\NVDA\2025-07-03.png,2025-06-05,2025-07-03
NVDA,2025-07-07,D:\full-stack2\data\charts\NVDA\2025-07-07.png,2025-06-06,2025-07-07
NVDA,2025-07-08,D:\full-stack2\data\charts\NVDA\2025-07-08.png,2025-06-09,2025-07-08
NVDA,2025-07-09,D:\full-stack2\data\charts\NVDA\2025-07-09.png,2025-06-10,2025-07-09
NVDA,2025-07-10,D:\full-stack2\data\charts\NVDA\2025-07-10.png,2025-06-11,2025-07-10
NVDA,2025-07-11,D:\full-stack2\data\charts\NVDA\2025-07-11.png,2025-06-12,2025-07-11
NVDA,2025-07-14,D:\full-stack2\data\charts\NVDA\2025-07-14.png,2025-06-13,2025-07-14
NVDA,2025-07-15,D:\full-stack2\data\charts\NVDA\2025-07-15.png,2025-06-16,2025-07-15
NVDA,2025-07-16,D:\full-stack2\data\charts\NVDA\2025-07-16.png,2025-06-17,2025-07-16
NVDA,2025-07-17,D:\full-stack2\data\charts\NVDA\2025-07-17.png,2025-06-18,2025-07-17
NVDA,2025-07-18,D:\full-stack2\data\charts\NVDA\2025-07-18.png,2025-06-20,2025-07-18
NVDA,2025-07-21,D:\full-stack2\data\charts\NVDA\2025-07-21.png,2025-06-23,2025-07-21
NVDA,2025-07-22,D:\full-stack2\data\charts\NVDA\2025-07-22.png,2025-06-24,2025-07-22
NVDA,2025-07-23,D:\full-stack2\data\charts\NVDA\2025-07-23.png,2025-06-25,2025-07-23
NVDA,2025-07-24,D:\full-stack2\data\charts\NVDA\2025-07-24.png,2025-06-26,2025-07-24
NVDA,2025-07-25,D:\full-stack2\data\charts\NVDA\2025-07-25.png,2025-06-27,2025-07-25
NVDA,2025-07-28,D:\full-stack2\data\charts\NVDA\2025-07-28.png,2025-06-30,2025-07-28
NVDA,2025-07-29,D:\full-stack2\data\charts\NVDA\2025-07-29.png,2025-07-01,2025-07-29
NVDA,2025-07-30,D:\full-stack2\data\charts\NVDA\2025-07-30.png,2025-07-02,2025-07-30
NVDA,2025-07-31,D:\full-stack2\data\charts\NVDA\2025-07-31.png,2025-07-03,2025-07-31
NVDA,2025-08-01,D:\full-stack2\data\charts\NVDA\2025-08-01.png,2025-07-07,2025-08-01
NVDA,2025-08-04,D:\full-stack2\data\charts\NVDA\2025-08-04.png,2025-07-08,2025-08-04
NVDA,2025-08-05,D:\full-stack2\data\charts\NVDA\2025-08-05.png,2025-07-09,2025-08-05
NVDA,2025-08-06,D:\full-stack2\data\charts\NVDA\2025-08-06.png,2025-07-10,2025-08-06
NVDA,2025-08-07,D:\full-stack2\data\charts\NVDA\2025-08-07.png,2025-07-11,2025-08-07
NVDA,2025-08-08,D:\full-stack2\data\charts\NVDA\2025-08-08.png,2025-07-14,2025-08-08
NVDA,2025-08-11,D:\full-stack2\data\charts\NVDA\2025-08-11.png,2025-07-15,2025-08-11
NVDA,2025-08-12,D:\full-stack2\data\charts\NVDA\2025-08-12.png,2025-07-16,2025-08-12
NVDA,2025-08-13,D:\full-stack2\data\charts\NVDA\2025-08-13.png,2025-07-17,2025-08-13
NVDA,2025-08-14,D:\full-stack2\data\charts\NVDA\2025-08-14.png,2025-07-18,2025-08-14
NVDA,2025-08-15,D:\full-stack2\data\charts\NVDA\2025-08-15.png,2025-07-21,2025-08-15
NVDA,2025-08-18,D:\full-stack2\data\charts\NVDA\2025-08-18.png,2025-07-22,2025-08-18
NVDA,2025-08-19,D:\full-stack2\data\charts\NVDA\2025-08-19.png,2025-07-23,2025-08-19
NVDA,2025-08-20,D:\full-stack2\data\charts\NVDA\2025-08-20.png,2025-07-24,2025-08-20
NVDA,2025-08-21,D:\full-stack2\data\charts\NVDA\2025-08-21.png,2025-07-25,2025-08-21
NVDA,2025-08-22,D:\full-stack2\data\charts\NVDA\2025-08-22.png,2025-07-28,2025-08-22
NVDA,2025-08-25,D:\full-stack2\data\charts\NVDA\2025-08-25.png,2025-07-29,2025-08-25
NVDA,2025-08-26,D:\full-stack2\data\charts\NVDA\2025-08-26.png,2025-07-30,2025-08-26
NVDA,2025-08-27,D:\full-stack2\data\charts\NVDA\2025-08-27.png,2025-07-31,2025-08-27
NVDA,2025-08-28,D:\full-stack2\data\charts\NVDA\2025-08-28.png,2025-08-01,2025-08-28
NVDA,2025-08-29,D:\full-stack2\data\charts\NVDA\2025-08-29.png,2025-08-04,2025-08-29
NVDA,2025-09-02,D:\full-stack2\data\charts\NVDA\2025-09-02.png,2025-08-05,2025-09-02
NVDA,2025-09-03,D:\full-stack2\data\charts\NVDA\2025-09-03.png,2025-08-06,2025-09-03
NVDA,2025-09-04,D:\full-stack2\data\charts\NVDA\2025-09-04.png,2025-08-07,2025-09-04
NVDA,2025-09-05,D:\full-stack2\data\charts\NVDA\2025-09-05.png,2025-08-08,2025-09-05
NVDA,2025-09-08,D:\full-stack2\data\charts\NVDA\2025-09-08.png,2025-08-11,2025-09-08
NVDA,2025-09-09,D:\full-stack2\data\charts\NVDA\2025-09-09.png,2025-08-12,2025-09-09
NVDA,2025-09-10,D:\full-stack2\data\charts\NVDA\2025-09-10.png,2025-08-13,2025-09-10
NVDA,2025-09-11,D:\full-stack2\data\charts\NVDA\2025-09-11.png,2025-08-14,2025-09-11
NVDA,2025-09-12,D:\full-stack2\data\charts\NVDA\2025-09-12.png,2025-08-15,2025-09-12
NVDA,2025-09-15,D:\full-stack2\data\charts\NVDA\2025-09-15.png,2025-08-18,2025-09-15
NVDA,2025-09-16,D:\full-stack2\data\charts\NVDA\2025-09-16.png,2025-08-19,2025-09-16
NVDA,2025-09-17,D:\full-stack2\data\charts\NVDA\2025-09-17.png,2025-08-20,2025-09-17
NVDA,2025-09-18,D:\full-stack2\data\charts\NVDA\2025-09-18.png,2025-08-21,2025-09-18
NVDA,2025-09-19,D:\full-stack2\data\charts\NVDA\2025-09-19.png,2025-08-22,2025-09-19
NVDA,2025-09-22,D:\full-stack2\data\charts\NVDA\2025-09-22.png,2025-08-25,2025-09-22
NVDA,2025-09-23,D:\full-stack2\data\charts\NVDA\2025-09-23.png,2025-08-26,2025-09-23
NVDA,2025-09-24,D:\full-stack2\data\charts\NVDA\2025-09-24.png,2025-08-27,2025-09-24
NVDA,2025-09-25,D:\full-stack2\data\charts\NVDA\2025-09-25.png,2025-08-28,2025-09-25
NVDA,2025-09-26,D:\full-stack2\data\charts\NVDA\2025-09-26.png,2025-08-29,2025-09-26
NVDA,2025-09-29,D:\full-stack2\data\charts\NVDA\2025-09-29.png,2025-09-02,2025-09-29
NVDA,2025-09-30,D:\full-stack2\data\charts\NVDA\2025-09-30.png,2025-09-03,2025-09-30
NVDA,2025-10-01,D:\full-stack2\data\charts\NVDA\2025-10-01.png,2025-09-04,2025-10-01
NVDA,2025-10-02,D:\full-stack2\data\charts\NVDA\2025-10-02.png,2025-09-05,2025-10-02
NVDA,2025-10-03,D:\full-stack2\data\charts\NVDA\2025-10-03.png,2025-09-08,2025-10-03
NVDA,2025-10-06,D:\full-stack2\data\charts\NVDA\2025-10-06.png,2025-09-09,2025-10-06
NVDA,2025-10-07,D:\full-stack2\data\charts\NVDA\2025-10-07.png,2025-09-10,2025-10-07
NVDA,2025-10-08,D:\full-stack2\data\charts\NVDA\2025-10-08.png,2025-09-11,2025-10-08
NVDA,2025-10-09,D:\full-stack2\data\charts\NVDA\2025-10-09.png,2025-09-12,2025-10-09
NVDA,2025-10-10,D:\full-stack2\data\charts\NVDA\2025-10-10.png,2025-09-15,2025-10-10
NVDA,2025-10-13,D:\full-stack2\data\charts\NVDA\2025-10-13.png,2025-09-16,2025-10-13
NVDA,2025-10-14,D:\full-stack2\data\charts\NVDA\2025-10-14.png,2025-09-17,2025-10-14
NVDA,2025-10-15,D:\full-stack2\data\charts\NVDA\2025-10-15.png,2025-09-18,2025-10-15
NVDA,2025-10-16,D:\full-stack2\data\charts\NVDA\2025-10-16.png,2025-09-19,2025-10-16
NVDA,2025-10-17,D:\full-stack2\data\charts\NVDA\2025-10-17.png,2025-09-22,2025-10-17
NVDA,2025-10-20,D:\full-stack2\data\charts\NVDA\2025-10-20.png,2025-09-23,2025-10-20
NVDA,2025-10-21,D:\full-stack2\data\charts\NVDA\2025-10-21.png,2025-09-24,2025-10-21
NVDA,2025-10-22,D:\full-stack2\data\charts\NVDA\2025-10-22.png,2025-09-25,2025-10-22
NVDA,2025-10-23,D:\full-stack2\data\charts\NVDA\2025-10-23.png,2025-09-26,2025-10-23
NVDA,2025-10-24,D:\full-stack2\data\charts\NVDA\2025-10-24.png,2025-09-29,2025-10-24
NVDA,2025-10-27,D:\full-stack2\data\charts\NVDA\2025-10-27.png,2025-09-30,2025-10-27
NVDA,2025-10-28,D:\full-stack2\data\charts\NVDA\2025-10-28.png,2025-10-01,2025-10-28
NVDA,2025-10-29,D:\full-stack2\data\charts\NVDA\2025-10-29.png,2025-10-02,2025-10-29
NVDA,2025-10-30,D:\full-stack2\data\charts\NVDA\2025-10-30.png,2025-10-03,2025-10-30
NVDA,2025-10-31,D:\full-stack2\data\charts\NVDA\2025-10-31.png,2025-10-06,2025-10-31
NVDA,2025-11-03,D:\full-stack2\data\charts\NVDA\2025-11-03.png,2025-10-07,2025-11-03
NVDA,2025-11-04,D:\full-stack2\data\charts\NVDA\2025-11-04.png,2025-10-08,2025-11-04
NVDA,2025-11-05,D:\full-stack2\data\charts\NVDA\2025-11-05.png,2025-10-09,2025-11-05
NVDA,2025-11-06,D:\full-stack2\data\charts\NVDA\2025-11-06.png,2025-10-10,2025-11-06
NVDA,2025-11-07,D:\full-stack2\data\charts\NVDA\2025-11-07.png,2025-10-13,2025-11-07
NVDA,2025-11-10,D:\full-stack2\data\charts\NVDA\2025-11-10.png,2025-10-14,2025-11-10
NVDA,2025-11-11,D:\full-stack2\data\charts\NVDA\2025-11-11.png,2025-10-15,2025-11-11
NVDA,2025-11-12,D:\full-stack2\data\charts\NVDA\2025-11-12.png,2025-10-16,2025-11-12
NVDA,2025-11-13,D:\full-stack2\data\charts\NVDA\2025-11-13.png,2025-10-17,2025-11-13
NVDA,2025-11-14,D:\full-stack2\data\charts\NVDA\2025-11-14.png,2025-10-20,2025-11-14
NVDA,2025-11-17,D:\full-stack2\data\charts\NVDA\2025-11-17.png,2025-10-21,2025-11-17
NVDA,2025-11-18,D:\full-stack2\data\charts\NVDA\2025-11-18.png,2025-10-22,2025-11-18
NVDA,2025-11-19,D:\full-stack2\data\charts\NVDA\2025-11-19.png,2025-10-23,2025-11-19
NVDA,2025-11-20,D:\full-stack2\data\charts\NVDA\2025-11-20.png,2025-10-24,2025-11-20
NVDA,2025-11-21,D:\full-stack2\data\charts\NVDA\2025-11-21.png,2025-10-27,2025-11-21
NVDA,2025-11-24,D:\full-stack2\data\charts\NVDA\2025-11-24.png,2025-10-28,2025-11-24
NVDA,2025-11-25,D:\full-stack2\data\charts\NVDA\2025-11-25.png,2025-10-29,2025-11-25
NVDA,2025-11-26,D:\full-stack2\data\charts\NVDA\2025-11-26.png,2025-10-30,2025-11-26
NVDA,2025-11-28,D:\full-stack2\data\charts\NVDA\2025-11-28.png,2025-10-31,2025-11-28
NVDA,2025-12-01,D:\full-stack2\data\charts\NVDA\2025-12-01.png,2025-11-03,2025-12-01
NVDA,2025-12-02,D:\full-stack2\data\charts\NVDA\2025-12-02.png,2025-11-04,2025-12-02
NVDA,2025-12-03,D:\full-stack2\data\charts\NVDA\2025-12-03.png,2025-11-05,2025-12-03
NVDA,2025-12-04,D:\full-stack2\data\charts\NVDA\2025-12-04.png,2025-11-06,2025-12-04
NVDA,2025-12-05,D:\full-stack2\data\charts\NVDA\2025-12-05.png,2025-11-07,2025-12-05
NVDA,2025-12-08,D:\full-stack2\data\charts\NVDA\2025-12-08.png,2025-11-10,2025-12-08
NVDA,2025-12-09,D:\full-stack2\data\charts\NVDA\2025-12-09.png,2025-11-11,2025-12-09
NVDA,2025-12-10,D:\full-stack2\data\charts\NVDA\2025-12-10.png,2025-11-12,2025-12-10
NVDA,2025-12-11,D:\full-stack2\data\charts\NVDA\2025-12-11.png,2025-11-13,2025-12-11
NVDA,2025-12-12,D:\full-stack2\data\charts\NVDA\2025-12-12.png,2025-11-14,2025-12-12
NVDA,2025-12-15,D:\full-stack2\data\charts\NVDA\2025-12-15.png,2025-11-17,2025-12-15
NVDA,2025-12-16,D:\full-stack2\data\charts\NVDA\2025-12-16.png,2025-11-18,2025-12-16
NVDA,2025-12-17,D:\full-stack2\data\charts\NVDA\2025-12-17.png,2025-11-19,2025-12-17
NVDA,2025-12-18,D:\full-stack2\data\charts\NVDA\2025-12-18.png,2025-11-20,2025-12-18
NVDA,2025-12-19,D:\full-stack2\data\charts\NVDA\2025-12-19.png,2025-11-21,2025-12-19
NVDA,2025-12-22,D:\full-stack2\data\charts\NVDA\2025-12-22.png,2025-11-24,2025-12-22
NVDA,2025-12-23,D:\full-stack2\data\charts\NVDA\2025-12-23.png,2025-11-25,2025-12-23
NVDA,2025-12-24,D:\full-stack2\data\charts\NVDA\2025-12-24.png,2025-11-26,2025-12-24
NVDA,2025-12-26,D:\full-stack2\data\charts\NVDA\2025-12-26.png,2025-11-28,2025-12-26
NVDA,2025-12-29,D:\full-stack2\data\charts\NVDA\2025-12-29.png,2025-12-01,2025-12-29
META,2022-01-31,D:\full-stack2\data\charts\META\2022-01-31.png,2022-01-03,2022-01-31
META,2022-02-01,D:\full-stack2\data\charts\META\2022-02-01.png,2022-01-04,2022-02-01
META,2022-02-02,D:\full-stack2\data\charts\META\2022-02-02.png,2022-01-05,2022-02-02
META,2022-02-03,D:\full-stack2\data\charts\META\2022-02-03.png,2022-01-06,2022-02-03
META,2022-02-04,D:\full-stack2\data\charts\META\2022-02-04.png,2022-01-07,2022-02-04
META,2022-02-07,D:\full-stack2\data\charts\META\2022-02-07.png,2022-01-10,2022-02-07
META,2022-02-08,D:\full-stack2\data\charts\META\2022-02-08.png,2022-01-11,2022-02-08
META,2022-02-09,D:\full-stack2\data\charts\META\2022-02-09.png,2022-01-12,2022-02-09
META,2022-02-10,D:\full-stack2\data\charts\META\2022-02-10.png,2022-01-13,2022-02-10
META,2022-02-11,D:\full-stack2\data\charts\META\2022-02-11.png,2022-01-14,2022-02-11
META,2022-02-14,D:\full-stack2\data\charts\META\2022-02-14.png,2022-01-18,2022-02-14
META,2022-02-15,D:\full-stack2\data\charts\META\2022-02-15.png,2022-01-19,2022-02-15
META,2022-02-16,D:\full-stack2\data\charts\META\2022-02-16.png,2022-01-20,2022-02-16
META,2022-02-17,D:\full-stack2\data\charts\META\2022-02-17.png,2022-01-21,2022-02-17
META,2022-02-18,D:\full-stack2\data\charts\META\2022-02-18.png,2022-01-24,2022-02-18
META,2022-02-22,D:\full-stack2\data\charts\META\2022-02-22.png,2022-01-25,2022-02-22
META,2022-02-23,D:\full-stack2\data\charts\META\2022-02-23.png,2022-01-26,2022-02-23
META,2022-02-24,D:\full-stack2\data\charts\META\2022-02-24.png,2022-01-27,2022-02-24
META,2022-02-25,D:\full-stack2\data\charts\META\2022-02-25.png,2022-01-28,2022-02-25
META,2022-02-28,D:\full-stack2\data\charts\META\2022-02-28.png,2022-01-31,2022-02-28
META,2022-03-01,D:\full-stack2\data\charts\META\2022-03-01.png,2022-02-01,2022-03-01
META,2022-03-02,D:\full-stack2\data\charts\META\2022-03-02.png,2022-02-02,2022-03-02
META,2022-03-03,D:\full-stack2\data\charts\META\2022-03-03.png,2022-02-03,2022-03-03
META,2022-03-04,D:\full-stack2\data\charts\META\2022-03-04.png,2022-02-04,2022-03-04
META,2022-03-07,D:\full-stack2\data\charts\META\2022-03-07.png,2022-02-07,2022-03-07
META,2022-03-08,D:\full-stack2\data\charts\META\2022-03-08.png,2022-02-08,2022-03-08
META,2022-03-09,D:\full-stack2\data\charts\META\2022-03-09.png,2022-02-09,2022-03-09
META,2022-03-10,D:\full-stack2\data\charts\META\2022-03-10.png,2022-02-10,2022-03-10
META,2022-03-11,D:\full-stack2\data\charts\META\2022-03-11.png,2022-02-11,2022-03-11
META,2022-03-14,D:\full-stack2\data\charts\META\2022-03-14.png,2022-02-14,2022-03-14
META,2022-03-15,D:\full-stack2\data\charts\META\2022-03-15.png,2022-02-15,2022-03-15
META,2022-03-16,D:\full-stack2\data\charts\META\2022-03-16.png,2022-02-16,2022-03-16
META,2022-03-17,D:\full-stack2\data\charts\META\2022-03-17.png,2022-02-17,2022-03-17
META,2022-03-18,D:\full-stack2\data\charts\META\2022-03-18.png,2022-02-18,2022-03-18
META,2022-03-21,D:\full-stack2\data\charts\META\2022-03-21.png,2022-02-22,2022-03-21
META,2022-03-22,D:\full-stack2\data\charts\META\2022-03-22.png,2022-02-23,2022-03-22
META,2022-03-23,D:\full-stack2\data\charts\META\2022-03-23.png,2022-02-24,2022-03-23
META,2022-03-24,D:\full-stack2\data\charts\META\2022-03-24.png,2022-02-25,2022-03-24
META,2022-03-25,D:\full-stack2\data\charts\META\2022-03-25.png,2022-02-28,2022-03-25
META,2022-03-28,D:\full-stack2\data\charts\META\2022-03-28.png,2022-03-01,2022-03-28
META,2022-03-29,D:\full-stack2\data\charts\META\2022-03-29.png,2022-03-02,2022-03-29
META,2022-03-30,D:\full-stack2\data\charts\META\2022-03-30.png,2022-03-03,2022-03-30
META,2022-03-31,D:\full-stack2\data\charts\META\2022-03-31.png,2022-03-04,2022-03-31
META,2022-04-01,D:\full-stack2\data\charts\META\2022-04-01.png,2022-03-07,2022-04-01
META,2022-04-04,D:\full-stack2\data\charts\META\2022-04-04.png,2022-03-08,2022-04-04
META,2022-04-05,D:\full-stack2\data\charts\META\2022-04-05.png,2022-03-09,2022-04-05
META,2022-04-06,D:\full-stack2\data\charts\META\2022-04-06.png,2022-03-10,2022-04-06
META,2022-04-07,D:\full-stack2\data\charts\META\2022-04-07.png,2022-03-11,2022-04-07
META,2022-04-08,D:\full-stack2\data\charts\META\2022-04-08.png,2022-03-14,2022-04-08
META,2022-04-11,D:\full-stack2\data\charts\META\2022-04-11.png,2022-03-15,2022-04-11
META,2022-04-12,D:\full-stack2\data\charts\META\2022-04-12.png,2022-03-16,2022-04-12
META,2022-04-13,D:\full-stack2\data\charts\META\2022-04-13.png,2022-03-17,2022-04-13
META,2022-04-14,D:\full-stack2\data\charts\META\2022-04-14.png,2022-03-18,2022-04-14
META,2022-04-18,D:\full-stack2\data\charts\META\2022-04-18.png,2022-03-21,2022-04-18
META,2022-04-19,D:\full-stack2\data\charts\META\2022-04-19.png,2022-03-22,2022-04-19
META,2022-04-20,D:\full-stack2\data\charts\META\2022-04-20.png,2022-03-23,2022-04-20
META,2022-04-21,D:\full-stack2\data\charts\META\2022-04-21.png,2022-03-24,2022-04-21
META,2022-04-22,D:\full-stack2\data\charts\META\2022-04-22.png,2022-03-25,2022-04-22
META,2022-04-25,D:\full-stack2\data\charts\META\2022-04-25.png,2022-03-28,2022-04-25
META,2022-04-26,D:\full-stack2\data\charts\META\2022-04-26.png,2022-03-29,2022-04-26
META,2022-04-27,D:\full-stack2\data\charts\META\2022-04-27.png,2022-03-30,2022-04-27
META,2022-04-28,D:\full-stack2\data\charts\META\2022-04-28.png,2022-03-31,2022-04-28
META,2022-04-29,D:\full-stack2\data\charts\META\2022-04-29.png,2022-04-01,2022-04-29
META,2022-05-02,D:\full-stack2\data\charts\META\2022-05-02.png,2022-04-04,2022-05-02
META,2022-05-03,D:\full-stack2\data\charts\META\2022-05-03.png,2022-04-05,2022-05-03
META,2022-05-04,D:\full-stack2\data\charts\META\2022-05-04.png,2022-04-06,2022-05-04
META,2022-05-05,D:\full-stack2\data\charts\META\2022-05-05.png,2022-04-07,2022-05-05
META,2022-05-06,D:\full-stack2\data\charts\META\2022-05-06.png,2022-04-08,2022-05-06
META,2022-05-09,D:\full-stack2\data\charts\META\2022-05-09.png,2022-04-11,2022-05-09
META,2022-05-10,D:\full-stack2\data\charts\META\2022-05-10.png,2022-04-12,2022-05-10
META,2022-05-11,D:\full-stack2\data\charts\META\2022-05-11.png,2022-04-13,2022-05-11
META,2022-05-12,D:\full-stack2\data\charts\META\2022-05-12.png,2022-04-14,2022-05-12
META,2022-05-13,D:\full-stack2\data\charts\META\2022-05-13.png,2022-04-18,2022-05-13
META,2022-05-16,D:\full-stack2\data\charts\META\2022-05-16.png,2022-04-19,2022-05-16
META,2022-05-17,D:\full-stack2\data\charts\META\2022-05-17.png,2022-04-20,2022-05-17
META,2022-05-18,D:\full-stack2\data\charts\META\2022-05-18.png,2022-04-21,2022-05-18
META,2022-05-19,D:\full-stack2\data\charts\META\2022-05-19.png,2022-04-22,2022-05-19
META,2022-05-20,D:\full-stack2\data\charts\META\2022-05-20.png,2022-04-25,2022-05-20
META,2022-05-23,D:\full-stack2\data\charts\META\2022-05-23.png,2022-04-26,2022-05-23
META,2022-05-24,D:\full-stack2\data\charts\META\2022-05-24.png,2022-04-27,2022-05-24
META,2022-05-25,D:\full-stack2\data\charts\META\2022-05-25.png,2022-04-28,2022-05-25
META,2022-05-26,D:\full-stack2\data\charts\META\2022-05-26.png,2022-04-29,2022-05-26
META,2022-05-27,D:\full-stack2\data\charts\META\2022-05-27.png,2022-05-02,2022-05-27
META,2022-05-31,D:\full-stack2\data\charts\META\2022-05-31.png,2022-05-03,2022-05-31
META,2022-06-01,D:\full-stack2\data\charts\META\2022-06-01.png,2022-05-04,2022-06-01
META,2022-06-02,D:\full-stack2\data\charts\META\2022-06-02.png,2022-05-05,2022-06-02
META,2022-06-03,D:\full-stack2\data\charts\META\2022-06-03.png,2022-05-06,2022-06-03
META,2022-06-06,D:\full-stack2\data\charts\META\2022-06-06.png,2022-05-09,2022-06-06
META,2022-06-07,D:\full-stack2\data\charts\META\2022-06-07.png,2022-05-10,2022-06-07
META,2022-06-08,D:\full-stack2\data\charts\META\2022-06-08.png,2022-05-11,2022-06-08
META,2022-06-09,D:\full-stack2\data\charts\META\2022-06-09.png,2022-05-12,2022-06-09
META,2022-06-10,D:\full-stack2\data\charts\META\2022-06-10.png,2022-05-13,2022-06-10
META,2022-06-13,D:\full-stack2\data\charts\META\2022-06-13.png,2022-05-16,2022-06-13
META,2022-06-14,D:\full-stack2\data\charts\META\2022-06-14.png,2022-05-17,2022-06-14
META,2022-06-15,D:\full-stack2\data\charts\META\2022-06-15.png,2022-05-18,2022-06-15
META,2022-06-16,D:\full-stack2\data\charts\META\2022-06-16.png,2022-05-19,2022-06-16
META,2022-06-17,D:\full-stack2\data\charts\META\2022-06-17.png,2022-05-20,2022-06-17
META,2022-06-21,D:\full-stack2\data\charts\META\2022-06-21.png,2022-05-23,2022-06-21
META,2022-06-22,D:\full-stack2\data\charts\META\2022-06-22.png,2022-05-24,2022-06-22
META,2022-06-23,D:\full-stack2\data\charts\META\2022-06-23.png,2022-05-25,2022-06-23
META,2022-06-24,D:\full-stack2\data\charts\META\2022-06-24.png,2022-05-26,2022-06-24
META,2022-06-27,D:\full-stack2\data\charts\META\2022-06-27.png,2022-05-27,2022-06-27
META,2022-06-28,D:\full-stack2\data\charts\META\2022-06-28.png,2022-05-31,2022-06-28
META,2022-06-29,D:\full-stack2\data\charts\META\2022-06-29.png,2022-06-01,2022-06-29
META,2022-06-30,D:\full-stack2\data\charts\META\2022-06-30.png,2022-06-02,2022-06-30
META,2022-07-01,D:\full-stack2\data\charts\META\2022-07-01.png,2022-06-03,2022-07-01
META,2022-07-05,D:\full-stack2\data\charts\META\2022-07-05.png,2022-06-06,2022-07-05
META,2022-07-06,D:\full-stack2\data\charts\META\2022-07-06.png,2022-06-07,2022-07-06
META,2022-07-07,D:\full-stack2\data\charts\META\2022-07-07.png,2022-06-08,2022-07-07
META,2022-07-08,D:\full-stack2\data\charts\META\2022-07-08.png,2022-06-09,2022-07-08
META,2022-07-11,D:\full-stack2\data\charts\META\2022-07-11.png,2022-06-10,2022-07-11
META,2022-07-12,D:\full-stack2\data\charts\META\2022-07-12.png,2022-06-13,2022-07-12
META,2022-07-13,D:\full-stack2\data\charts\META\2022-07-13.png,2022-06-14,2022-07-13
META,2022-07-14,D:\full-stack2\data\charts\META\2022-07-14.png,2022-06-15,2022-07-14
META,2022-07-15,D:\full-stack2\data\charts\META\2022-07-15.png,2022-06-16,2022-07-15
META,2022-07-18,D:\full-stack2\data\charts\META\2022-07-18.png,2022-06-17,2022-07-18
META,2022-07-19,D:\full-stack2\data\charts\META\2022-07-19.png,2022-06-21,2022-07-19
META,2022-07-20,D:\full-stack2\data\charts\META\2022-07-20.png,2022-06-22,2022-07-20
META,2022-07-21,D:\full-stack2\data\charts\META\2022-07-21.png,2022-06-23,2022-07-21
META,2022-07-22,D:\full-stack2\data\charts\META\2022-07-22.png,2022-06-24,2022-07-22
META,2022-07-25,D:\full-stack2\data\charts\META\2022-07-25.png,2022-06-27,2022-07-25
META,2022-07-26,D:\full-stack2\data\charts\META\2022-07-26.png,2022-06-28,2022-07-26
META,2022-07-27,D:\full-stack2\data\charts\META\2022-07-27.png,2022-06-29,2022-07-27
META,2022-07-28,D:\full-stack2\data\charts\META\2022-07-28.png,2022-06-30,2022-07-28
META,2022-07-29,D:\full-stack2\data\charts\META\2022-07-29.png,2022-07-01,2022-07-29
META,2022-08-01,D:\full-stack2\data\charts\META\2022-08-01.png,2022-07-05,2022-08-01
META,2022-08-02,D:\full-stack2\data\charts\META\2022-08-02.png,2022-07-06,2022-08-02
META,2022-08-03,D:\full-stack2\data\charts\META\2022-08-03.png,2022-07-07,2022-08-03
META,2022-08-04,D:\full-stack2\data\charts\META\2022-08-04.png,2022-07-08,2022-08-04
META,2022-08-05,D:\full-stack2\data\charts\META\2022-08-05.png,2022-07-11,2022-08-05
META,2022-08-08,D:\full-stack2\data\charts\META\2022-08-08.png,2022-07-12,2022-08-08
META,2022-08-09,D:\full-stack2\data\charts\META\2022-08-09.png,2022-07-13,2022-08-09
META,2022-08-10,D:\full-stack2\data\charts\META\2022-08-10.png,2022-07-14,2022-08-10
META,2022-08-11,D:\full-stack2\data\charts\META\2022-08-11.png,2022-07-15,2022-08-11
META,2022-08-12,D:\full-stack2\data\charts\META\2022-08-12.png,2022-07-18,2022-08-12
META,2022-08-15,D:\full-stack2\data\charts\META\2022-08-15.png,2022-07-19,2022-08-15
META,2022-08-16,D:\full-stack2\data\charts\META\2022-08-16.png,2022-07-20,2022-08-16
META,2022-08-17,D:\full-stack2\data\charts\META\2022-08-17.png,2022-07-21,2022-08-17
META,2022-08-18,D:\full-stack2\data\charts\META\2022-08-18.png,2022-07-22,2022-08-18
META,2022-08-19,D:\full-stack2\data\charts\META\2022-08-19.png,2022-07-25,2022-08-19
META,2022-08-22,D:\full-stack2\data\charts\META\2022-08-22.png,2022-07-26,2022-08-22
META,2022-08-23,D:\full-stack2\data\charts\META\2022-08-23.png,2022-07-27,2022-08-23
META,2022-08-24,D:\full-stack2\data\charts\META\2022-08-24.png,2022-07-28,2022-08-24
META,2022-08-25,D:\full-stack2\data\charts\META\2022-08-25.png,2022-07-29,2022-08-25
META,2022-08-26,D:\full-stack2\data\charts\META\2022-08-26.png,2022-08-01,2022-08-26
META,2022-08-29,D:\full-stack2\data\charts\META\2022-08-29.png,2022-08-02,2022-08-29
META,2022-08-30,D:\full-stack2\data\charts\META\2022-08-30.png,2022-08-03,2022-08-30
META,2022-08-31,D:\full-stack2\data\charts\META\2022-08-31.png,2022-08-04,2022-08-31
META,2022-09-01,D:\full-stack2\data\charts\META\2022-09-01.png,2022-08-05,2022-09-01
META,2022-09-02,D:\full-stack2\data\charts\META\2022-09-02.png,2022-08-08,2022-09-02
META,2022-09-06,D:\full-stack2\data\charts\META\2022-09-06.png,2022-08-09,2022-09-06
META,2022-09-07,D:\full-stack2\data\charts\META\2022-09-07.png,2022-08-10,2022-09-07
META,2022-09-08,D:\full-stack2\data\charts\META\2022-09-08.png,2022-08-11,2022-09-08
META,2022-09-09,D:\full-stack2\data\charts\META\2022-09-09.png,2022-08-12,2022-09-09
META,2022-09-12,D:\full-stack2\data\charts\META\2022-09-12.png,2022-08-15,2022-09-12
META,2022-09-13,D:\full-stack2\data\charts\META\2022-09-13.png,2022-08-16,2022-09-13
META,2022-09-14,D:\full-stack2\data\charts\META\2022-09-14.png,2022-08-17,2022-09-14
META,2022-09-15,D:\full-stack2\data\charts\META\2022-09-15.png,2022-08-18,2022-09-15
META,2022-09-16,D:\full-stack2\data\charts\META\2022-09-16.png,2022-08-19,2022-09-16
META,2022-09-19,D:\full-stack2\data\charts\META\2022-09-19.png,2022-08-22,2022-09-19
META,2022-09-20,D:\full-stack2\data\charts\META\2022-09-20.png,2022-08-23,2022-09-20
META,2022-09-21,D:\full-stack2\data\charts\META\2022-09-21.png,2022-08-24,2022-09-21
META,2022-09-22,D:\full-stack2\data\charts\META\2022-09-22.png,2022-08-25,2022-09-22
META,2022-09-23,D:\full-stack2\data\charts\META\2022-09-23.png,2022-08-26,2022-09-23
META,2022-09-26,D:\full-stack2\data\charts\META\2022-09-26.png,2022-08-29,2022-09-26
META,2022-09-27,D:\full-stack2\data\charts\META\2022-09-27.png,2022-08-30,2022-09-27
META,2022-09-28,D:\full-stack2\data\charts\META\2022-09-28.png,2022-08-31,2022-09-28
META,2022-09-29,D:\full-stack2\data\charts\META\2022-09-29.png,2022-09-01,2022-09-29
META,2022-09-30,D:\full-stack2\data\charts\META\2022-09-30.png,2022-09-02,2022-09-30
META,2022-10-03,D:\full-stack2\data\charts\META\2022-10-03.png,2022-09-06,2022-10-03
META,2022-10-04,D:\full-stack2\data\charts\META\2022-10-04.png,2022-09-07,2022-10-04
META,2022-10-05,D:\full-stack2\data\charts\META\2022-10-05.png,2022-09-08,2022-10-05
META,2022-10-06,D:\full-stack2\data\charts\META\2022-10-06.png,2022-09-09,2022-10-06
META,2022-10-07,D:\full-stack2\data\charts\META\2022-10-07.png,2022-09-12,2022-10-07
META,2022-10-10,D:\full-stack2\data\charts\META\2022-10-10.png,2022-09-13,2022-10-10
META,2022-10-11,D:\full-stack2\data\charts\META\2022-10-11.png,2022-09-14,2022-10-11
META,2022-10-12,D:\full-stack2\data\charts\META\2022-10-12.png,2022-09-15,2022-10-12
META,2022-10-13,D:\full-stack2\data\charts\META\2022-10-13.png,2022-09-16,2022-10-13
META,2022-10-14,D:\full-stack2\data\charts\META\2022-10-14.png,2022-09-19,2022-10-14
META,2022-10-17,D:\full-stack2\data\charts\META\2022-10-17.png,2022-09-20,2022-10-17
META,2022-10-18,D:\full-stack2\data\charts\META\2022-10-18.png,2022-09-21,2022-10-18
META,2022-10-19,D:\full-stack2\data\charts\META\2022-10-19.png,2022-09-22,2022-10-19
META,2022-10-20,D:\full-stack2\data\charts\META\2022-10-20.png,2022-09-23,2022-10-20
META,2022-10-21,D:\full-stack2\data\charts\META\2022-10-21.png,2022-09-26,2022-10-21
META,2022-10-24,D:\full-stack2\data\charts\META\2022-10-24.png,2022-09-27,2022-10-24
META,2022-10-25,D:\full-stack2\data\charts\META\2022-10-25.png,2022-09-28,2022-10-25
META,2022-10-26,D:\full-stack2\data\charts\META\2022-10-26.png,2022-09-29,2022-10-26
META,2022-10-27,D:\full-stack2\data\charts\META\2022-10-27.png,2022-09-30,2022-10-27
META,2022-10-28,D:\full-stack2\data\charts\META\2022-10-28.png,2022-10-03,2022-10-28
META,2022-10-31,D:\full-stack2\data\charts\META\2022-10-31.png,2022-10-04,2022-10-31
META,2022-11-01,D:\full-stack2\data\charts\META\2022-11-01.png,2022-10-05,2022-11-01
META,2022-11-02,D:\full-stack2\data\charts\META\2022-11-02.png,2022-10-06,2022-11-02
META,2022-11-03,D:\full-stack2\data\charts\META\2022-11-03.png,2022-10-07,2022-11-03
META,2022-11-04,D:\full-stack2\data\charts\META\2022-11-04.png,2022-10-10,2022-11-04
META,2022-11-07,D:\full-stack2\data\charts\META\2022-11-07.png,2022-10-11,2022-11-07
META,2022-11-08,D:\full-stack2\data\charts\META\2022-11-08.png,2022-10-12,2022-11-08
META,2022-11-09,D:\full-stack2\data\charts\META\2022-11-09.png,2022-10-13,2022-11-09
META,2022-11-10,D:\full-stack2\data\charts\META\2022-11-10.png,2022-10-14,2022-11-10
META,2022-11-11,D:\full-stack2\data\charts\META\2022-11-11.png,2022-10-17,2022-11-11
META,2022-11-14,D:\full-stack2\data\charts\META\2022-11-14.png,2022-10-18,2022-11-14
META,2022-11-15,D:\full-stack2\data\charts\META\2022-11-15.png,2022-10-19,2022-11-15
META,2022-11-16,D:\full-stack2\data\charts\META\2022-11-16.png,2022-10-20,2022-11-16
META,2022-11-17,D:\full-stack2\data\charts\META\2022-11-17.png,2022-10-21,2022-11-17
META,2022-11-18,D:\full-stack2\data\charts\META\2022-11-18.png,2022-10-24,2022-11-18
META,2022-11-21,D:\full-stack2\data\charts\META\2022-11-21.png,2022-10-25,2022-11-21
META,2022-11-22,D:\full-stack2\data\charts\META\2022-11-22.png,2022-10-26,2022-11-22
META,2022-11-23,D:\full-stack2\data\charts\META\2022-11-23.png,2022-10-27,2022-11-23
META,2022-11-25,D:\full-stack2\data\charts\META\2022-11-25.png,2022-10-28,2022-11-25
META,2022-11-28,D:\full-stack2\data\charts\META\2022-11-28.png,2022-10-31,2022-11-28
META,2022-11-29,D:\full-stack2\data\charts\META\2022-11-29.png,2022-11-01,2022-11-29
META,2022-11-30,D:\full-stack2\data\charts\META\2022-11-30.png,2022-11-02,2022-11-30
META,2022-12-01,D:\full-stack2\data\charts\META\2022-12-01.png,2022-11-03,2022-12-01
META,2022-12-02,D:\full-stack2\data\charts\META\2022-12-02.png,2022-11-04,2022-12-02
META,2022-12-05,D:\full-stack2\data\charts\META\2022-12-05.png,2022-11-07,2022-12-05
META,2022-12-06,D:\full-stack2\data\charts\META\2022-12-06.png,2022-11-08,2022-12-06
META,2022-12-07,D:\full-stack2\data\charts\META\2022-12-07.png,2022-11-09,2022-12-07
META,2022-12-08,D:\full-stack2\data\charts\META\2022-12-08.png,2022-11-10,2022-12-08
META,2022-12-09,D:\full-stack2\data\charts\META\2022-12-09.png,2022-11-11,2022-12-09
META,2022-12-12,D:\full-stack2\data\charts\META\2022-12-12.png,2022-11-14,2022-12-12
META,2022-12-13,D:\full-stack2\data\charts\META\2022-12-13.png,2022-11-15,2022-12-13
META,2022-12-14,D:\full-stack2\data\charts\META\2022-12-14.png,2022-11-16,2022-12-14
META,2022-12-15,D:\full-stack2\data\charts\META\2022-12-15.png,2022-11-17,2022-12-15
META,2022-12-16,D:\full-stack2\data\charts\META\2022-12-16.png,2022-11-18,2022-12-16
META,2022-12-19,D:\full-stack2\data\charts\META\2022-12-19.png,2022-11-21,2022-12-19
META,2022-12-20,D:\full-stack2\data\charts\META\2022-12-20.png,2022-11-22,2022-12-20
META,2022-12-21,D:\full-stack2\data\charts\META\2022-12-21.png,2022-11-23,2022-12-21
META,2022-12-22,D:\full-stack2\data\charts\META\2022-12-22.png,2022-11-25,2022-12-22
META,2022-12-23,D:\full-stack2\data\charts\META\2022-12-23.png,2022-11-28,2022-12-23
META,2022-12-27,D:\full-stack2\data\charts\META\2022-12-27.png,2022-11-29,2022-12-27
META,2022-12-28,D:\full-stack2\data\charts\META\2022-12-28.png,2022-11-30,2022-12-28
META,2022-12-29,D:\full-stack2\data\charts\META\2022-12-29.png,2022-12-01,2022-12-29
META,2022-12-30,D:\full-stack2\data\charts\META\2022-12-30.png,2022-12-02,2022-12-30
META,2023-01-03,D:\full-stack2\data\charts\META\2023-01-03.png,2022-12-05,2023-01-03
META,2023-01-04,D:\full-stack2\data\charts\META\2023-01-04.png,2022-12-06,2023-01-04
META,2023-01-05,D:\full-stack2\data\charts\META\2023-01-05.png,2022-12-07,2023-01-05
META,2023-01-06,D:\full-stack2\data\charts\META\2023-01-06.png,2022-12-08,2023-01-06
META,2023-01-09,D:\full-stack2\data\charts\META\2023-01-09.png,2022-12-09,2023-01-09
META,2023-01-10,D:\full-stack2\data\charts\META\2023-01-10.png,2022-12-12,2023-01-10
META,2023-01-11,D:\full-stack2\data\charts\META\2023-01-11.png,2022-12-13,2023-01-11
META,2023-01-12,D:\full-stack2\data\charts\META\2023-01-12.png,2022-12-14,2023-01-12
META,2023-01-13,D:\full-stack2\data\charts\META\2023-01-13.png,2022-12-15,2023-01-13
META,2023-01-17,D:\full-stack2\data\charts\META\2023-01-17.png,2022-12-16,2023-01-17
META,2023-01-18,D:\full-stack2\data\charts\META\2023-01-18.png,2022-12-19,2023-01-18
META,2023-01-19,D:\full-stack2\data\charts\META\2023-01-19.png,2022-12-20,2023-01-19
META,2023-01-20,D:\full-stack2\data\charts\META\2023-01-20.png,2022-12-21,2023-01-20
META,2023-01-23,D:\full-stack2\data\charts\META\2023-01-23.png,2022-12-22,2023-01-23
META,2023-01-24,D:\full-stack2\data\charts\META\2023-01-24.png,2022-12-23,2023-01-24
META,2023-01-25,D:\full-stack2\data\charts\META\2023-01-25.png,2022-12-27,2023-01-25
META,2023-01-26,D:\full-stack2\data\charts\META\2023-01-26.png,2022-12-28,2023-01-26
META,2023-01-27,D:\full-stack2\data\charts\META\2023-01-27.png,2022-12-29,2023-01-27
META,2023-01-30,D:\full-stack2\data\charts\META\2023-01-30.png,2022-12-30,2023-01-30
META,2023-01-31,D:\full-stack2\data\charts\META\2023-01-31.png,2023-01-03,2023-01-31
META,2023-02-01,D:\full-stack2\data\charts\META\2023-02-01.png,2023-01-04,2023-02-01
META,2023-02-02,D:\full-stack2\data\charts\META\2023-02-02.png,2023-01-05,2023-02-02
META,2023-02-03,D:\full-stack2\data\charts\META\2023-02-03.png,2023-01-06,2023-02-03
META,2023-02-06,D:\full-stack2\data\charts\META\2023-02-06.png,2023-01-09,2023-02-06
META,2023-02-07,D:\full-stack2\data\charts\META\2023-02-07.png,2023-01-10,2023-02-07
META,2023-02-08,D:\full-stack2\data\charts\META\2023-02-08.png,2023-01-11,2023-02-08
META,2023-02-09,D:\full-stack2\data\charts\META\2023-02-09.png,2023-01-12,2023-02-09
META,2023-02-10,D:\full-stack2\data\charts\META\2023-02-10.png,2023-01-13,2023-02-10
META,2023-02-13,D:\full-stack2\data\charts\META\2023-02-13.png,2023-01-17,2023-02-13
META,2023-02-14,D:\full-stack2\data\charts\META\2023-02-14.png,2023-01-18,2023-02-14
META,2023-02-15,D:\full-stack2\data\charts\META\2023-02-15.png,2023-01-19,2023-02-15
META,2023-02-16,D:\full-stack2\data\charts\META\2023-02-16.png,2023-01-20,2023-02-16
META,2023-02-17,D:\full-stack2\data\charts\META\2023-02-17.png,2023-01-23,2023-02-17
META,2023-02-21,D:\full-stack2\data\charts\META\2023-02-21.png,2023-01-24,2023-02-21
META,2023-02-22,D:\full-stack2\data\charts\META\2023-02-22.png,2023-01-25,2023-02-22
META,2023-02-23,D:\full-stack2\data\charts\META\2023-02-23.png,2023-01-26,2023-02-23
META,2023-02-24,D:\full-stack2\data\charts\META\2023-02-24.png,2023-01-27,2023-02-24
META,2023-02-27,D:\full-stack2\data\charts\META\2023-02-27.png,2023-01-30,2023-02-27
META,2023-02-28,D:\full-stack2\data\charts\META\2023-02-28.png,2023-01-31,2023-02-28
META,2023-03-01,D:\full-stack2\data\charts\META\2023-03-01.png,2023-02-01,2023-03-01
META,2023-03-02,D:\full-stack2\data\charts\META\2023-03-02.png,2023-02-02,2023-03-02
META,2023-03-03,D:\full-stack2\data\charts\META\2023-03-03.png,2023-02-03,2023-03-03
META,2023-03-06,D:\full-stack2\data\charts\META\2023-03-06.png,2023-02-06,2023-03-06
META,2023-03-07,D:\full-stack2\data\charts\META\2023-03-07.png,2023-02-07,2023-03-07
META,2023-03-08,D:\full-stack2\data\charts\META\2023-03-08.png,2023-02-08,2023-03-08
META,2023-03-09,D:\full-stack2\data\charts\META\2023-03-09.png,2023-02-09,2023-03-09
META,2023-03-10,D:\full-stack2\data\charts\META\2023-03-10.png,2023-02-10,2023-03-10
META,2023-03-13,D:\full-stack2\data\charts\META\2023-03-13.png,2023-02-13,2023-03-13
META,2023-03-14,D:\full-stack2\data\charts\META\2023-03-14.png,2023-02-14,2023-03-14
META,2023-03-15,D:\full-stack2\data\charts\META\2023-03-15.png,2023-02-15,2023-03-15
META,2023-03-16,D:\full-stack2\data\charts\META\2023-03-16.png,2023-02-16,2023-03-16
META,2023-03-17,D:\full-stack2\data\charts\META\2023-03-17.png,2023-02-17,2023-03-17
META,2023-03-20,D:\full-stack2\data\charts\META\2023-03-20.png,2023-02-21,2023-03-20
META,2023-03-21,D:\full-stack2\data\charts\META\2023-03-21.png,2023-02-22,2023-03-21
META,2023-03-22,D:\full-stack2\data\charts\META\2023-03-22.png,2023-02-23,2023-03-22
META,2023-03-23,D:\full-stack2\data\charts\META\2023-03-23.png,2023-02-24,2023-03-23
META,2023-03-24,D:\full-stack2\data\charts\META\2023-03-24.png,2023-02-27,2023-03-24
META,2023-03-27,D:\full-stack2\data\charts\META\2023-03-27.png,2023-02-28,2023-03-27
META,2023-03-28,D:\full-stack2\data\charts\META\2023-03-28.png,2023-03-01,2023-03-28
META,2023-03-29,D:\full-stack2\data\charts\META\2023-03-29.png,2023-03-02,2023-03-29
META,2023-03-30,D:\full-stack2\data\charts\META\2023-03-30.png,2023-03-03,2023-03-30
META,2023-03-31,D:\full-stack2\data\charts\META\2023-03-31.png,2023-03-06,2023-03-31
META,2023-04-03,D:\full-stack2\data\charts\META\2023-04-03.png,2023-03-07,2023-04-03
META,2023-04-04,D:\full-stack2\data\charts\META\2023-04-04.png,2023-03-08,2023-04-04
META,2023-04-05,D:\full-stack2\data\charts\META\2023-04-05.png,2023-03-09,2023-04-05
META,2023-04-06,D:\full-stack2\data\charts\META\2023-04-06.png,2023-03-10,2023-04-06
META,2023-04-10,D:\full-stack2\data\charts\META\2023-04-10.png,2023-03-13,2023-04-10
META,2023-04-11,D:\full-stack2\data\charts\META\2023-04-11.png,2023-03-14,2023-04-11
META,2023-04-12,D:\full-stack2\data\charts\META\2023-04-12.png,2023-03-15,2023-04-12
META,2023-04-13,D:\full-stack2\data\charts\META\2023-04-13.png,2023-03-16,2023-04-13
META,2023-04-14,D:\full-stack2\data\charts\META\2023-04-14.png,2023-03-17,2023-04-14
META,2023-04-17,D:\full-stack2\data\charts\META\2023-04-17.png,2023-03-20,2023-04-17
META,2023-04-18,D:\full-stack2\data\charts\META\2023-04-18.png,2023-03-21,2023-04-18
META,2023-04-19,D:\full-stack2\data\charts\META\2023-04-19.png,2023-03-22,2023-04-19
META,2023-04-20,D:\full-stack2\data\charts\META\2023-04-20.png,2023-03-23,2023-04-20
META,2023-04-21,D:\full-stack2\data\charts\META\2023-04-21.png,2023-03-24,2023-04-21
META,2023-04-24,D:\full-stack2\data\charts\META\2023-04-24.png,2023-03-27,2023-04-24
META,2023-04-25,D:\full-stack2\data\charts\META\2023-04-25.png,2023-03-28,2023-04-25
META,2023-04-26,D:\full-stack2\data\charts\META\2023-04-26.png,2023-03-29,2023-04-26
META,2023-04-27,D:\full-stack2\data\charts\META\2023-04-27.png,2023-03-30,2023-04-27
META,2023-04-28,D:\full-stack2\data\charts\META\2023-04-28.png,2023-03-31,2023-04-28
META,2023-05-01,D:\full-stack2\data\charts\META\2023-05-01.png,2023-04-03,2023-05-01
META,2023-05-02,D:\full-stack2\data\charts\META\2023-05-02.png,2023-04-04,2023-05-02
META,2023-05-03,D:\full-stack2\data\charts\META\2023-05-03.png,2023-04-05,2023-05-03
META,2023-05-04,D:\full-stack2\data\charts\META\2023-05-04.png,2023-04-06,2023-05-04
META,2023-05-05,D:\full-stack2\data\charts\META\2023-05-05.png,2023-04-10,2023-05-05
META,2023-05-08,D:\full-stack2\data\charts\META\2023-05-08.png,2023-04-11,2023-05-08
META,2023-05-09,D:\full-stack2\data\charts\META\2023-05-09.png,2023-04-12,2023-05-09
META,2023-05-10,D:\full-stack2\data\charts\META\2023-05-10.png,2023-04-13,2023-05-10
META,2023-05-11,D:\full-stack2\data\charts\META\2023-05-11.png,2023-04-14,2023-05-11
META,2023-05-12,D:\full-stack2\data\charts\META\2023-05-12.png,2023-04-17,2023-05-12
META,2023-05-15,D:\full-stack2\data\charts\META\2023-05-15.png,2023-04-18,2023-05-15
META,2023-05-16,D:\full-stack2\data\charts\META\2023-05-16.png,2023-04-19,2023-05-16
META,2023-05-17,D:\full-stack2\data\charts\META\2023-05-17.png,2023-04-20,2023-05-17
META,2023-05-18,D:\full-stack2\data\charts\META\2023-05-18.png,2023-04-21,2023-05-18
META,2023-05-19,D:\full-stack2\data\charts\META\2023-05-19.png,2023-04-24,2023-05-19
META,2023-05-22,D:\full-stack2\data\charts\META\2023-05-22.png,2023-04-25,2023-05-22
META,2023-05-23,D:\full-stack2\data\charts\META\2023-05-23.png,2023-04-26,2023-05-23
META,2023-05-24,D:\full-stack2\data\charts\META\2023-05-24.png,2023-04-27,2023-05-24
META,2023-05-25,D:\full-stack2\data\charts\META\2023-05-25.png,2023-04-28,2023-05-25
META,2023-05-26,D:\full-stack2\data\charts\META\2023-05-26.png,2023-05-01,2023-05-26
META,2023-05-30,D:\full-stack2\data\charts\META\2023-05-30.png,2023-05-02,2023-05-30
META,2023-05-31,D:\full-stack2\data\charts\META\2023-05-31.png,2023-05-03,2023-05-31
META,2023-06-01,D:\full-stack2\data\charts\META\2023-06-01.png,2023-05-04,2023-06-01
META,2023-06-02,D:\full-stack2\data\charts\META\2023-06-02.png,2023-05-05,2023-06-02
META,2023-06-05,D:\full-stack2\data\charts\META\2023-06-05.png,2023-05-08,2023-06-05
META,2023-06-06,D:\full-stack2\data\charts\META\2023-06-06.png,2023-05-09,2023-06-06
META,2023-06-07,D:\full-stack2\data\charts\META\2023-06-07.png,2023-05-10,2023-06-07
META,2023-06-08,D:\full-stack2\data\charts\META\2023-06-08.png,2023-05-11,2023-06-08
META,2023-06-09,D:\full-stack2\data\charts\META\2023-06-09.png,2023-05-12,2023-06-09
META,2023-06-12,D:\full-stack2\data\charts\META\2023-06-12.png,2023-05-15,2023-06-12
META,2023-06-13,D:\full-stack2\data\charts\META\2023-06-13.png,2023-05-16,2023-06-13
META,2023-06-14,D:\full-stack2\data\charts\META\2023-06-14.png,2023-05-17,2023-06-14
META,2023-06-15,D:\full-stack2\data\charts\META\2023-06-15.png,2023-05-18,2023-06-15
META,2023-06-16,D:\full-stack2\data\charts\META\2023-06-16.png,2023-05-19,2023-06-16
META,2023-06-20,D:\full-stack2\data\charts\META\2023-06-20.png,2023-05-22,2023-06-20
META,2023-06-21,D:\full-stack2\data\charts\META\2023-06-21.png,2023-05-23,2023-06-21
META,2023-06-22,D:\full-stack2\data\charts\META\2023-06-22.png,2023-05-24,2023-06-22
META,2023-06-23,D:\full-stack2\data\charts\META\2023-06-23.png,2023-05-25,2023-06-23
META,2023-06-26,D:\full-stack2\data\charts\META\2023-06-26.png,2023-05-26,2023-06-26
META,2023-06-27,D:\full-stack2\data\charts\META\2023-06-27.png,2023-05-30,2023-06-27
META,2023-06-28,D:\full-stack2\data\charts\META\2023-06-28.png,2023-05-31,2023-06-28
META,2023-06-29,D:\full-stack2\data\charts\META\2023-06-29.png,2023-06-01,2023-06-29
META,2023-06-30,D:\full-stack2\data\charts\META\2023-06-30.png,2023-06-02,2023-06-30
META,2023-07-03,D:\full-stack2\data\charts\META\2023-07-03.png,2023-06-05,2023-07-03
META,2023-07-05,D:\full-stack2\data\charts\META\2023-07-05.png,2023-06-06,2023-07-05
META,2023-07-06,D:\full-stack2\data\charts\META\2023-07-06.png,2023-06-07,2023-07-06
META,2023-07-07,D:\full-stack2\data\charts\META\2023-07-07.png,2023-06-08,2023-07-07
META,2023-07-10,D:\full-stack2\data\charts\META\2023-07-10.png,2023-06-09,2023-07-10
META,2023-07-11,D:\full-stack2\data\charts\META\2023-07-11.png,2023-06-12,2023-07-11
META,2023-07-12,D:\full-stack2\data\charts\META\2023-07-12.png,2023-06-13,2023-07-12
META,2023-07-13,D:\full-stack2\data\charts\META\2023-07-13.png,2023-06-14,2023-07-13
META,2023-07-14,D:\full-stack2\data\charts\META\2023-07-14.png,2023-06-15,2023-07-14
META,2023-07-17,D:\full-stack2\data\charts\META\2023-07-17.png,2023-06-16,2023-07-17
META,2023-07-18,D:\full-stack2\data\charts\META\2023-07-18.png,2023-06-20,2023-07-18
META,2023-07-19,D:\full-stack2\data\charts\META\2023-07-19.png,2023-06-21,2023-07-19
META,2023-07-20,D:\full-stack2\data\charts\META\2023-07-20.png,2023-06-22,2023-07-20
META,2023-07-21,D:\full-stack2\data\charts\META\2023-07-21.png,2023-06-23,2023-07-21
META,2023-07-24,D:\full-stack2\data\charts\META\2023-07-24.png,2023-06-26,2023-07-24
META,2023-07-25,D:\full-stack2\data\charts\META\2023-07-25.png,2023-06-27,2023-07-25
META,2023-07-26,D:\full-stack2\data\charts\META\2023-07-26.png,2023-06-28,2023-07-26
META,2023-07-27,D:\full-stack2\data\charts\META\2023-07-27.png,2023-06-29,2023-07-27
META,2023-07-28,D:\full-stack2\data\charts\META\2023-07-28.png,2023-06-30,2023-07-28
META,2023-07-31,D:\full-stack2\data\charts\META\2023-07-31.png,2023-07-03,2023-07-31
META,2023-08-01,D:\full-stack2\data\charts\META\2023-08-01.png,2023-07-05,2023-08-01
META,2023-08-02,D:\full-stack2\data\charts\META\2023-08-02.png,2023-07-06,2023-08-02
META,2023-08-03,D:\full-stack2\data\charts\META\2023-08-03.png,2023-07-07,2023-08-03
META,2023-08-04,D:\full-stack2\data\charts\META\2023-08-04.png,2023-07-10,2023-08-04
META,2023-08-07,D:\full-stack2\data\charts\META\2023-08-07.png,2023-07-11,2023-08-07
META,2023-08-08,D:\full-stack2\data\charts\META\2023-08-08.png,2023-07-12,2023-08-08
META,2023-08-09,D:\full-stack2\data\charts\META\2023-08-09.png,2023-07-13,2023-08-09
META,2023-08-10,D:\full-stack2\data\charts\META\2023-08-10.png,2023-07-14,2023-08-10
META,2023-08-11,D:\full-stack2\data\charts\META\2023-08-11.png,2023-07-17,2023-08-11
META,2023-08-14,D:\full-stack2\data\charts\META\2023-08-14.png,2023-07-18,2023-08-14
META,2023-08-15,D:\full-stack2\data\charts\META\2023-08-15.png,2023-07-19,2023-08-15
META,2023-08-16,D:\full-stack2\data\charts\META\2023-08-16.png,2023-07-20,2023-08-16
META,2023-08-17,D:\full-stack2\data\charts\META\2023-08-17.png,2023-07-21,2023-08-17
META,2023-08-18,D:\full-stack2\data\charts\META\2023-08-18.png,2023-07-24,2023-08-18
META,2023-08-21,D:\full-stack2\data\charts\META\2023-08-21.png,2023-07-25,2023-08-21
META,2023-08-22,D:\full-stack2\data\charts\META\2023-08-22.png,2023-07-26,2023-08-22
META,2023-08-23,D:\full-stack2\data\charts\META\2023-08-23.png,2023-07-27,2023-08-23
META,2023-08-24,D:\full-stack2\data\charts\META\2023-08-24.png,2023-07-28,2023-08-24
META,2023-08-25,D:\full-stack2\data\charts\META\2023-08-25.png,2023-07-31,2023-08-25
META,2023-08-28,D:\full-stack2\data\charts\META\2023-08-28.png,2023-08-01,2023-08-28
META,2023-08-29,D:\full-stack2\data\charts\META\2023-08-29.png,2023-08-02,2023-08-29
META,2023-08-30,D:\full-stack2\data\charts\META\2023-08-30.png,2023-08-03,2023-08-30
META,2023-08-31,D:\full-stack2\data\charts\META\2023-08-31.png,2023-08-04,2023-08-31
META,2023-09-01,D:\full-stack2\data\charts\META\2023-09-01.png,2023-08-07,2023-09-01
META,2023-09-05,D:\full-stack2\data\charts\META\2023-09-05.png,2023-08-08,2023-09-05
META,2023-09-06,D:\full-stack2\data\charts\META\2023-09-06.png,2023-08-09,2023-09-06
META,2023-09-07,D:\full-stack2\data\charts\META\2023-09-07.png,2023-08-10,2023-09-07
META,2023-09-08,D:\full-stack2\data\charts\META\2023-09-08.png,2023-08-11,2023-09-08
META,2023-09-11,D:\full-stack2\data\charts\META\2023-09-11.png,2023-08-14,2023-09-11
META,2023-09-12,D:\full-stack2\data\charts\META\2023-09-12.png,2023-08-15,2023-09-12
META,2023-09-13,D:\full-stack2\data\charts\META\2023-09-13.png,2023-08-16,2023-09-13
META,2023-09-14,D:\full-stack2\data\charts\META\2023-09-14.png,2023-08-17,2023-09-14
META,2023-09-15,D:\full-stack2\data\charts\META\2023-09-15.png,2023-08-18,2023-09-15
META,2023-09-18,D:\full-stack2\data\charts\META\2023-09-18.png,2023-08-21,2023-09-18
META,2023-09-19,D:\full-stack2\data\charts\META\2023-09-19.png,2023-08-22,2023-09-19
META,2023-09-20,D:\full-stack2\data\charts\META\2023-09-20.png,2023-08-23,2023-09-20
META,2023-09-21,D:\full-stack2\data\charts\META\2023-09-21.png,2023-08-24,2023-09-21
META,2023-09-22,D:\full-stack2\data\charts\META\2023-09-22.png,2023-08-25,2023-09-22
META,2023-09-25,D:\full-stack2\data\charts\META\2023-09-25.png,2023-08-28,2023-09-25
META,2023-09-26,D:\full-stack2\data\charts\META\2023-09-26.png,2023-08-29,2023-09-26
META,2023-09-27,D:\full-stack2\data\charts\META\2023-09-27.png,2023-08-30,2023-09-27
META,2023-09-28,D:\full-stack2\data\charts\META\2023-09-28.png,2023-08-31,2023-09-28
META,2023-09-29,D:\full-stack2\data\charts\META\2023-09-29.png,2023-09-01,2023-09-29
META,2023-10-02,D:\full-stack2\data\charts\META\2023-10-02.png,2023-09-05,2023-10-02
META,2023-10-03,D:\full-stack2\data\charts\META\2023-10-03.png,2023-09-06,2023-10-03
META,2023-10-04,D:\full-stack2\data\charts\META\2023-10-04.png,2023-09-07,2023-10-04
META,2023-10-05,D:\full-stack2\data\charts\META\2023-10-05.png,2023-09-08,2023-10-05
META,2023-10-06,D:\full-stack2\data\charts\META\2023-10-06.png,2023-09-11,2023-10-06
META,2023-10-09,D:\full-stack2\data\charts\META\2023-10-09.png,2023-09-12,2023-10-09
META,2023-10-10,D:\full-stack2\data\charts\META\2023-10-10.png,2023-09-13,2023-10-10
META,2023-10-11,D:\full-stack2\data\charts\META\2023-10-11.png,2023-09-14,2023-10-11
META,2023-10-12,D:\full-stack2\data\charts\META\2023-10-12.png,2023-09-15,2023-10-12
META,2023-10-13,D:\full-stack2\data\charts\META\2023-10-13.png,2023-09-18,2023-10-13
META,2023-10-16,D:\full-stack2\data\charts\META\2023-10-16.png,2023-09-19,2023-10-16
META,2023-10-17,D:\full-stack2\data\charts\META\2023-10-17.png,2023-09-20,2023-10-17
META,2023-10-18,D:\full-stack2\data\charts\META\2023-10-18.png,2023-09-21,2023-10-18
META,2023-10-19,D:\full-stack2\data\charts\META\2023-10-19.png,2023-09-22,2023-10-19
META,2023-10-20,D:\full-stack2\data\charts\META\2023-10-20.png,2023-09-25,2023-10-20
META,2023-10-23,D:\full-stack2\data\charts\META\2023-10-23.png,2023-09-26,2023-10-23
META,2023-10-24,D:\full-stack2\data\charts\META\2023-10-24.png,2023-09-27,2023-10-24
META,2023-10-25,D:\full-stack2\data\charts\META\2023-10-25.png,2023-09-28,2023-10-25
META,2023-10-26,D:\full-stack2\data\charts\META\2023-10-26.png,2023-09-29,2023-10-26
META,2023-10-27,D:\full-stack2\data\charts\META\2023-10-27.png,2023-10-02,2023-10-27
META,2023-10-30,D:\full-stack2\data\charts\META\2023-10-30.png,2023-10-03,2023-10-30
META,2023-10-31,D:\full-stack2\data\charts\META\2023-10-31.png,2023-10-04,2023-10-31
META,2023-11-01,D:\full-stack2\data\charts\META\2023-11-01.png,2023-10-05,2023-11-01
META,2023-11-02,D:\full-stack2\data\charts\META\2023-11-02.png,2023-10-06,2023-11-02
META,2023-11-03,D:\full-stack2\data\charts\META\2023-11-03.png,2023-10-09,2023-11-03
META,2023-11-06,D:\full-stack2\data\charts\META\2023-11-06.png,2023-10-10,2023-11-06
META,2023-11-07,D:\full-stack2\data\charts\META\2023-11-07.png,2023-10-11,2023-11-07
META,2023-11-08,D:\full-stack2\data\charts\META\2023-11-08.png,2023-10-12,2023-11-08
META,2023-11-09,D:\full-stack2\data\charts\META\2023-11-09.png,2023-10-13,2023-11-09
META,2023-11-10,D:\full-stack2\data\charts\META\2023-11-10.png,2023-10-16,2023-11-10
META,2023-11-13,D:\full-stack2\data\charts\META\2023-11-13.png,2023-10-17,2023-11-13
META,2023-11-14,D:\full-stack2\data\charts\META\2023-11-14.png,2023-10-18,2023-11-14
META,2023-11-15,D:\full-stack2\data\charts\META\2023-11-15.png,2023-10-19,2023-11-15
META,2023-11-16,D:\full-stack2\data\charts\META\2023-11-16.png,2023-10-20,2023-11-16
META,2023-11-17,D:\full-stack2\data\charts\META\2023-11-17.png,2023-10-23,2023-11-17
META,2023-11-20,D:\full-stack2\data\charts\META\2023-11-20.png,2023-10-24,2023-11-20
META,2023-11-21,D:\full-stack2\data\charts\META\2023-11-21.png,2023-10-25,2023-11-21
META,2023-11-22,D:\full-stack2\data\charts\META\2023-11-22.png,2023-10-26,2023-11-22
META,2023-11-24,D:\full-stack2\data\charts\META\2023-11-24.png,2023-10-27,2023-11-24
META,2023-11-27,D:\full-stack2\data\charts\META\2023-11-27.png,2023-10-30,2023-11-27
META,2023-11-28,D:\full-stack2\data\charts\META\2023-11-28.png,2023-10-31,2023-11-28
META,2023-11-29,D:\full-stack2\data\charts\META\2023-11-29.png,2023-11-01,2023-11-29
META,2023-11-30,D:\full-stack2\data\charts\META\2023-11-30.png,2023-11-02,2023-11-30
META,2023-12-01,D:\full-stack2\data\charts\META\2023-12-01.png,2023-11-03,2023-12-01
META,2023-12-04,D:\full-stack2\data\charts\META\2023-12-04.png,2023-11-06,2023-12-04
META,2023-12-05,D:\full-stack2\data\charts\META\2023-12-05.png,2023-11-07,2023-12-05
META,2023-12-06,D:\full-stack2\data\charts\META\2023-12-06.png,2023-11-08,2023-12-06
META,2023-12-07,D:\full-stack2\data\charts\META\2023-12-07.png,2023-11-09,2023-12-07
META,2023-12-08,D:\full-stack2\data\charts\META\2023-12-08.png,2023-11-10,2023-12-08
META,2023-12-11,D:\full-stack2\data\charts\META\2023-12-11.png,2023-11-13,2023-12-11
META,2023-12-12,D:\full-stack2\data\charts\META\2023-12-12.png,2023-11-14,2023-12-12
META,2023-12-13,D:\full-stack2\data\charts\META\2023-12-13.png,2023-11-15,2023-12-13
META,2023-12-14,D:\full-stack2\data\charts\META\2023-12-14.png,2023-11-16,2023-12-14
META,2023-12-15,D:\full-stack2\data\charts\META\2023-12-15.png,2023-11-17,2023-12-15
META,2023-12-18,D:\full-stack2\data\charts\META\2023-12-18.png,2023-11-20,2023-12-18
META,2023-12-19,D:\full-stack2\data\charts\META\2023-12-19.png,2023-11-21,2023-12-19
META,2023-12-20,D:\full-stack2\data\charts\META\2023-12-20.png,2023-11-22,2023-12-20
META,2023-12-21,D:\full-stack2\data\charts\META\2023-12-21.png,2023-11-24,2023-12-21
META,2023-12-22,D:\full-stack2\data\charts\META\2023-12-22.png,2023-11-27,2023-12-22
META,2023-12-26,D:\full-stack2\data\charts\META\2023-12-26.png,2023-11-28,2023-12-26
META,2023-12-27,D:\full-stack2\data\charts\META\2023-12-27.png,2023-11-29,2023-12-27
META,2023-12-28,D:\full-stack2\data\charts\META\2023-12-28.png,2023-11-30,2023-12-28
META,2023-12-29,D:\full-stack2\data\charts\META\2023-12-29.png,2023-12-01,2023-12-29
META,2024-01-02,D:\full-stack2\data\charts\META\2024-01-02.png,2023-12-04,2024-01-02
META,2024-01-03,D:\full-stack2\data\charts\META\2024-01-03.png,2023-12-05,2024-01-03
META,2024-01-04,D:\full-stack2\data\charts\META\2024-01-04.png,2023-12-06,2024-01-04
META,2024-01-05,D:\full-stack2\data\charts\META\2024-01-05.png,2023-12-07,2024-01-05
META,2024-01-08,D:\full-stack2\data\charts\META\2024-01-08.png,2023-12-08,2024-01-08
META,2024-01-09,D:\full-stack2\data\charts\META\2024-01-09.png,2023-12-11,2024-01-09
META,2024-01-10,D:\full-stack2\data\charts\META\2024-01-10.png,2023-12-12,2024-01-10
META,2024-01-11,D:\full-stack2\data\charts\META\2024-01-11.png,2023-12-13,2024-01-11
META,2024-01-12,D:\full-stack2\data\charts\META\2024-01-12.png,2023-12-14,2024-01-12
META,2024-01-16,D:\full-stack2\data\charts\META\2024-01-16.png,2023-12-15,2024-01-16
META,2024-01-17,D:\full-stack2\data\charts\META\2024-01-17.png,2023-12-18,2024-01-17
META,2024-01-18,D:\full-stack2\data\charts\META\2024-01-18.png,2023-12-19,2024-01-18
META,2024-01-19,D:\full-stack2\data\charts\META\2024-01-19.png,2023-12-20,2024-01-19
META,2024-01-22,D:\full-stack2\data\charts\META\2024-01-22.png,2023-12-21,2024-01-22
META,2024-01-23,D:\full-stack2\data\charts\META\2024-01-23.png,2023-12-22,2024-01-23
META,2024-01-24,D:\full-stack2\data\charts\META\2024-01-24.png,2023-12-26,2024-01-24
META,2024-01-25,D:\full-stack2\data\charts\META\2024-01-25.png,2023-12-27,2024-01-25
META,2024-01-26,D:\full-stack2\data\charts\META\2024-01-26.png,2023-12-28,2024-01-26
META,2024-01-29,D:\full-stack2\data\charts\META\2024-01-29.png,2023-12-29,2024-01-29
META,2024-01-30,D:\full-stack2\data\charts\META\2024-01-30.png,2024-01-02,2024-01-30
META,2024-01-31,D:\full-stack2\data\charts\META\2024-01-31.png,2024-01-03,2024-01-31
META,2024-02-01,D:\full-stack2\data\charts\META\2024-02-01.png,2024-01-04,2024-02-01
META,2024-02-02,D:\full-stack2\data\charts\META\2024-02-02.png,2024-01-05,2024-02-02
META,2024-02-05,D:\full-stack2\data\charts\META\2024-02-05.png,2024-01-08,2024-02-05
META,2024-02-06,D:\full-stack2\data\charts\META\2024-02-06.png,2024-01-09,2024-02-06
META,2024-02-07,D:\full-stack2\data\charts\META\2024-02-07.png,2024-01-10,2024-02-07
META,2024-02-08,D:\full-stack2\data\charts\META\2024-02-08.png,2024-01-11,2024-02-08
META,2024-02-09,D:\full-stack2\data\charts\META\2024-02-09.png,2024-01-12,2024-02-09
META,2024-02-12,D:\full-stack2\data\charts\META\2024-02-12.png,2024-01-16,2024-02-12
META,2024-02-13,D:\full-stack2\data\charts\META\2024-02-13.png,2024-01-17,2024-02-13
META,2024-02-14,D:\full-stack2\data\charts\META\2024-02-14.png,2024-01-18,2024-02-14
META,2024-02-15,D:\full-stack2\data\charts\META\2024-02-15.png,2024-01-19,2024-02-15
META,2024-02-16,D:\full-stack2\data\charts\META\2024-02-16.png,2024-01-22,2024-02-16
META,2024-02-20,D:\full-stack2\data\charts\META\2024-02-20.png,2024-01-23,2024-02-20
META,2024-02-21,D:\full-stack2\data\charts\META\2024-02-21.png,2024-01-24,2024-02-21
META,2024-02-22,D:\full-stack2\data\charts\META\2024-02-22.png,2024-01-25,2024-02-22
META,2024-02-23,D:\full-stack2\data\charts\META\2024-02-23.png,2024-01-26,2024-02-23
META,2024-02-26,D:\full-stack2\data\charts\META\2024-02-26.png,2024-01-29,2024-02-26
META,2024-02-27,D:\full-stack2\data\charts\META\2024-02-27.png,2024-01-30,2024-02-27
META,2024-02-28,D:\full-stack2\data\charts\META\2024-02-28.png,2024-01-31,2024-02-28
META,2024-02-29,D:\full-stack2\data\charts\META\2024-02-29.png,2024-02-01,2024-02-29
META,2024-03-01,D:\full-stack2\data\charts\META\2024-03-01.png,2024-02-02,2024-03-01
META,2024-03-04,D:\full-stack2\data\charts\META\2024-03-04.png,2024-02-05,2024-03-04
META,2024-03-05,D:\full-stack2\data\charts\META\2024-03-05.png,2024-02-06,2024-03-05
META,2024-03-06,D:\full-stack2\data\charts\META\2024-03-06.png,2024-02-07,2024-03-06
META,2024-03-07,D:\full-stack2\data\charts\META\2024-03-07.png,2024-02-08,2024-03-07
META,2024-03-08,D:\full-stack2\data\charts\META\2024-03-08.png,2024-02-09,2024-03-08
META,2024-03-11,D:\full-stack2\data\charts\META\2024-03-11.png,2024-02-12,2024-03-11
META,2024-03-12,D:\full-stack2\data\charts\META\2024-03-12.png,2024-02-13,2024-03-12
META,2024-03-13,D:\full-stack2\data\charts\META\2024-03-13.png,2024-02-14,2024-03-13
META,2024-03-14,D:\full-stack2\data\charts\META\2024-03-14.png,2024-02-15,2024-03-14
META,2024-03-15,D:\full-stack2\data\charts\META\2024-03-15.png,2024-02-16,2024-03-15
META,2024-03-18,D:\full-stack2\data\charts\META\2024-03-18.png,2024-02-20,2024-03-18
META,2024-03-19,D:\full-stack2\data\charts\META\2024-03-19.png,2024-02-21,2024-03-19
META,2024-03-20,D:\full-stack2\data\charts\META\2024-03-20.png,2024-02-22,2024-03-20
META,2024-03-21,D:\full-stack2\data\charts\META\2024-03-21.png,2024-02-23,2024-03-21
META,2024-03-22,D:\full-stack2\data\charts\META\2024-03-22.png,2024-02-26,2024-03-22
META,2024-03-25,D:\full-stack2\data\charts\META\2024-03-25.png,2024-02-27,2024-03-25
META,2024-03-26,D:\full-stack2\data\charts\META\2024-03-26.png,2024-02-28,2024-03-26
META,2024-03-27,D:\full-stack2\data\charts\META\2024-03-27.png,2024-02-29,2024-03-27
META,2024-03-28,D:\full-stack2\data\charts\META\2024-03-28.png,2024-03-01,2024-03-28
META,2024-04-01,D:\full-stack2\data\charts\META\2024-04-01.png,2024-03-04,2024-04-01
META,2024-04-02,D:\full-stack2\data\charts\META\2024-04-02.png,2024-03-05,2024-04-02
META,2024-04-03,D:\full-stack2\data\charts\META\2024-04-03.png,2024-03-06,2024-04-03
META,2024-04-04,D:\full-stack2\data\charts\META\2024-04-04.png,2024-03-07,2024-04-04
META,2024-04-05,D:\full-stack2\data\charts\META\2024-04-05.png,2024-03-08,2024-04-05
META,2024-04-08,D:\full-stack2\data\charts\META\2024-04-08.png,2024-03-11,2024-04-08
META,2024-04-09,D:\full-stack2\data\charts\META\2024-04-09.png,2024-03-12,2024-04-09
META,2024-04-10,D:\full-stack2\data\charts\META\2024-04-10.png,2024-03-13,2024-04-10
META,2024-04-11,D:\full-stack2\data\charts\META\2024-04-11.png,2024-03-14,2024-04-11
META,2024-04-12,D:\full-stack2\data\charts\META\2024-04-12.png,2024-03-15,2024-04-12
META,2024-04-15,D:\full-stack2\data\charts\META\2024-04-15.png,2024-03-18,2024-04-15
META,2024-04-16,D:\full-stack2\data\charts\META\2024-04-16.png,2024-03-19,2024-04-16
META,2024-04-17,D:\full-stack2\data\charts\META\2024-04-17.png,2024-03-20,2024-04-17
META,2024-04-18,D:\full-stack2\data\charts\META\2024-04-18.png,2024-03-21,2024-04-18
META,2024-04-19,D:\full-stack2\data\charts\META\2024-04-19.png,2024-03-22,2024-04-19
META,2024-04-22,D:\full-stack2\data\charts\META\2024-04-22.png,2024-03-25,2024-04-22
META,2024-04-23,D:\full-stack2\data\charts\META\2024-04-23.png,2024-03-26,2024-04-23
META,2024-04-24,D:\full-stack2\data\charts\META\2024-04-24.png,2024-03-27,2024-04-24
META,2024-04-25,D:\full-stack2\data\charts\META\2024-04-25.png,2024-03-28,2024-04-25
META,2024-04-26,D:\full-stack2\data\charts\META\2024-04-26.png,2024-04-01,2024-04-26
META,2024-04-29,D:\full-stack2\data\charts\META\2024-04-29.png,2024-04-02,2024-04-29
META,2024-04-30,D:\full-stack2\data\charts\META\2024-04-30.png,2024-04-03,2024-04-30
META,2024-05-01,D:\full-stack2\data\charts\META\2024-05-01.png,2024-04-04,2024-05-01
META,2024-05-02,D:\full-stack2\data\charts\META\2024-05-02.png,2024-04-05,2024-05-02
META,2024-05-03,D:\full-stack2\data\charts\META\2024-05-03.png,2024-04-08,2024-05-03
META,2024-05-06,D:\full-stack2\data\charts\META\2024-05-06.png,2024-04-09,2024-05-06
META,2024-05-07,D:\full-stack2\data\charts\META\2024-05-07.png,2024-04-10,2024-05-07
META,2024-05-08,D:\full-stack2\data\charts\META\2024-05-08.png,2024-04-11,2024-05-08
META,2024-05-09,D:\full-stack2\data\charts\META\2024-05-09.png,2024-04-12,2024-05-09
META,2024-05-10,D:\full-stack2\data\charts\META\2024-05-10.png,2024-04-15,2024-05-10
META,2024-05-13,D:\full-stack2\data\charts\META\2024-05-13.png,2024-04-16,2024-05-13
META,2024-05-14,D:\full-stack2\data\charts\META\2024-05-14.png,2024-04-17,2024-05-14
META,2024-05-15,D:\full-stack2\data\charts\META\2024-05-15.png,2024-04-18,2024-05-15
META,2024-05-16,D:\full-stack2\data\charts\META\2024-05-16.png,2024-04-19,2024-05-16
META,2024-05-17,D:\full-stack2\data\charts\META\2024-05-17.png,2024-04-22,2024-05-17
META,2024-05-20,D:\full-stack2\data\charts\META\2024-05-20.png,2024-04-23,2024-05-20
META,2024-05-21,D:\full-stack2\data\charts\META\2024-05-21.png,2024-04-24,2024-05-21
META,2024-05-22,D:\full-stack2\data\charts\META\2024-05-22.png,2024-04-25,2024-05-22
META,2024-05-23,D:\full-stack2\data\charts\META\2024-05-23.png,2024-04-26,2024-05-23
META,2024-05-24,D:\full-stack2\data\charts\META\2024-05-24.png,2024-04-29,2024-05-24
META,2024-05-28,D:\full-stack2\data\charts\META\2024-05-28.png,2024-04-30,2024-05-28
META,2024-05-29,D:\full-stack2\data\charts\META\2024-05-29.png,2024-05-01,2024-05-29
META,2024-05-30,D:\full-stack2\data\charts\META\2024-05-30.png,2024-05-02,2024-05-30
META,2024-05-31,D:\full-stack2\data\charts\META\2024-05-31.png,2024-05-03,2024-05-31
META,2024-06-03,D:\full-stack2\data\charts\META\2024-06-03.png,2024-05-06,2024-06-03
META,2024-06-04,D:\full-stack2\data\charts\META\2024-06-04.png,2024-05-07,2024-06-04
META,2024-06-05,D:\full-stack2\data\charts\META\2024-06-05.png,2024-05-08,2024-06-05
META,2024-06-06,D:\full-stack2\data\charts\META\2024-06-06.png,2024-05-09,2024-06-06
META,2024-06-07,D:\full-stack2\data\charts\META\2024-06-07.png,2024-05-10,2024-06-07
META,2024-06-10,D:\full-stack2\data\charts\META\2024-06-10.png,2024-05-13,2024-06-10
META,2024-06-11,D:\full-stack2\data\charts\META\2024-06-11.png,2024-05-14,2024-06-11
META,2024-06-12,D:\full-stack2\data\charts\META\2024-06-12.png,2024-05-15,2024-06-12
META,2024-06-13,D:\full-stack2\data\charts\META\2024-06-13.png,2024-05-16,2024-06-13
META,2024-06-14,D:\full-stack2\data\charts\META\2024-06-14.png,2024-05-17,2024-06-14
META,2024-06-17,D:\full-stack2\data\charts\META\2024-06-17.png,2024-05-20,2024-06-17
META,2024-06-18,D:\full-stack2\data\charts\META\2024-06-18.png,2024-05-21,2024-06-18
META,2024-06-20,D:\full-stack2\data\charts\META\2024-06-20.png,2024-05-22,2024-06-20
META,2024-06-21,D:\full-stack2\data\charts\META\2024-06-21.png,2024-05-23,2024-06-21
META,2024-06-24,D:\full-stack2\data\charts\META\2024-06-24.png,2024-05-24,2024-06-24
META,2024-06-25,D:\full-stack2\data\charts\META\2024-06-25.png,2024-05-28,2024-06-25
META,2024-06-26,D:\full-stack2\data\charts\META\2024-06-26.png,2024-05-29,2024-06-26
META,2024-06-27,D:\full-stack2\data\charts\META\2024-06-27.png,2024-05-30,2024-06-27
META,2024-06-28,D:\full-stack2\data\charts\META\2024-06-28.png,2024-05-31,2024-06-28
META,2024-07-01,D:\full-stack2\data\charts\META\2024-07-01.png,2024-06-03,2024-07-01
META,2024-07-02,D:\full-stack2\data\charts\META\2024-07-02.png,2024-06-04,2024-07-02
META,2024-07-03,D:\full-stack2\data\charts\META\2024-07-03.png,2024-06-05,2024-07-03
META,2024-07-05,D:\full-stack2\data\charts\META\2024-07-05.png,2024-06-06,2024-07-05
META,2024-07-08,D:\full-stack2\data\charts\META\2024-07-08.png,2024-06-07,2024-07-08
META,2024-07-09,D:\full-stack2\data\charts\META\2024-07-09.png,2024-06-10,2024-07-09
META,2024-07-10,D:\full-stack2\data\charts\META\2024-07-10.png,2024-06-11,2024-07-10
META,2024-07-11,D:\full-stack2\data\charts\META\2024-07-11.png,2024-06-12,2024-07-11
META,2024-07-12,D:\full-stack2\data\charts\META\2024-07-12.png,2024-06-13,2024-07-12
META,2024-07-15,D:\full-stack2\data\charts\META\2024-07-15.png,2024-06-14,2024-07-15
META,2024-07-16,D:\full-stack2\data\charts\META\2024-07-16.png,2024-06-17,2024-07-16
META,2024-07-17,D:\full-stack2\data\charts\META\2024-07-17.png,2024-06-18,2024-07-17
META,2024-07-18,D:\full-stack2\data\charts\META\2024-07-18.png,2024-06-20,2024-07-18
META,2024-07-19,D:\full-stack2\data\charts\META\2024-07-19.png,2024-06-21,2024-07-19
META,2024-07-22,D:\full-stack2\data\charts\META\2024-07-22.png,2024-06-24,2024-07-22
META,2024-07-23,D:\full-stack2\data\charts\META\2024-07-23.png,2024-06-25,2024-07-23
META,2024-07-24,D:\full-stack2\data\charts\META\2024-07-24.png,2024-06-26,2024-07-24
META,2024-07-25,D:\full-stack2\data\charts\META\2024-07-25.png,2024-06-27,2024-07-25
META,2024-07-26,D:\full-stack2\data\charts\META\2024-07-26.png,2024-06-28,2024-07-26
META,2024-07-29,D:\full-stack2\data\charts\META\2024-07-29.png,2024-07-01,2024-07-29
META,2024-07-30,D:\full-stack2\data\charts\META\2024-07-30.png,2024-07-02,2024-07-30
META,2024-07-31,D:\full-stack2\data\charts\META\2024-07-31.png,2024-07-03,2024-07-31
META,2024-08-01,D:\full-stack2\data\charts\META\2024-08-01.png,2024-07-05,2024-08-01
META,2024-08-02,D:\full-stack2\data\charts\META\2024-08-02.png,2024-07-08,2024-08-02
META,2024-08-05,D:\full-stack2\data\charts\META\2024-08-05.png,2024-07-09,2024-08-05
META,2024-08-06,D:\full-stack2\data\charts\META\2024-08-06.png,2024-07-10,2024-08-06
META,2024-08-07,D:\full-stack2\data\charts\META\2024-08-07.png,2024-07-11,2024-08-07
META,2024-08-08,D:\full-stack2\data\charts\META\2024-08-08.png,2024-07-12,2024-08-08
META,2024-08-09,D:\full-stack2\data\charts\META\2024-08-09.png,2024-07-15,2024-08-09
META,2024-08-12,D:\full-stack2\data\charts\META\2024-08-12.png,2024-07-16,2024-08-12
META,2024-08-13,D:\full-stack2\data\charts\META\2024-08-13.png,2024-07-17,2024-08-13
META,2024-08-14,D:\full-stack2\data\charts\META\2024-08-14.png,2024-07-18,2024-08-14
META,2024-08-15,D:\full-stack2\data\charts\META\2024-08-15.png,2024-07-19,2024-08-15
META,2024-08-16,D:\full-stack2\data\charts\META\2024-08-16.png,2024-07-22,2024-08-16
META,2024-08-19,D:\full-stack2\data\charts\META\2024-08-19.png,2024-07-23,2024-08-19
META,2024-08-20,D:\full-stack2\data\charts\META\2024-08-20.png,2024-07-24,2024-08-20
META,2024-08-21,D:\full-stack2\data\charts\META\2024-08-21.png,2024-07-25,2024-08-21
META,2024-08-22,D:\full-stack2\data\charts\META\2024-08-22.png,2024-07-26,2024-08-22
META,2024-08-23,D:\full-stack2\data\charts\META\2024-08-23.png,2024-07-29,2024-08-23
META,2024-08-26,D:\full-stack2\data\charts\META\2024-08-26.png,2024-07-30,2024-08-26
META,2024-08-27,D:\full-stack2\data\charts\META\2024-08-27.png,2024-07-31,2024-08-27
META,2024-08-28,D:\full-stack2\data\charts\META\2024-08-28.png,2024-08-01,2024-08-28
META,2024-08-29,D:\full-stack2\data\charts\META\2024-08-29.png,2024-08-02,2024-08-29
META,2024-08-30,D:\full-stack2\data\charts\META\2024-08-30.png,2024-08-05,2024-08-30
META,2024-09-03,D:\full-stack2\data\charts\META\2024-09-03.png,2024-08-06,2024-09-03
META,2024-09-04,D:\full-stack2\data\charts\META\2024-09-04.png,2024-08-07,2024-09-04
META,2024-09-05,D:\full-stack2\data\charts\META\2024-09-05.png,2024-08-08,2024-09-05
META,2024-09-06,D:\full-stack2\data\charts\META\2024-09-06.png,2024-08-09,2024-09-06
META,2024-09-09,D:\full-stack2\data\charts\META\2024-09-09.png,2024-08-12,2024-09-09
META,2024-09-10,D:\full-stack2\data\charts\META\2024-09-10.png,2024-08-13,2024-09-10
META,2024-09-11,D:\full-stack2\data\charts\META\2024-09-11.png,2024-08-14,2024-09-11
META,2024-09-12,D:\full-stack2\data\charts\META\2024-09-12.png,2024-08-15,2024-09-12
META,2024-09-13,D:\full-stack2\data\charts\META\2024-09-13.png,2024-08-16,2024-09-13
META,2024-09-16,D:\full-stack2\data\charts\META\2024-09-16.png,2024-08-19,2024-09-16
META,2024-09-17,D:\full-stack2\data\charts\META\2024-09-17.png,2024-08-20,2024-09-17
META,2024-09-18,D:\full-stack2\data\charts\META\2024-09-18.png,2024-08-21,2024-09-18
META,2024-09-19,D:\full-stack2\data\charts\META\2024-09-19.png,2024-08-22,2024-09-19
META,2024-09-20,D:\full-stack2\data\charts\META\2024-09-20.png,2024-08-23,2024-09-20
META,2024-09-23,D:\full-stack2\data\charts\META\2024-09-23.png,2024-08-26,2024-09-23
META,2024-09-24,D:\full-stack2\data\charts\META\2024-09-24.png,2024-08-27,2024-09-24
META,2024-09-25,D:\full-stack2\data\charts\META\2024-09-25.png,2024-08-28,2024-09-25
META,2024-09-26,D:\full-stack2\data\charts\META\2024-09-26.png,2024-08-29,2024-09-26
META,2024-09-27,D:\full-stack2\data\charts\META\2024-09-27.png,2024-08-30,2024-09-27
META,2024-09-30,D:\full-stack2\data\charts\META\2024-09-30.png,2024-09-03,2024-09-30
META,2024-10-01,D:\full-stack2\data\charts\META\2024-10-01.png,2024-09-04,2024-10-01
META,2024-10-02,D:\full-stack2\data\charts\META\2024-10-02.png,2024-09-05,2024-10-02
META,2024-10-03,D:\full-stack2\data\charts\META\2024-10-03.png,2024-09-06,2024-10-03
META,2024-10-04,D:\full-stack2\data\charts\META\2024-10-04.png,2024-09-09,2024-10-04
META,2024-10-07,D:\full-stack2\data\charts\META\2024-10-07.png,2024-09-10,2024-10-07
META,2024-10-08,D:\full-stack2\data\charts\META\2024-10-08.png,2024-09-11,2024-10-08
META,2024-10-09,D:\full-stack2\data\charts\META\2024-10-09.png,2024-09-12,2024-10-09
META,2024-10-10,D:\full-stack2\data\charts\META\2024-10-10.png,2024-09-13,2024-10-10
META,2024-10-11,D:\full-stack2\data\charts\META\2024-10-11.png,2024-09-16,2024-10-11
META,2024-10-14,D:\full-stack2\data\charts\META\2024-10-14.png,2024-09-17,2024-10-14
META,2024-10-15,D:\full-stack2\data\charts\META\2024-10-15.png,2024-09-18,2024-10-15
META,2024-10-16,D:\full-stack2\data\charts\META\2024-10-16.png,2024-09-19,2024-10-16
META,2024-10-17,D:\full-stack2\data\charts\META\2024-10-17.png,2024-09-20,2024-10-17
META,2024-10-18,D:\full-stack2\data\charts\META\2024-10-18.png,2024-09-23,2024-10-18
META,2024-10-21,D:\full-stack2\data\charts\META\2024-10-21.png,2024-09-24,2024-10-21
META,2024-10-22,D:\full-stack2\data\charts\META\2024-10-22.png,2024-09-25,2024-10-22
META,2024-10-23,D:\full-stack2\data\charts\META\2024-10-23.png,2024-09-26,2024-10-23
META,2024-10-24,D:\full-stack2\data\charts\META\2024-10-24.png,2024-09-27,2024-10-24
META,2024-10-25,D:\full-stack2\data\charts\META\2024-10-25.png,2024-09-30,2024-10-25
META,2024-10-28,D:\full-stack2\data\charts\META\2024-10-28.png,2024-10-01,2024-10-28
META,2024-10-29,D:\full-stack2\data\charts\META\2024-10-29.png,2024-10-02,2024-10-29
META,2024-10-30,D:\full-stack2\data\charts\META\2024-10-30.png,2024-10-03,2024-10-30
META,2024-10-31,D:\full-stack2\data\charts\META\2024-10-31.png,2024-10-04,2024-10-31
META,2024-11-01,D:\full-stack2\data\charts\META\2024-11-01.png,2024-10-07,2024-11-01
META,2024-11-04,D:\full-stack2\data\charts\META\2024-11-04.png,2024-10-08,2024-11-04
META,2024-11-05,D:\full-stack2\data\charts\META\2024-11-05.png,2024-10-09,2024-11-05
META,2024-11-06,D:\full-stack2\data\charts\META\2024-11-06.png,2024-10-10,2024-11-06
META,2024-11-07,D:\full-stack2\data\charts\META\2024-11-07.png,2024-10-11,2024-11-07
META,2024-11-08,D:\full-stack2\data\charts\META\2024-11-08.png,2024-10-14,2024-11-08
META,2024-11-11,D:\full-stack2\data\charts\META\2024-11-11.png,2024-10-15,2024-11-11
META,2024-11-12,D:\full-stack2\data\charts\META\2024-11-12.png,2024-10-16,2024-11-12
META,2024-11-13,D:\full-stack2\data\charts\META\2024-11-13.png,2024-10-17,2024-11-13
META,2024-11-14,D:\full-stack2\data\charts\META\2024-11-14.png,2024-10-18,2024-11-14
META,2024-11-15,D:\full-stack2\data\charts\META\2024-11-15.png,2024-10-21,2024-11-15
META,2024-11-18,D:\full-stack2\data\charts\META\2024-11-18.png,2024-10-22,2024-11-18
META,2024-11-19,D:\full-stack2\data\charts\META\2024-11-19.png,2024-10-23,2024-11-19
META,2024-11-20,D:\full-stack2\data\charts\META\2024-11-20.png,2024-10-24,2024-11-20
META,2024-11-21,D:\full-stack2\data\charts\META\2024-11-21.png,2024-10-25,2024-11-21
META,2024-11-22,D:\full-stack2\data\charts\META\2024-11-22.png,2024-10-28,2024-11-22
META,2024-11-25,D:\full-stack2\data\charts\META\2024-11-25.png,2024-10-29,2024-11-25
META,2024-11-26,D:\full-stack2\data\charts\META\2024-11-26.png,2024-10-30,2024-11-26
META,2024-11-27,D:\full-stack2\data\charts\META\2024-11-27.png,2024-10-31,2024-11-27
META,2024-11-29,D:\full-stack2\data\charts\META\2024-11-29.png,2024-11-01,2024-11-29
META,2024-12-02,D:\full-stack2\data\charts\META\2024-12-02.png,2024-11-04,2024-12-02
META,2024-12-03,D:\full-stack2\data\charts\META\2024-12-03.png,2024-11-05,2024-12-03
META,2024-12-04,D:\full-stack2\data\charts\META\2024-12-04.png,2024-11-06,2024-12-04
META,2024-12-05,D:\full-stack2\data\charts\META\2024-12-05.png,2024-11-07,2024-12-05
META,2024-12-06,D:\full-stack2\data\charts\META\2024-12-06.png,2024-11-08,2024-12-06
META,2024-12-09,D:\full-stack2\data\charts\META\2024-12-09.png,2024-11-11,2024-12-09
META,2024-12-10,D:\full-stack2\data\charts\META\2024-12-10.png,2024-11-12,2024-12-10
META,2024-12-11,D:\full-stack2\data\charts\META\2024-12-11.png,2024-11-13,2024-12-11
META,2024-12-12,D:\full-stack2\data\charts\META\2024-12-12.png,2024-11-14,2024-12-12
META,2024-12-13,D:\full-stack2\data\charts\META\2024-12-13.png,2024-11-15,2024-12-13
META,2024-12-16,D:\full-stack2\data\charts\META\2024-12-16.png,2024-11-18,2024-12-16
META,2024-12-17,D:\full-stack2\data\charts\META\2024-12-17.png,2024-11-19,2024-12-17
META,2024-12-18,D:\full-stack2\data\charts\META\2024-12-18.png,2024-11-20,2024-12-18
META,2024-12-19,D:\full-stack2\data\charts\META\2024-12-19.png,2024-11-21,2024-12-19
META,2024-12-20,D:\full-stack2\data\charts\META\2024-12-20.png,2024-11-22,2024-12-20
META,2024-12-23,D:\full-stack2\data\charts\META\2024-12-23.png,2024-11-25,2024-12-23
META,2024-12-24,D:\full-stack2\data\charts\META\2024-12-24.png,2024-11-26,2024-12-24
META,2024-12-26,D:\full-stack2\data\charts\META\2024-12-26.png,2024-11-27,2024-12-26
META,2024-12-27,D:\full-stack2\data\charts\META\2024-12-27.png,2024-11-29,2024-12-27
META,2024-12-30,D:\full-stack2\data\charts\META\2024-12-30.png,2024-12-02,2024-12-30
META,2024-12-31,D:\full-stack2\data\charts\META\2024-12-31.png,2024-12-03,2024-12-31
META,2025-01-02,D:\full-stack2\data\charts\META\2025-01-02.png,2024-12-04,2025-01-02
META,2025-01-03,D:\full-stack2\data\charts\META\2025-01-03.png,2024-12-05,2025-01-03
META,2025-01-06,D:\full-stack2\data\charts\META\2025-01-06.png,2024-12-06,2025-01-06
META,2025-01-07,D:\full-stack2\data\charts\META\2025-01-07.png,2024-12-09,2025-01-07
META,2025-01-08,D:\full-stack2\data\charts\META\2025-01-08.png,2024-12-10,2025-01-08
META,2025-01-10,D:\full-stack2\data\charts\META\2025-01-10.png,2024-12-11,2025-01-10
META,2025-01-13,D:\full-stack2\data\charts\META\2025-01-13.png,2024-12-12,2025-01-13
META,2025-01-14,D:\full-stack2\data\charts\META\2025-01-14.png,2024-12-13,2025-01-14
META,2025-01-15,D:\full-stack2\data\charts\META\2025-01-15.png,2024-12-16,2025-01-15
META,2025-01-16,D:\full-stack2\data\charts\META\2025-01-16.png,2024-12-17,2025-01-16
META,2025-01-17,D:\full-stack2\data\charts\META\2025-01-17.png,2024-12-18,2025-01-17
META,2025-01-21,D:\full-stack2\data\charts\META\2025-01-21.png,2024-12-19,2025-01-21
META,2025-01-22,D:\full-stack2\data\charts\META\2025-01-22.png,2024-12-20,2025-01-22
META,2025-01-23,D:\full-stack2\data\charts\META\2025-01-23.png,2024-12-23,2025-01-23
META,2025-01-24,D:\full-stack2\data\charts\META\2025-01-24.png,2024-12-24,2025-01-24
META,2025-01-27,D:\full-stack2\data\charts\META\2025-01-27.png,2024-12-26,2025-01-27
META,2025-01-28,D:\full-stack2\data\charts\META\2025-01-28.png,2024-12-27,2025-01-28
META,2025-01-29,D:\full-stack2\data\charts\META\2025-01-29.png,2024-12-30,2025-01-29
META,2025-01-30,D:\full-stack2\data\charts\META\2025-01-30.png,2024-12-31,2025-01-30
META,2025-01-31,D:\full-stack2\data\charts\META\2025-01-31.png,2025-01-02,2025-01-31
META,2025-02-03,D:\full-stack2\data\charts\META\2025-02-03.png,2025-01-03,2025-02-03
META,2025-02-04,D:\full-stack2\data\charts\META\2025-02-04.png,2025-01-06,2025-02-04
META,2025-02-05,D:\full-stack2\data\charts\META\2025-02-05.png,2025-01-07,2025-02-05
META,2025-02-06,D:\full-stack2\data\charts\META\2025-02-06.png,2025-01-08,2025-02-06
META,2025-02-07,D:\full-stack2\data\charts\META\2025-02-07.png,2025-01-10,2025-02-07
META,2025-02-10,D:\full-stack2\data\charts\META\2025-02-10.png,2025-01-13,2025-02-10
META,2025-02-11,D:\full-stack2\data\charts\META\2025-02-11.png,2025-01-14,2025-02-11
META,2025-02-12,D:\full-stack2\data\charts\META\2025-02-12.png,2025-01-15,2025-02-12
META,2025-02-13,D:\full-stack2\data\charts\META\2025-02-13.png,2025-01-16,2025-02-13
META,2025-02-14,D:\full-stack2\data\charts\META\2025-02-14.png,2025-01-17,2025-02-14
META,2025-02-18,D:\full-stack2\data\charts\META\2025-02-18.png,2025-01-21,2025-02-18
META,2025-02-19,D:\full-stack2\data\charts\META\2025-02-19.png,2025-01-22,2025-02-19
META,2025-02-20,D:\full-stack2\data\charts\META\2025-02-20.png,2025-01-23,2025-02-20
META,2025-02-21,D:\full-stack2\data\charts\META\2025-02-21.png,2025-01-24,2025-02-21
META,2025-02-24,D:\full-stack2\data\charts\META\2025-02-24.png,2025-01-27,2025-02-24
META,2025-02-25,D:\full-stack2\data\charts\META\2025-02-25.png,2025-01-28,2025-02-25
META,2025-02-26,D:\full-stack2\data\charts\META\2025-02-26.png,2025-01-29,2025-02-26
META,2025-02-27,D:\full-stack2\data\charts\META\2025-02-27.png,2025-01-30,2025-02-27
META,2025-02-28,D:\full-stack2\data\charts\META\2025-02-28.png,2025-01-31,2025-02-28
META,2025-03-03,D:\full-stack2\data\charts\META\2025-03-03.png,2025-02-03,2025-03-03
META,2025-03-04,D:\full-stack2\data\charts\META\2025-03-04.png,2025-02-04,2025-03-04
META,2025-03-05,D:\full-stack2\data\charts\META\2025-03-05.png,2025-02-05,2025-03-05
META,2025-03-06,D:\full-stack2\data\charts\META\2025-03-06.png,2025-02-06,2025-03-06
META,2025-03-07,D:\full-stack2\data\charts\META\2025-03-07.png,2025-02-07,2025-03-07
META,2025-03-10,D:\full-stack2\data\charts\META\2025-03-10.png,2025-02-10,2025-03-10
META,2025-03-11,D:\full-stack2\data\charts\META\2025-03-11.png,2025-02-11,2025-03-11
META,2025-03-12,D:\full-stack2\data\charts\META\2025-03-12.png,2025-02-12,2025-03-12
META,2025-03-13,D:\full-stack2\data\charts\META\2025-03-13.png,2025-02-13,2025-03-13
META,2025-03-14,D:\full-stack2\data\charts\META\2025-03-14.png,2025-02-14,2025-03-14
META,2025-03-17,D:\full-stack2\data\charts\META\2025-03-17.png,2025-02-18,2025-03-17
META,2025-03-18,D:\full-stack2\data\charts\META\2025-03-18.png,2025-02-19,2025-03-18
META,2025-03-19,D:\full-stack2\data\charts\META\2025-03-19.png,2025-02-20,2025-03-19
META,2025-03-20,D:\full-stack2\data\charts\META\2025-03-20.png,2025-02-21,2025-03-20
META,2025-03-21,D:\full-stack2\data\charts\META\2025-03-21.png,2025-02-24,2025-03-21
META,2025-03-24,D:\full-stack2\data\charts\META\2025-03-24.png,2025-02-25,2025-03-24
META,2025-03-25,D:\full-stack2\data\charts\META\2025-03-25.png,2025-02-26,2025-03-25
META,2025-03-26,D:\full-stack2\data\charts\META\2025-03-26.png,2025-02-27,2025-03-26
META,2025-03-27,D:\full-stack2\data\charts\META\2025-03-27.png,2025-02-28,2025-03-27
META,2025-03-28,D:\full-stack2\data\charts\META\2025-03-28.png,2025-03-03,2025-03-28
META,2025-03-31,D:\full-stack2\data\charts\META\2025-03-31.png,2025-03-04,2025-03-31
META,2025-04-01,D:\full-stack2\data\charts\META\2025-04-01.png,2025-03-05,2025-04-01
META,2025-04-02,D:\full-stack2\data\charts\META\2025-04-02.png,2025-03-06,2025-04-02
META,2025-04-03,D:\full-stack2\data\charts\META\2025-04-03.png,2025-03-07,2025-04-03
META,2025-04-04,D:\full-stack2\data\charts\META\2025-04-04.png,2025-03-10,2025-04-04
META,2025-04-07,D:\full-stack2\data\charts\META\2025-04-07.png,2025-03-11,2025-04-07
META,2025-04-08,D:\full-stack2\data\charts\META\2025-04-08.png,2025-03-12,2025-04-08
META,2025-04-09,D:\full-stack2\data\charts\META\2025-04-09.png,2025-03-13,2025-04-09
META,2025-04-10,D:\full-stack2\data\charts\META\2025-04-10.png,2025-03-14,2025-04-10
META,2025-04-11,D:\full-stack2\data\charts\META\2025-04-11.png,2025-03-17,2025-04-11
META,2025-04-14,D:\full-stack2\data\charts\META\2025-04-14.png,2025-03-18,2025-04-14
META,2025-04-15,D:\full-stack2\data\charts\META\2025-04-15.png,2025-03-19,2025-04-15
META,2025-04-16,D:\full-stack2\data\charts\META\2025-04-16.png,2025-03-20,2025-04-16
META,2025-04-17,D:\full-stack2\data\charts\META\2025-04-17.png,2025-03-21,2025-04-17
META,2025-04-21,D:\full-stack2\data\charts\META\2025-04-21.png,2025-03-24,2025-04-21
META,2025-04-22,D:\full-stack2\data\charts\META\2025-04-22.png,2025-03-25,2025-04-22
META,2025-04-23,D:\full-stack2\data\charts\META\2025-04-23.png,2025-03-26,2025-04-23
META,2025-04-24,D:\full-stack2\data\charts\META\2025-04-24.png,2025-03-27,2025-04-24
META,2025-04-25,D:\full-stack2\data\charts\META\2025-04-25.png,2025-03-28,2025-04-25
META,2025-04-28,D:\full-stack2\data\charts\META\2025-04-28.png,2025-03-31,2025-04-28
META,2025-04-29,D:\full-stack2\data\charts\META\2025-04-29.png,2025-04-01,2025-04-29
META,2025-04-30,D:\full-stack2\data\charts\META\2025-04-30.png,2025-04-02,2025-04-30
META,2025-05-01,D:\full-stack2\data\charts\META\2025-05-01.png,2025-04-03,2025-05-01
META,2025-05-02,D:\full-stack2\data\charts\META\2025-05-02.png,2025-04-04,2025-05-02
META,2025-05-05,D:\full-stack2\data\charts\META\2025-05-05.png,2025-04-07,2025-05-05
META,2025-05-06,D:\full-stack2\data\charts\META\2025-05-06.png,2025-04-08,2025-05-06
META,2025-05-07,D:\full-stack2\data\charts\META\2025-05-07.png,2025-04-09,2025-05-07
META,2025-05-08,D:\full-stack2\data\charts\META\2025-05-08.png,2025-04-10,2025-05-08
META,2025-05-09,D:\full-stack2\data\charts\META\2025-05-09.png,2025-04-11,2025-05-09
META,2025-05-12,D:\full-stack2\data\charts\META\2025-05-12.png,2025-04-14,2025-05-12
META,2025-05-13,D:\full-stack2\data\charts\META\2025-05-13.png,2025-04-15,2025-05-13
META,2025-05-14,D:\full-stack2\data\charts\META\2025-05-14.png,2025-04-16,2025-05-14
META,2025-05-15,D:\full-stack2\data\charts\META\2025-05-15.png,2025-04-17,2025-05-15
META,2025-05-16,D:\full-stack2\data\charts\META\2025-05-16.png,2025-04-21,2025-05-16
META,2025-05-19,D:\full-stack2\data\charts\META\2025-05-19.png,2025-04-22,2025-05-19
META,2025-05-20,D:\full-stack2\data\charts\META\2025-05-20.png,2025-04-23,2025-05-20
META,2025-05-21,D:\full-stack2\data\charts\META\2025-05-21.png,2025-04-24,2025-05-21
META,2025-05-22,D:\full-stack2\data\charts\META\2025-05-22.png,2025-04-25,2025-05-22
META,2025-05-23,D:\full-stack2\data\charts\META\2025-05-23.png,2025-04-28,2025-05-23
META,2025-05-27,D:\full-stack2\data\charts\META\2025-05-27.png,2025-04-29,2025-05-27
META,2025-05-28,D:\full-stack2\data\charts\META\2025-05-28.png,2025-04-30,2025-05-28
META,2025-05-29,D:\full-stack2\data\charts\META\2025-05-29.png,2025-05-01,2025-05-29
META,2025-05-30,D:\full-stack2\data\charts\META\2025-05-30.png,2025-05-02,2025-05-30
META,2025-06-02,D:\full-stack2\data\charts\META\2025-06-02.png,2025-05-05,2025-06-02
META,2025-06-03,D:\full-stack2\data\charts\META\2025-06-03.png,2025-05-06,2025-06-03
META,2025-06-04,D:\full-stack2\data\charts\META\2025-06-04.png,2025-05-07,2025-06-04
META,2025-06-05,D:\full-stack2\data\charts\META\2025-06-05.png,2025-05-08,2025-06-05
META,2025-06-06,D:\full-stack2\data\charts\META\2025-06-06.png,2025-05-09,2025-06-06
META,2025-06-09,D:\full-stack2\data\charts\META\2025-06-09.png,2025-05-12,2025-06-09
META,2025-06-10,D:\full-stack2\data\charts\META\2025-06-10.png,2025-05-13,2025-06-10
META,2025-06-11,D:\full-stack2\data\charts\META\2025-06-11.png,2025-05-14,2025-06-11
META,2025-06-12,D:\full-stack2\data\charts\META\2025-06-12.png,2025-05-15,2025-06-12
META,2025-06-13,D:\full-stack2\data\charts\META\2025-06-13.png,2025-05-16,2025-06-13
META,2025-06-16,D:\full-stack2\data\charts\META\2025-06-16.png,2025-05-19,2025-06-16
META,2025-06-17,D:\full-stack2\data\charts\META\2025-06-17.png,2025-05-20,2025-06-17
META,2025-06-18,D:\full-stack2\data\charts\META\2025-06-18.png,2025-05-21,2025-06-18
META,2025-06-20,D:\full-stack2\data\charts\META\2025-06-20.png,2025-05-22,2025-06-20
META,2025-06-23,D:\full-stack2\data\charts\META\2025-06-23.png,2025-05-23,2025-06-23
META,2025-06-24,D:\full-stack2\data\charts\META\2025-06-24.png,2025-05-27,2025-06-24
META,2025-06-25,D:\full-stack2\data\charts\META\2025-06-25.png,2025-05-28,2025-06-25
META,2025-06-26,D:\full-stack2\data\charts\META\2025-06-26.png,2025-05-29,2025-06-26
META,2025-06-27,D:\full-stack2\data\charts\META\2025-06-27.png,2025-05-30,2025-06-27
META,2025-06-30,D:\full-stack2\data\charts\META\2025-06-30.png,2025-06-02,2025-06-30
META,2025-07-01,D:\full-stack2\data\charts\META\2025-07-01.png,2025-06-03,2025-07-01
META,2025-07-02,D:\full-stack2\data\charts\META\2025-07-02.png,2025-06-04,2025-07-02
META,2025-07-03,D:\full-stack2\data\charts\META\2025-07-03.png,2025-06-05,2025-07-03
META,2025-07-07,D:\full-stack2\data\charts\META\2025-07-07.png,2025-06-06,2025-07-07
META,2025-07-08,D:\full-stack2\data\charts\META\2025-07-08.png,2025-06-09,2025-07-08
META,2025-07-09,D:\full-stack2\data\charts\META\2025-07-09.png,2025-06-10,2025-07-09
META,2025-07-10,D:\full-stack2\data\charts\META\2025-07-10.png,2025-06-11,2025-07-10
META,2025-07-11,D:\full-stack2\data\charts\META\2025-07-11.png,2025-06-12,2025-07-11
META,2025-07-14,D:\full-stack2\data\charts\META\2025-07-14.png,2025-06-13,2025-07-14
META,2025-07-15,D:\full-stack2\data\charts\META\2025-07-15.png,2025-06-16,2025-07-15
META,2025-07-16,D:\full-stack2\data\charts\META\2025-07-16.png,2025-06-17,2025-07-16
META,2025-07-17,D:\full-stack2\data\charts\META\2025-07-17.png,2025-06-18,2025-07-17
META,2025-07-18,D:\full-stack2\data\charts\META\2025-07-18.png,2025-06-20,2025-07-18
META,2025-07-21,D:\full-stack2\data\charts\META\2025-07-21.png,2025-06-23,2025-07-21
META,2025-07-22,D:\full-stack2\data\charts\META\2025-07-22.png,2025-06-24,2025-07-22
META,2025-07-23,D:\full-stack2\data\charts\META\2025-07-23.png,2025-06-25,2025-07-23
META,2025-07-24,D:\full-stack2\data\charts\META\2025-07-24.png,2025-06-26,2025-07-24
META,2025-07-25,D:\full-stack2\data\charts\META\2025-07-25.png,2025-06-27,2025-07-25
META,2025-07-28,D:\full-stack2\data\charts\META\2025-07-28.png,2025-06-30,2025-07-28
META,2025-07-29,D:\full-stack2\data\charts\META\2025-07-29.png,2025-07-01,2025-07-29
META,2025-07-30,D:\full-stack2\data\charts\META\2025-07-30.png,2025-07-02,2025-07-30
META,2025-07-31,D:\full-stack2\data\charts\META\2025-07-31.png,2025-07-03,2025-07-31
META,2025-08-01,D:\full-stack2\data\charts\META\2025-08-01.png,2025-07-07,2025-08-01
META,2025-08-04,D:\full-stack2\data\charts\META\2025-08-04.png,2025-07-08,2025-08-04
META,2025-08-05,D:\full-stack2\data\charts\META\2025-08-05.png,2025-07-09,2025-08-05
META,2025-08-06,D:\full-stack2\data\charts\META\2025-08-06.png,2025-07-10,2025-08-06
META,2025-08-07,D:\full-stack2\data\charts\META\2025-08-07.png,2025-07-11,2025-08-07
META,2025-08-08,D:\full-stack2\data\charts\META\2025-08-08.png,2025-07-14,2025-08-08
META,2025-08-11,D:\full-stack2\data\charts\META\2025-08-11.png,2025-07-15,2025-08-11
META,2025-08-12,D:\full-stack2\data\charts\META\2025-08-12.png,2025-07-16,2025-08-12
META,2025-08-13,D:\full-stack2\data\charts\META\2025-08-13.png,2025-07-17,2025-08-13
META,2025-08-14,D:\full-stack2\data\charts\META\2025-08-14.png,2025-07-18,2025-08-14
META,2025-08-15,D:\full-stack2\data\charts\META\2025-08-15.png,2025-07-21,2025-08-15
META,2025-08-18,D:\full-stack2\data\charts\META\2025-08-18.png,2025-07-22,2025-08-18
META,2025-08-19,D:\full-stack2\data\charts\META\2025-08-19.png,2025-07-23,2025-08-19
META,2025-08-20,D:\full-stack2\data\charts\META\2025-08-20.png,2025-07-24,2025-08-20
META,2025-08-21,D:\full-stack2\data\charts\META\2025-08-21.png,2025-07-25,2025-08-21
META,2025-08-22,D:\full-stack2\data\charts\META\2025-08-22.png,2025-07-28,2025-08-22
META,2025-08-25,D:\full-stack2\data\charts\META\2025-08-25.png,2025-07-29,2025-08-25
META,2025-08-26,D:\full-stack2\data\charts\META\2025-08-26.png,2025-07-30,2025-08-26
META,2025-08-27,D:\full-stack2\data\charts\META\2025-08-27.png,2025-07-31,2025-08-27
META,2025-08-28,D:\full-stack2\data\charts\META\2025-08-28.png,2025-08-01,2025-08-28
META,2025-08-29,D:\full-stack2\data\charts\META\2025-08-29.png,2025-08-04,2025-08-29
META,2025-09-02,D:\full-stack2\data\charts\META\2025-09-02.png,2025-08-05,2025-09-02
META,2025-09-03,D:\full-stack2\data\charts\META\2025-09-03.png,2025-08-06,2025-09-03
META,2025-09-04,D:\full-stack2\data\charts\META\2025-09-04.png,2025-08-07,2025-09-04
META,2025-09-05,D:\full-stack2\data\charts\META\2025-09-05.png,2025-08-08,2025-09-05
META,2025-09-08,D:\full-stack2\data\charts\META\2025-09-08.png,2025-08-11,2025-09-08
META,2025-09-09,D:\full-stack2\data\charts\META\2025-09-09.png,2025-08-12,2025-09-09
META,2025-09-10,D:\full-stack2\data\charts\META\2025-09-10.png,2025-08-13,2025-09-10
META,2025-09-11,D:\full-stack2\data\charts\META\2025-09-11.png,2025-08-14,2025-09-11
META,2025-09-12,D:\full-stack2\data\charts\META\2025-09-12.png,2025-08-15,2025-09-12
META,2025-09-15,D:\full-stack2\data\charts\META\2025-09-15.png,2025-08-18,2025-09-15
META,2025-09-16,D:\full-stack2\data\charts\META\2025-09-16.png,2025-08-19,2025-09-16
META,2025-09-17,D:\full-stack2\data\charts\META\2025-09-17.png,2025-08-20,2025-09-17
META,2025-09-18,D:\full-stack2\data\charts\META\2025-09-18.png,2025-08-21,2025-09-18
META,2025-09-19,D:\full-stack2\data\charts\META\2025-09-19.png,2025-08-22,2025-09-19
META,2025-09-22,D:\full-stack2\data\charts\META\2025-09-22.png,2025-08-25,2025-09-22
META,2025-09-23,D:\full-stack2\data\charts\META\2025-09-23.png,2025-08-26,2025-09-23
META,2025-09-24,D:\full-stack2\data\charts\META\2025-09-24.png,2025-08-27,2025-09-24
META,2025-09-25,D:\full-stack2\data\charts\META\2025-09-25.png,2025-08-28,2025-09-25
META,2025-09-26,D:\full-stack2\data\charts\META\2025-09-26.png,2025-08-29,2025-09-26
META,2025-09-29,D:\full-stack2\data\charts\META\2025-09-29.png,2025-09-02,2025-09-29
META,2025-09-30,D:\full-stack2\data\charts\META\2025-09-30.png,2025-09-03,2025-09-30
META,2025-10-01,D:\full-stack2\data\charts\META\2025-10-01.png,2025-09-04,2025-10-01
META,2025-10-02,D:\full-stack2\data\charts\META\2025-10-02.png,2025-09-05,2025-10-02
META,2025-10-03,D:\full-stack2\data\charts\META\2025-10-03.png,2025-09-08,2025-10-03
META,2025-10-06,D:\full-stack2\data\charts\META\2025-10-06.png,2025-09-09,2025-10-06
META,2025-10-07,D:\full-stack2\data\charts\META\2025-10-07.png,2025-09-10,2025-10-07
META,2025-10-08,D:\full-stack2\data\charts\META\2025-10-08.png,2025-09-11,2025-10-08
META,2025-10-09,D:\full-stack2\data\charts\META\2025-10-09.png,2025-09-12,2025-10-09
META,2025-10-10,D:\full-stack2\data\charts\META\2025-10-10.png,2025-09-15,2025-10-10
META,2025-10-13,D:\full-stack2\data\charts\META\2025-10-13.png,2025-09-16,2025-10-13
META,2025-10-14,D:\full-stack2\data\charts\META\2025-10-14.png,2025-09-17,2025-10-14
META,2025-10-15,D:\full-stack2\data\charts\META\2025-10-15.png,2025-09-18,2025-10-15
META,2025-10-16,D:\full-stack2\data\charts\META\2025-10-16.png,2025-09-19,2025-10-16
META,2025-10-17,D:\full-stack2\data\charts\META\2025-10-17.png,2025-09-22,2025-10-17
META,2025-10-20,D:\full-stack2\data\charts\META\2025-10-20.png,2025-09-23,2025-10-20
META,2025-10-21,D:\full-stack2\data\charts\META\2025-10-21.png,2025-09-24,2025-10-21
META,2025-10-22,D:\full-stack2\data\charts\META\2025-10-22.png,2025-09-25,2025-10-22
META,2025-10-23,D:\full-stack2\data\charts\META\2025-10-23.png,2025-09-26,2025-10-23
META,2025-10-24,D:\full-stack2\data\charts\META\2025-10-24.png,2025-09-29,2025-10-24
META,2025-10-27,D:\full-stack2\data\charts\META\2025-10-27.png,2025-09-30,2025-10-27
META,2025-10-28,D:\full-stack2\data\charts\META\2025-10-28.png,2025-10-01,2025-10-28
META,2025-10-29,D:\full-stack2\data\charts\META\2025-10-29.png,2025-10-02,2025-10-29
META,2025-10-30,D:\full-stack2\data\charts\META\2025-10-30.png,2025-10-03,2025-10-30
META,2025-10-31,D:\full-stack2\data\charts\META\2025-10-31.png,2025-10-06,2025-10-31
META,2025-11-03,D:\full-stack2\data\charts\META\2025-11-03.png,2025-10-07,2025-11-03
META,2025-11-04,D:\full-stack2\data\charts\META\2025-11-04.png,2025-10-08,2025-11-04
META,2025-11-05,D:\full-stack2\data\charts\META\2025-11-05.png,2025-10-09,2025-11-05
META,2025-11-06,D:\full-stack2\data\charts\META\2025-11-06.png,2025-10-10,2025-11-06
META,2025-11-07,D:\full-stack2\data\charts\META\2025-11-07.png,2025-10-13,2025-11-07
META,2025-11-10,D:\full-stack2\data\charts\META\2025-11-10.png,2025-10-14,2025-11-10
META,2025-11-11,D:\full-stack2\data\charts\META\2025-11-11.png,2025-10-15,2025-11-11
META,2025-11-12,D:\full-stack2\data\charts\META\2025-11-12.png,2025-10-16,2025-11-12
META,2025-11-13,D:\full-stack2\data\charts\META\2025-11-13.png,2025-10-17,2025-11-13
META,2025-11-14,D:\full-stack2\data\charts\META\2025-11-14.png,2025-10-20,2025-11-14
META,2025-11-17,D:\full-stack2\data\charts\META\2025-11-17.png,2025-10-21,2025-11-17
META,2025-11-18,D:\full-stack2\data\charts\META\2025-11-18.png,2025-10-22,2025-11-18
META,2025-11-19,D:\full-stack2\data\charts\META\2025-11-19.png,2025-10-23,2025-11-19
META,2025-11-20,D:\full-stack2\data\charts\META\2025-11-20.png,2025-10-24,2025-11-20
META,2025-11-21,D:\full-stack2\data\charts\META\2025-11-21.png,2025-10-27,2025-11-21
META,2025-11-24,D:\full-stack2\data\charts\META\2025-11-24.png,2025-10-28,2025-11-24
META,2025-11-25,D:\full-stack2\data\charts\META\2025-11-25.png,2025-10-29,2025-11-25
META,2025-11-26,D:\full-stack2\data\charts\META\2025-11-26.png,2025-10-30,2025-11-26
META,2025-11-28,D:\full-stack2\data\charts\META\2025-11-28.png,2025-10-31,2025-11-28
META,2025-12-01,D:\full-stack2\data\charts\META\2025-12-01.png,2025-11-03,2025-12-01
META,2025-12-02,D:\full-stack2\data\charts\META\2025-12-02.png,2025-11-04,2025-12-02
META,2025-12-03,D:\full-stack2\data\charts\META\2025-12-03.png,2025-11-05,2025-12-03
META,2025-12-04,D:\full-stack2\data\charts\META\2025-12-04.png,2025-11-06,2025-12-04
META,2025-12-05,D:\full-stack2\data\charts\META\2025-12-05.png,2025-11-07,2025-12-05
META,2025-12-08,D:\full-stack2\data\charts\META\2025-12-08.png,2025-11-10,2025-12-08
META,2025-12-09,D:\full-stack2\data\charts\META\2025-12-09.png,2025-11-11,2025-12-09
META,2025-12-10,D:\full-stack2\data\charts\META\2025-12-10.png,2025-11-12,2025-12-10
META,2025-12-11,D:\full-stack2\data\charts\META\2025-12-11.png,2025-11-13,2025-12-11
META,2025-12-12,D:\full-stack2\data\charts\META\2025-12-12.png,2025-11-14,2025-12-12
META,2025-12-15,D:\full-stack2\data\charts\META\2025-12-15.png,2025-11-17,2025-12-15
META,2025-12-16,D:\full-stack2\data\charts\META\2025-12-16.png,2025-11-18,2025-12-16
META,2025-12-17,D:\full-stack2\data\charts\META\2025-12-17.png,2025-11-19,2025-12-17
META,2025-12-18,D:\full-stack2\data\charts\META\2025-12-18.png,2025-11-20,2025-12-18
META,2025-12-19,D:\full-stack2\data\charts\META\2025-12-19.png,2025-11-21,2025-12-19
META,2025-12-22,D:\full-stack2\data\charts\META\2025-12-22.png,2025-11-24,2025-12-22
META,2025-12-23,D:\full-stack2\data\charts\META\2025-12-23.png,2025-11-25,2025-12-23
META,2025-12-24,D:\full-stack2\data\charts\META\2025-12-24.png,2025-11-26,2025-12-24
META,2025-12-26,D:\full-stack2\data\charts\META\2025-12-26.png,2025-11-28,2025-12-26
META,2025-12-29,D:\full-stack2\data\charts\META\2025-12-29.png,2025-12-01,2025-12-29
NFLX,2022-01-31,D:\full-stack2\data\charts\NFLX\2022-01-31.png,2022-01-03,2022-01-31
NFLX,2022-02-01,D:\full-stack2\data\charts\NFLX\2022-02-01.png,2022-01-04,2022-02-01
NFLX,2022-02-02,D:\full-stack2\data\charts\NFLX\2022-02-02.png,2022-01-05,2022-02-02
NFLX,2022-02-03,D:\full-stack2\data\charts\NFLX\2022-02-03.png,2022-01-06,2022-02-03
NFLX,2022-02-04,D:\full-stack2\data\charts\NFLX\2022-02-04.png,2022-01-07,2022-02-04
NFLX,2022-02-07,D:\full-stack2\data\charts\NFLX\2022-02-07.png,2022-01-10,2022-02-07
NFLX,2022-02-08,D:\full-stack2\data\charts\NFLX\2022-02-08.png,2022-01-11,2022-02-08
NFLX,2022-02-09,D:\full-stack2\data\charts\NFLX\2022-02-09.png,2022-01-12,2022-02-09
NFLX,2022-02-10,D:\full-stack2\data\charts\NFLX\2022-02-10.png,2022-01-13,2022-02-10
NFLX,2022-02-11,D:\full-stack2\data\charts\NFLX\2022-02-11.png,2022-01-14,2022-02-11
NFLX,2022-02-14,D:\full-stack2\data\charts\NFLX\2022-02-14.png,2022-01-18,2022-02-14
NFLX,2022-02-15,D:\full-stack2\data\charts\NFLX\2022-02-15.png,2022-01-19,2022-02-15
NFLX,2022-02-16,D:\full-stack2\data\charts\NFLX\2022-02-16.png,2022-01-20,2022-02-16
NFLX,2022-02-17,D:\full-stack2\data\charts\NFLX\2022-02-17.png,2022-01-21,2022-02-17
NFLX,2022-02-18,D:\full-stack2\data\charts\NFLX\2022-02-18.png,2022-01-24,2022-02-18
NFLX,2022-02-22,D:\full-stack2\data\charts\NFLX\2022-02-22.png,2022-01-25,2022-02-22
NFLX,2022-02-23,D:\full-stack2\data\charts\NFLX\2022-02-23.png,2022-01-26,2022-02-23
NFLX,2022-02-24,D:\full-stack2\data\charts\NFLX\2022-02-24.png,2022-01-27,2022-02-24
NFLX,2022-02-25,D:\full-stack2\data\charts\NFLX\2022-02-25.png,2022-01-28,2022-02-25
NFLX,2022-02-28,D:\full-stack2\data\charts\NFLX\2022-02-28.png,2022-01-31,2022-02-28
NFLX,2022-03-01,D:\full-stack2\data\charts\NFLX\2022-03-01.png,2022-02-01,2022-03-01
NFLX,2022-03-02,D:\full-stack2\data\charts\NFLX\2022-03-02.png,2022-02-02,2022-03-02
NFLX,2022-03-03,D:\full-stack2\data\charts\NFLX\2022-03-03.png,2022-02-03,2022-03-03
NFLX,2022-03-04,D:\full-stack2\data\charts\NFLX\2022-03-04.png,2022-02-04,2022-03-04
NFLX,2022-03-07,D:\full-stack2\data\charts\NFLX\2022-03-07.png,2022-02-07,2022-03-07
NFLX,2022-03-08,D:\full-stack2\data\charts\NFLX\2022-03-08.png,2022-02-08,2022-03-08
NFLX,2022-03-09,D:\full-stack2\data\charts\NFLX\2022-03-09.png,2022-02-09,2022-03-09
NFLX,2022-03-10,D:\full-stack2\data\charts\NFLX\2022-03-10.png,2022-02-10,2022-03-10
NFLX,2022-03-11,D:\full-stack2\data\charts\NFLX\2022-03-11.png,2022-02-11,2022-03-11
NFLX,2022-03-14,D:\full-stack2\data\charts\NFLX\2022-03-14.png,2022-02-14,2022-03-14
NFLX,2022-03-15,D:\full-stack2\data\charts\NFLX\2022-03-15.png,2022-02-15,2022-03-15
NFLX,2022-03-16,D:\full-stack2\data\charts\NFLX\2022-03-16.png,2022-02-16,2022-03-16
NFLX,2022-03-17,D:\full-stack2\data\charts\NFLX\2022-03-17.png,2022-02-17,2022-03-17
NFLX,2022-03-18,D:\full-stack2\data\charts\NFLX\2022-03-18.png,2022-02-18,2022-03-18
NFLX,2022-03-21,D:\full-stack2\data\charts\NFLX\2022-03-21.png,2022-02-22,2022-03-21
NFLX,2022-03-22,D:\full-stack2\data\charts\NFLX\2022-03-22.png,2022-02-23,2022-03-22
NFLX,2022-03-23,D:\full-stack2\data\charts\NFLX\2022-03-23.png,2022-02-24,2022-03-23
NFLX,2022-03-24,D:\full-stack2\data\charts\NFLX\2022-03-24.png,2022-02-25,2022-03-24
NFLX,2022-03-25,D:\full-stack2\data\charts\NFLX\2022-03-25.png,2022-02-28,2022-03-25
NFLX,2022-03-28,D:\full-stack2\data\charts\NFLX\2022-03-28.png,2022-03-01,2022-03-28
NFLX,2022-03-29,D:\full-stack2\data\charts\NFLX\2022-03-29.png,2022-03-02,2022-03-29
NFLX,2022-03-30,D:\full-stack2\data\charts\NFLX\2022-03-30.png,2022-03-03,2022-03-30
NFLX,2022-03-31,D:\full-stack2\data\charts\NFLX\2022-03-31.png,2022-03-04,2022-03-31
NFLX,2022-04-01,D:\full-stack2\data\charts\NFLX\2022-04-01.png,2022-03-07,2022-04-01
NFLX,2022-04-04,D:\full-stack2\data\charts\NFLX\2022-04-04.png,2022-03-08,2022-04-04
NFLX,2022-04-05,D:\full-stack2\data\charts\NFLX\2022-04-05.png,2022-03-09,2022-04-05
NFLX,2022-04-06,D:\full-stack2\data\charts\NFLX\2022-04-06.png,2022-03-10,2022-04-06
NFLX,2022-04-07,D:\full-stack2\data\charts\NFLX\2022-04-07.png,2022-03-11,2022-04-07
NFLX,2022-04-08,D:\full-stack2\data\charts\NFLX\2022-04-08.png,2022-03-14,2022-04-08
NFLX,2022-04-11,D:\full-stack2\data\charts\NFLX\2022-04-11.png,2022-03-15,2022-04-11
NFLX,2022-04-12,D:\full-stack2\data\charts\NFLX\2022-04-12.png,2022-03-16,2022-04-12
NFLX,2022-04-13,D:\full-stack2\data\charts\NFLX\2022-04-13.png,2022-03-17,2022-04-13
NFLX,2022-04-14,D:\full-stack2\data\charts\NFLX\2022-04-14.png,2022-03-18,2022-04-14
NFLX,2022-04-18,D:\full-stack2\data\charts\NFLX\2022-04-18.png,2022-03-21,2022-04-18
NFLX,2022-04-19,D:\full-stack2\data\charts\NFLX\2022-04-19.png,2022-03-22,2022-04-19
NFLX,2022-04-20,D:\full-stack2\data\charts\NFLX\2022-04-20.png,2022-03-23,2022-04-20
NFLX,2022-04-21,D:\full-stack2\data\charts\NFLX\2022-04-21.png,2022-03-24,2022-04-21
NFLX,2022-04-22,D:\full-stack2\data\charts\NFLX\2022-04-22.png,2022-03-25,2022-04-22
NFLX,2022-04-25,D:\full-stack2\data\charts\NFLX\2022-04-25.png,2022-03-28,2022-04-25
NFLX,2022-04-26,D:\full-stack2\data\charts\NFLX\2022-04-26.png,2022-03-29,2022-04-26
NFLX,2022-04-27,D:\full-stack2\data\charts\NFLX\2022-04-27.png,2022-03-30,2022-04-27
NFLX,2022-04-28,D:\full-stack2\data\charts\NFLX\2022-04-28.png,2022-03-31,2022-04-28
NFLX,2022-04-29,D:\full-stack2\data\charts\NFLX\2022-04-29.png,2022-04-01,2022-04-29
NFLX,2022-05-02,D:\full-stack2\data\charts\NFLX\2022-05-02.png,2022-04-04,2022-05-02
NFLX,2022-05-03,D:\full-stack2\data\charts\NFLX\2022-05-03.png,2022-04-05,2022-05-03
NFLX,2022-05-04,D:\full-stack2\data\charts\NFLX\2022-05-04.png,2022-04-06,2022-05-04
NFLX,2022-05-05,D:\full-stack2\data\charts\NFLX\2022-05-05.png,2022-04-07,2022-05-05
NFLX,2022-05-06,D:\full-stack2\data\charts\NFLX\2022-05-06.png,2022-04-08,2022-05-06
NFLX,2022-05-09,D:\full-stack2\data\charts\NFLX\2022-05-09.png,2022-04-11,2022-05-09
NFLX,2022-05-10,D:\full-stack2\data\charts\NFLX\2022-05-10.png,2022-04-12,2022-05-10
NFLX,2022-05-11,D:\full-stack2\data\charts\NFLX\2022-05-11.png,2022-04-13,2022-05-11
NFLX,2022-05-12,D:\full-stack2\data\charts\NFLX\2022-05-12.png,2022-04-14,2022-05-12
NFLX,2022-05-13,D:\full-stack2\data\charts\NFLX\2022-05-13.png,2022-04-18,2022-05-13
NFLX,2022-05-16,D:\full-stack2\data\charts\NFLX\2022-05-16.png,2022-04-19,2022-05-16
NFLX,2022-05-17,D:\full-stack2\data\charts\NFLX\2022-05-17.png,2022-04-20,2022-05-17
NFLX,2022-05-18,D:\full-stack2\data\charts\NFLX\2022-05-18.png,2022-04-21,2022-05-18
NFLX,2022-05-19,D:\full-stack2\data\charts\NFLX\2022-05-19.png,2022-04-22,2022-05-19
NFLX,2022-05-20,D:\full-stack2\data\charts\NFLX\2022-05-20.png,2022-04-25,2022-05-20
NFLX,2022-05-23,D:\full-stack2\data\charts\NFLX\2022-05-23.png,2022-04-26,2022-05-23
NFLX,2022-05-24,D:\full-stack2\data\charts\NFLX\2022-05-24.png,2022-04-27,2022-05-24
NFLX,2022-05-25,D:\full-stack2\data\charts\NFLX\2022-05-25.png,2022-04-28,2022-05-25
NFLX,2022-05-26,D:\full-stack2\data\charts\NFLX\2022-05-26.png,2022-04-29,2022-05-26
NFLX,2022-05-27,D:\full-stack2\data\charts\NFLX\2022-05-27.png,2022-05-02,2022-05-27
NFLX,2022-05-31,D:\full-stack2\data\charts\NFLX\2022-05-31.png,2022-05-03,2022-05-31
NFLX,2022-06-01,D:\full-stack2\data\charts\NFLX\2022-06-01.png,2022-05-04,2022-06-01
NFLX,2022-06-02,D:\full-stack2\data\charts\NFLX\2022-06-02.png,2022-05-05,2022-06-02
NFLX,2022-06-03,D:\full-stack2\data\charts\NFLX\2022-06-03.png,2022-05-06,2022-06-03
NFLX,2022-06-06,D:\full-stack2\data\charts\NFLX\2022-06-06.png,2022-05-09,2022-06-06
NFLX,2022-06-07,D:\full-stack2\data\charts\NFLX\2022-06-07.png,2022-05-10,2022-06-07
NFLX,2022-06-08,D:\full-stack2\data\charts\NFLX\2022-06-08.png,2022-05-11,2022-06-08
NFLX,2022-06-09,D:\full-stack2\data\charts\NFLX\2022-06-09.png,2022-05-12,2022-06-09
NFLX,2022-06-10,D:\full-stack2\data\charts\NFLX\2022-06-10.png,2022-05-13,2022-06-10
NFLX,2022-06-13,D:\full-stack2\data\charts\NFLX\2022-06-13.png,2022-05-16,2022-06-13
NFLX,2022-06-14,D:\full-stack2\data\charts\NFLX\2022-06-14.png,2022-05-17,2022-06-14
NFLX,2022-06-15,D:\full-stack2\data\charts\NFLX\2022-06-15.png,2022-05-18,2022-06-15
NFLX,2022-06-16,D:\full-stack2\data\charts\NFLX\2022-06-16.png,2022-05-19,2022-06-16
NFLX,2022-06-17,D:\full-stack2\data\charts\NFLX\2022-06-17.png,2022-05-20,2022-06-17
NFLX,2022-06-21,D:\full-stack2\data\charts\NFLX\2022-06-21.png,2022-05-23,2022-06-21
NFLX,2022-06-22,D:\full-stack2\data\charts\NFLX\2022-06-22.png,2022-05-24,2022-06-22
NFLX,2022-06-23,D:\full-stack2\data\charts\NFLX\2022-06-23.png,2022-05-25,2022-06-23
NFLX,2022-06-24,D:\full-stack2\data\charts\NFLX\2022-06-24.png,2022-05-26,2022-06-24
NFLX,2022-06-27,D:\full-stack2\data\charts\NFLX\2022-06-27.png,2022-05-27,2022-06-27
NFLX,2022-06-28,D:\full-stack2\data\charts\NFLX\2022-06-28.png,2022-05-31,2022-06-28
NFLX,2022-06-29,D:\full-stack2\data\charts\NFLX\2022-06-29.png,2022-06-01,2022-06-29
NFLX,2022-06-30,D:\full-stack2\data\charts\NFLX\2022-06-30.png,2022-06-02,2022-06-30
NFLX,2022-07-01,D:\full-stack2\data\charts\NFLX\2022-07-01.png,2022-06-03,2022-07-01
NFLX,2022-07-05,D:\full-stack2\data\charts\NFLX\2022-07-05.png,2022-06-06,2022-07-05
NFLX,2022-07-06,D:\full-stack2\data\charts\NFLX\2022-07-06.png,2022-06-07,2022-07-06
NFLX,2022-07-07,D:\full-stack2\data\charts\NFLX\2022-07-07.png,2022-06-08,2022-07-07
NFLX,2022-07-08,D:\full-stack2\data\charts\NFLX\2022-07-08.png,2022-06-09,2022-07-08
NFLX,2022-07-11,D:\full-stack2\data\charts\NFLX\2022-07-11.png,2022-06-10,2022-07-11
NFLX,2022-07-12,D:\full-stack2\data\charts\NFLX\2022-07-12.png,2022-06-13,2022-07-12
NFLX,2022-07-13,D:\full-stack2\data\charts\NFLX\2022-07-13.png,2022-06-14,2022-07-13
NFLX,2022-07-14,D:\full-stack2\data\charts\NFLX\2022-07-14.png,2022-06-15,2022-07-14
NFLX,2022-07-15,D:\full-stack2\data\charts\NFLX\2022-07-15.png,2022-06-16,2022-07-15
NFLX,2022-07-18,D:\full-stack2\data\charts\NFLX\2022-07-18.png,2022-06-17,2022-07-18
NFLX,2022-07-19,D:\full-stack2\data\charts\NFLX\2022-07-19.png,2022-06-21,2022-07-19
NFLX,2022-07-20,D:\full-stack2\data\charts\NFLX\2022-07-20.png,2022-06-22,2022-07-20
NFLX,2022-07-21,D:\full-stack2\data\charts\NFLX\2022-07-21.png,2022-06-23,2022-07-21
NFLX,2022-07-22,D:\full-stack2\data\charts\NFLX\2022-07-22.png,2022-06-24,2022-07-22
NFLX,2022-07-25,D:\full-stack2\data\charts\NFLX\2022-07-25.png,2022-06-27,2022-07-25
NFLX,2022-07-26,D:\full-stack2\data\charts\NFLX\2022-07-26.png,2022-06-28,2022-07-26
NFLX,2022-07-27,D:\full-stack2\data\charts\NFLX\2022-07-27.png,2022-06-29,2022-07-27
NFLX,2022-07-28,D:\full-stack2\data\charts\NFLX\2022-07-28.png,2022-06-30,2022-07-28
NFLX,2022-07-29,D:\full-stack2\data\charts\NFLX\2022-07-29.png,2022-07-01,2022-07-29
NFLX,2022-08-01,D:\full-stack2\data\charts\NFLX\2022-08-01.png,2022-07-05,2022-08-01
NFLX,2022-08-02,D:\full-stack2\data\charts\NFLX\2022-08-02.png,2022-07-06,2022-08-02
NFLX,2022-08-03,D:\full-stack2\data\charts\NFLX\2022-08-03.png,2022-07-07,2022-08-03
NFLX,2022-08-04,D:\full-stack2\data\charts\NFLX\2022-08-04.png,2022-07-08,2022-08-04
NFLX,2022-08-05,D:\full-stack2\data\charts\NFLX\2022-08-05.png,2022-07-11,2022-08-05
NFLX,2022-08-08,D:\full-stack2\data\charts\NFLX\2022-08-08.png,2022-07-12,2022-08-08
NFLX,2022-08-09,D:\full-stack2\data\charts\NFLX\2022-08-09.png,2022-07-13,2022-08-09
NFLX,2022-08-10,D:\full-stack2\data\charts\NFLX\2022-08-10.png,2022-07-14,2022-08-10
NFLX,2022-08-11,D:\full-stack2\data\charts\NFLX\2022-08-11.png,2022-07-15,2022-08-11
NFLX,2022-08-12,D:\full-stack2\data\charts\NFLX\2022-08-12.png,2022-07-18,2022-08-12
NFLX,2022-08-15,D:\full-stack2\data\charts\NFLX\2022-08-15.png,2022-07-19,2022-08-15
NFLX,2022-08-16,D:\full-stack2\data\charts\NFLX\2022-08-16.png,2022-07-20,2022-08-16
NFLX,2022-08-17,D:\full-stack2\data\charts\NFLX\2022-08-17.png,2022-07-21,2022-08-17
NFLX,2022-08-18,D:\full-stack2\data\charts\NFLX\2022-08-18.png,2022-07-22,2022-08-18
NFLX,2022-08-19,D:\full-stack2\data\charts\NFLX\2022-08-19.png,2022-07-25,2022-08-19
NFLX,2022-08-22,D:\full-stack2\data\charts\NFLX\2022-08-22.png,2022-07-26,2022-08-22
NFLX,2022-08-23,D:\full-stack2\data\charts\NFLX\2022-08-23.png,2022-07-27,2022-08-23
NFLX,2022-08-24,D:\full-stack2\data\charts\NFLX\2022-08-24.png,2022-07-28,2022-08-24
NFLX,2022-08-25,D:\full-stack2\data\charts\NFLX\2022-08-25.png,2022-07-29,2022-08-25
NFLX,2022-08-26,D:\full-stack2\data\charts\NFLX\2022-08-26.png,2022-08-01,2022-08-26
NFLX,2022-08-29,D:\full-stack2\data\charts\NFLX\2022-08-29.png,2022-08-02,2022-08-29
NFLX,2022-08-30,D:\full-stack2\data\charts\NFLX\2022-08-30.png,2022-08-03,2022-08-30
NFLX,2022-08-31,D:\full-stack2\data\charts\NFLX\2022-08-31.png,2022-08-04,2022-08-31
NFLX,2022-09-01,D:\full-stack2\data\charts\NFLX\2022-09-01.png,2022-08-05,2022-09-01
NFLX,2022-09-02,D:\full-stack2\data\charts\NFLX\2022-09-02.png,2022-08-08,2022-09-02
NFLX,2022-09-06,D:\full-stack2\data\charts\NFLX\2022-09-06.png,2022-08-09,2022-09-06
NFLX,2022-09-07,D:\full-stack2\data\charts\NFLX\2022-09-07.png,2022-08-10,2022-09-07
NFLX,2022-09-08,D:\full-stack2\data\charts\NFLX\2022-09-08.png,2022-08-11,2022-09-08
NFLX,2022-09-09,D:\full-stack2\data\charts\NFLX\2022-09-09.png,2022-08-12,2022-09-09
NFLX,2022-09-12,D:\full-stack2\data\charts\NFLX\2022-09-12.png,2022-08-15,2022-09-12
NFLX,2022-09-13,D:\full-stack2\data\charts\NFLX\2022-09-13.png,2022-08-16,2022-09-13
NFLX,2022-09-14,D:\full-stack2\data\charts\NFLX\2022-09-14.png,2022-08-17,2022-09-14
NFLX,2022-09-15,D:\full-stack2\data\charts\NFLX\2022-09-15.png,2022-08-18,2022-09-15
NFLX,2022-09-16,D:\full-stack2\data\charts\NFLX\2022-09-16.png,2022-08-19,2022-09-16
NFLX,2022-09-19,D:\full-stack2\data\charts\NFLX\2022-09-19.png,2022-08-22,2022-09-19
NFLX,2022-09-20,D:\full-stack2\data\charts\NFLX\2022-09-20.png,2022-08-23,2022-09-20
NFLX,2022-09-21,D:\full-stack2\data\charts\NFLX\2022-09-21.png,2022-08-24,2022-09-21
NFLX,2022-09-22,D:\full-stack2\data\charts\NFLX\2022-09-22.png,2022-08-25,2022-09-22
NFLX,2022-09-23,D:\full-stack2\data\charts\NFLX\2022-09-23.png,2022-08-26,2022-09-23
NFLX,2022-09-26,D:\full-stack2\data\charts\NFLX\2022-09-26.png,2022-08-29,2022-09-26
NFLX,2022-09-27,D:\full-stack2\data\charts\NFLX\2022-09-27.png,2022-08-30,2022-09-27
NFLX,2022-09-28,D:\full-stack2\data\charts\NFLX\2022-09-28.png,2022-08-31,2022-09-28
NFLX,2022-09-29,D:\full-stack2\data\charts\NFLX\2022-09-29.png,2022-09-01,2022-09-29
NFLX,2022-09-30,D:\full-stack2\data\charts\NFLX\2022-09-30.png,2022-09-02,2022-09-30
NFLX,2022-10-03,D:\full-stack2\data\charts\NFLX\2022-10-03.png,2022-09-06,2022-10-03
NFLX,2022-10-04,D:\full-stack2\data\charts\NFLX\2022-10-04.png,2022-09-07,2022-10-04
NFLX,2022-10-05,D:\full-stack2\data\charts\NFLX\2022-10-05.png,2022-09-08,2022-10-05
NFLX,2022-10-06,D:\full-stack2\data\charts\NFLX\2022-10-06.png,2022-09-09,2022-10-06
NFLX,2022-10-07,D:\full-stack2\data\charts\NFLX\2022-10-07.png,2022-09-12,2022-10-07
NFLX,2022-10-10,D:\full-stack2\data\charts\NFLX\2022-10-10.png,2022-09-13,2022-10-10
NFLX,2022-10-11,D:\full-stack2\data\charts\NFLX\2022-10-11.png,2022-09-14,2022-10-11
NFLX,2022-10-12,D:\full-stack2\data\charts\NFLX\2022-10-12.png,2022-09-15,2022-10-12
NFLX,2022-10-13,D:\full-stack2\data\charts\NFLX\2022-10-13.png,2022-09-16,2022-10-13
NFLX,2022-10-14,D:\full-stack2\data\charts\NFLX\2022-10-14.png,2022-09-19,2022-10-14
NFLX,2022-10-17,D:\full-stack2\data\charts\NFLX\2022-10-17.png,2022-09-20,2022-10-17
NFLX,2022-10-18,D:\full-stack2\data\charts\NFLX\2022-10-18.png,2022-09-21,2022-10-18
NFLX,2022-10-19,D:\full-stack2\data\charts\NFLX\2022-10-19.png,2022-09-22,2022-10-19
NFLX,2022-10-20,D:\full-stack2\data\charts\NFLX\2022-10-20.png,2022-09-23,2022-10-20
NFLX,2022-10-21,D:\full-stack2\data\charts\NFLX\2022-10-21.png,2022-09-26,2022-10-21
NFLX,2022-10-24,D:\full-stack2\data\charts\NFLX\2022-10-24.png,2022-09-27,2022-10-24
NFLX,2022-10-25,D:\full-stack2\data\charts\NFLX\2022-10-25.png,2022-09-28,2022-10-25
NFLX,2022-10-26,D:\full-stack2\data\charts\NFLX\2022-10-26.png,2022-09-29,2022-10-26
NFLX,2022-10-27,D:\full-stack2\data\charts\NFLX\2022-10-27.png,2022-09-30,2022-10-27
NFLX,2022-10-28,D:\full-stack2\data\charts\NFLX\2022-10-28.png,2022-10-03,2022-10-28
NFLX,2022-10-31,D:\full-stack2\data\charts\NFLX\2022-10-31.png,2022-10-04,2022-10-31
NFLX,2022-11-01,D:\full-stack2\data\charts\NFLX\2022-11-01.png,2022-10-05,2022-11-01
NFLX,2022-11-02,D:\full-stack2\data\charts\NFLX\2022-11-02.png,2022-10-06,2022-11-02
NFLX,2022-11-03,D:\full-stack2\data\charts\NFLX\2022-11-03.png,2022-10-07,2022-11-03
NFLX,2022-11-04,D:\full-stack2\data\charts\NFLX\2022-11-04.png,2022-10-10,2022-11-04
NFLX,2022-11-07,D:\full-stack2\data\charts\NFLX\2022-11-07.png,2022-10-11,2022-11-07
NFLX,2022-11-08,D:\full-stack2\data\charts\NFLX\2022-11-08.png,2022-10-12,2022-11-08
NFLX,2022-11-09,D:\full-stack2\data\charts\NFLX\2022-11-09.png,2022-10-13,2022-11-09
NFLX,2022-11-10,D:\full-stack2\data\charts\NFLX\2022-11-10.png,2022-10-14,2022-11-10
NFLX,2022-11-11,D:\full-stack2\data\charts\NFLX\2022-11-11.png,2022-10-17,2022-11-11
NFLX,2022-11-14,D:\full-stack2\data\charts\NFLX\2022-11-14.png,2022-10-18,2022-11-14
NFLX,2022-11-15,D:\full-stack2\data\charts\NFLX\2022-11-15.png,2022-10-19,2022-11-15
NFLX,2022-11-16,D:\full-stack2\data\charts\NFLX\2022-11-16.png,2022-10-20,2022-11-16
NFLX,2022-11-17,D:\full-stack2\data\charts\NFLX\2022-11-17.png,2022-10-21,2022-11-17
NFLX,2022-11-18,D:\full-stack2\data\charts\NFLX\2022-11-18.png,2022-10-24,2022-11-18
NFLX,2022-11-21,D:\full-stack2\data\charts\NFLX\2022-11-21.png,2022-10-25,2022-11-21
NFLX,2022-11-22,D:\full-stack2\data\charts\NFLX\2022-11-22.png,2022-10-26,2022-11-22
NFLX,2022-11-23,D:\full-stack2\data\charts\NFLX\2022-11-23.png,2022-10-27,2022-11-23
NFLX,2022-11-25,D:\full-stack2\data\charts\NFLX\2022-11-25.png,2022-10-28,2022-11-25
NFLX,2022-11-28,D:\full-stack2\data\charts\NFLX\2022-11-28.png,2022-10-31,2022-11-28
NFLX,2022-11-29,D:\full-stack2\data\charts\NFLX\2022-11-29.png,2022-11-01,2022-11-29
NFLX,2022-11-30,D:\full-stack2\data\charts\NFLX\2022-11-30.png,2022-11-02,2022-11-30
NFLX,2022-12-01,D:\full-stack2\data\charts\NFLX\2022-12-01.png,2022-11-03,2022-12-01
NFLX,2022-12-02,D:\full-stack2\data\charts\NFLX\2022-12-02.png,2022-11-04,2022-12-02
NFLX,2022-12-05,D:\full-stack2\data\charts\NFLX\2022-12-05.png,2022-11-07,2022-12-05
NFLX,2022-12-06,D:\full-stack2\data\charts\NFLX\2022-12-06.png,2022-11-08,2022-12-06
NFLX,2022-12-07,D:\full-stack2\data\charts\NFLX\2022-12-07.png,2022-11-09,2022-12-07
NFLX,2022-12-08,D:\full-stack2\data\charts\NFLX\2022-12-08.png,2022-11-10,2022-12-08
NFLX,2022-12-09,D:\full-stack2\data\charts\NFLX\2022-12-09.png,2022-11-11,2022-12-09
NFLX,2022-12-12,D:\full-stack2\data\charts\NFLX\2022-12-12.png,2022-11-14,2022-12-12
NFLX,2022-12-13,D:\full-stack2\data\charts\NFLX\2022-12-13.png,2022-11-15,2022-12-13
NFLX,2022-12-14,D:\full-stack2\data\charts\NFLX\2022-12-14.png,2022-11-16,2022-12-14
NFLX,2022-12-15,D:\full-stack2\data\charts\NFLX\2022-12-15.png,2022-11-17,2022-12-15
NFLX,2022-12-16,D:\full-stack2\data\charts\NFLX\2022-12-16.png,2022-11-18,2022-12-16
NFLX,2022-12-19,D:\full-stack2\data\charts\NFLX\2022-12-19.png,2022-11-21,2022-12-19
NFLX,2022-12-20,D:\full-stack2\data\charts\NFLX\2022-12-20.png,2022-11-22,2022-12-20
NFLX,2022-12-21,D:\full-stack2\data\charts\NFLX\2022-12-21.png,2022-11-23,2022-12-21
NFLX,2022-12-22,D:\full-stack2\data\charts\NFLX\2022-12-22.png,2022-11-25,2022-12-22
NFLX,2022-12-23,D:\full-stack2\data\charts\NFLX\2022-12-23.png,2022-11-28,2022-12-23
NFLX,2022-12-27,D:\full-stack2\data\charts\NFLX\2022-12-27.png,2022-11-29,2022-12-27
NFLX,2022-12-28,D:\full-stack2\data\charts\NFLX\2022-12-28.png,2022-11-30,2022-12-28
NFLX,2022-12-29,D:\full-stack2\data\charts\NFLX\2022-12-29.png,2022-12-01,2022-12-29
NFLX,2022-12-30,D:\full-stack2\data\charts\NFLX\2022-12-30.png,2022-12-02,2022-12-30
NFLX,2023-01-03,D:\full-stack2\data\charts\NFLX\2023-01-03.png,2022-12-05,2023-01-03
NFLX,2023-01-04,D:\full-stack2\data\charts\NFLX\2023-01-04.png,2022-12-06,2023-01-04
NFLX,2023-01-05,D:\full-stack2\data\charts\NFLX\2023-01-05.png,2022-12-07,2023-01-05
NFLX,2023-01-06,D:\full-stack2\data\charts\NFLX\2023-01-06.png,2022-12-08,2023-01-06
NFLX,2023-01-09,D:\full-stack2\data\charts\NFLX\2023-01-09.png,2022-12-09,2023-01-09
NFLX,2023-01-10,D:\full-stack2\data\charts\NFLX\2023-01-10.png,2022-12-12,2023-01-10
NFLX,2023-01-11,D:\full-stack2\data\charts\NFLX\2023-01-11.png,2022-12-13,2023-01-11
NFLX,2023-01-12,D:\full-stack2\data\charts\NFLX\2023-01-12.png,2022-12-14,2023-01-12
NFLX,2023-01-13,D:\full-stack2\data\charts\NFLX\2023-01-13.png,2022-12-15,2023-01-13
NFLX,2023-01-17,D:\full-stack2\data\charts\NFLX\2023-01-17.png,2022-12-16,2023-01-17
NFLX,2023-01-18,D:\full-stack2\data\charts\NFLX\2023-01-18.png,2022-12-19,2023-01-18
NFLX,2023-01-19,D:\full-stack2\data\charts\NFLX\2023-01-19.png,2022-12-20,2023-01-19
NFLX,2023-01-20,D:\full-stack2\data\charts\NFLX\2023-01-20.png,2022-12-21,2023-01-20
NFLX,2023-01-23,D:\full-stack2\data\charts\NFLX\2023-01-23.png,2022-12-22,2023-01-23
NFLX,2023-01-24,D:\full-stack2\data\charts\NFLX\2023-01-24.png,2022-12-23,2023-01-24
NFLX,2023-01-25,D:\full-stack2\data\charts\NFLX\2023-01-25.png,2022-12-27,2023-01-25
NFLX,2023-01-26,D:\full-stack2\data\charts\NFLX\2023-01-26.png,2022-12-28,2023-01-26
NFLX,2023-01-27,D:\full-stack2\data\charts\NFLX\2023-01-27.png,2022-12-29,2023-01-27
NFLX,2023-01-30,D:\full-stack2\data\charts\NFLX\2023-01-30.png,2022-12-30,2023-01-30
NFLX,2023-01-31,D:\full-stack2\data\charts\NFLX\2023-01-31.png,2023-01-03,2023-01-31
NFLX,2023-02-01,D:\full-stack2\data\charts\NFLX\2023-02-01.png,2023-01-04,2023-02-01
NFLX,2023-02-02,D:\full-stack2\data\charts\NFLX\2023-02-02.png,2023-01-05,2023-02-02
NFLX,2023-02-03,D:\full-stack2\data\charts\NFLX\2023-02-03.png,2023-01-06,2023-02-03
NFLX,2023-02-06,D:\full-stack2\data\charts\NFLX\2023-02-06.png,2023-01-09,2023-02-06
NFLX,2023-02-07,D:\full-stack2\data\charts\NFLX\2023-02-07.png,2023-01-10,2023-02-07
NFLX,2023-02-08,D:\full-stack2\data\charts\NFLX\2023-02-08.png,2023-01-11,2023-02-08
NFLX,2023-02-09,D:\full-stack2\data\charts\NFLX\2023-02-09.png,2023-01-12,2023-02-09
NFLX,2023-02-10,D:\full-stack2\data\charts\NFLX\2023-02-10.png,2023-01-13,2023-02-10
NFLX,2023-02-13,D:\full-stack2\data\charts\NFLX\2023-02-13.png,2023-01-17,2023-02-13
NFLX,2023-02-14,D:\full-stack2\data\charts\NFLX\2023-02-14.png,2023-01-18,2023-02-14
NFLX,2023-02-15,D:\full-stack2\data\charts\NFLX\2023-02-15.png,2023-01-19,2023-02-15
NFLX,2023-02-16,D:\full-stack2\data\charts\NFLX\2023-02-16.png,2023-01-20,2023-02-16
NFLX,2023-02-17,D:\full-stack2\data\charts\NFLX\2023-02-17.png,2023-01-23,2023-02-17
NFLX,2023-02-21,D:\full-stack2\data\charts\NFLX\2023-02-21.png,2023-01-24,2023-02-21
NFLX,2023-02-22,D:\full-stack2\data\charts\NFLX\2023-02-22.png,2023-01-25,2023-02-22
NFLX,2023-02-23,D:\full-stack2\data\charts\NFLX\2023-02-23.png,2023-01-26,2023-02-23
NFLX,2023-02-24,D:\full-stack2\data\charts\NFLX\2023-02-24.png,2023-01-27,2023-02-24
NFLX,2023-02-27,D:\full-stack2\data\charts\NFLX\2023-02-27.png,2023-01-30,2023-02-27
NFLX,2023-02-28,D:\full-stack2\data\charts\NFLX\2023-02-28.png,2023-01-31,2023-02-28
NFLX,2023-03-01,D:\full-stack2\data\charts\NFLX\2023-03-01.png,2023-02-01,2023-03-01
NFLX,2023-03-02,D:\full-stack2\data\charts\NFLX\2023-03-02.png,2023-02-02,2023-03-02
NFLX,2023-03-03,D:\full-stack2\data\charts\NFLX\2023-03-03.png,2023-02-03,2023-03-03
NFLX,2023-03-06,D:\full-stack2\data\charts\NFLX\2023-03-06.png,2023-02-06,2023-03-06
NFLX,2023-03-07,D:\full-stack2\data\charts\NFLX\2023-03-07.png,2023-02-07,2023-03-07
NFLX,2023-03-08,D:\full-stack2\data\charts\NFLX\2023-03-08.png,2023-02-08,2023-03-08
NFLX,2023-03-09,D:\full-stack2\data\charts\NFLX\2023-03-09.png,2023-02-09,2023-03-09
NFLX,2023-03-10,D:\full-stack2\data\charts\NFLX\2023-03-10.png,2023-02-10,2023-03-10
NFLX,2023-03-13,D:\full-stack2\data\charts\NFLX\2023-03-13.png,2023-02-13,2023-03-13
NFLX,2023-03-14,D:\full-stack2\data\charts\NFLX\2023-03-14.png,2023-02-14,2023-03-14
NFLX,2023-03-15,D:\full-stack2\data\charts\NFLX\2023-03-15.png,2023-02-15,2023-03-15
NFLX,2023-03-16,D:\full-stack2\data\charts\NFLX\2023-03-16.png,2023-02-16,2023-03-16
NFLX,2023-03-17,D:\full-stack2\data\charts\NFLX\2023-03-17.png,2023-02-17,2023-03-17
NFLX,2023-03-20,D:\full-stack2\data\charts\NFLX\2023-03-20.png,2023-02-21,2023-03-20
NFLX,2023-03-21,D:\full-stack2\data\charts\NFLX\2023-03-21.png,2023-02-22,2023-03-21
NFLX,2023-03-22,D:\full-stack2\data\charts\NFLX\2023-03-22.png,2023-02-23,2023-03-22
NFLX,2023-03-23,D:\full-stack2\data\charts\NFLX\2023-03-23.png,2023-02-24,2023-03-23
NFLX,2023-03-24,D:\full-stack2\data\charts\NFLX\2023-03-24.png,2023-02-27,2023-03-24
NFLX,2023-03-27,D:\full-stack2\data\charts\NFLX\2023-03-27.png,2023-02-28,2023-03-27
NFLX,2023-03-28,D:\full-stack2\data\charts\NFLX\2023-03-28.png,2023-03-01,2023-03-28
NFLX,2023-03-29,D:\full-stack2\data\charts\NFLX\2023-03-29.png,2023-03-02,2023-03-29
NFLX,2023-03-30,D:\full-stack2\data\charts\NFLX\2023-03-30.png,2023-03-03,2023-03-30
NFLX,2023-03-31,D:\full-stack2\data\charts\NFLX\2023-03-31.png,2023-03-06,2023-03-31
NFLX,2023-04-03,D:\full-stack2\data\charts\NFLX\2023-04-03.png,2023-03-07,2023-04-03
NFLX,2023-04-04,D:\full-stack2\data\charts\NFLX\2023-04-04.png,2023-03-08,2023-04-04
NFLX,2023-04-05,D:\full-stack2\data\charts\NFLX\2023-04-05.png,2023-03-09,2023-04-05
NFLX,2023-04-06,D:\full-stack2\data\charts\NFLX\2023-04-06.png,2023-03-10,2023-04-06
NFLX,2023-04-10,D:\full-stack2\data\charts\NFLX\2023-04-10.png,2023-03-13,2023-04-10
NFLX,2023-04-11,D:\full-stack2\data\charts\NFLX\2023-04-11.png,2023-03-14,2023-04-11
NFLX,2023-04-12,D:\full-stack2\data\charts\NFLX\2023-04-12.png,2023-03-15,2023-04-12
NFLX,2023-04-13,D:\full-stack2\data\charts\NFLX\2023-04-13.png,2023-03-16,2023-04-13
NFLX,2023-04-14,D:\full-stack2\data\charts\NFLX\2023-04-14.png,2023-03-17,2023-04-14
NFLX,2023-04-17,D:\full-stack2\data\charts\NFLX\2023-04-17.png,2023-03-20,2023-04-17
NFLX,2023-04-18,D:\full-stack2\data\charts\NFLX\2023-04-18.png,2023-03-21,2023-04-18
NFLX,2023-04-19,D:\full-stack2\data\charts\NFLX\2023-04-19.png,2023-03-22,2023-04-19
NFLX,2023-04-20,D:\full-stack2\data\charts\NFLX\2023-04-20.png,2023-03-23,2023-04-20
NFLX,2023-04-21,D:\full-stack2\data\charts\NFLX\2023-04-21.png,2023-03-24,2023-04-21
NFLX,2023-04-24,D:\full-stack2\data\charts\NFLX\2023-04-24.png,2023-03-27,2023-04-24
NFLX,2023-04-25,D:\full-stack2\data\charts\NFLX\2023-04-25.png,2023-03-28,2023-04-25
NFLX,2023-04-26,D:\full-stack2\data\charts\NFLX\2023-04-26.png,2023-03-29,2023-04-26
NFLX,2023-04-27,D:\full-stack2\data\charts\NFLX\2023-04-27.png,2023-03-30,2023-04-27
NFLX,2023-04-28,D:\full-stack2\data\charts\NFLX\2023-04-28.png,2023-03-31,2023-04-28
NFLX,2023-05-01,D:\full-stack2\data\charts\NFLX\2023-05-01.png,2023-04-03,2023-05-01
NFLX,2023-05-02,D:\full-stack2\data\charts\NFLX\2023-05-02.png,2023-04-04,2023-05-02
NFLX,2023-05-03,D:\full-stack2\data\charts\NFLX\2023-05-03.png,2023-04-05,2023-05-03
NFLX,2023-05-04,D:\full-stack2\data\charts\NFLX\2023-05-04.png,2023-04-06,2023-05-04
NFLX,2023-05-05,D:\full-stack2\data\charts\NFLX\2023-05-05.png,2023-04-10,2023-05-05
NFLX,2023-05-08,D:\full-stack2\data\charts\NFLX\2023-05-08.png,2023-04-11,2023-05-08
NFLX,2023-05-09,D:\full-stack2\data\charts\NFLX\2023-05-09.png,2023-04-12,2023-05-09
NFLX,2023-05-10,D:\full-stack2\data\charts\NFLX\2023-05-10.png,2023-04-13,2023-05-10
NFLX,2023-05-11,D:\full-stack2\data\charts\NFLX\2023-05-11.png,2023-04-14,2023-05-11
NFLX,2023-05-12,D:\full-stack2\data\charts\NFLX\2023-05-12.png,2023-04-17,2023-05-12
NFLX,2023-05-15,D:\full-stack2\data\charts\NFLX\2023-05-15.png,2023-04-18,2023-05-15
NFLX,2023-05-16,D:\full-stack2\data\charts\NFLX\2023-05-16.png,2023-04-19,2023-05-16
NFLX,2023-05-17,D:\full-stack2\data\charts\NFLX\2023-05-17.png,2023-04-20,2023-05-17
NFLX,2023-05-18,D:\full-stack2\data\charts\NFLX\2023-05-18.png,2023-04-21,2023-05-18
NFLX,2023-05-19,D:\full-stack2\data\charts\NFLX\2023-05-19.png,2023-04-24,2023-05-19
NFLX,2023-05-22,D:\full-stack2\data\charts\NFLX\2023-05-22.png,2023-04-25,2023-05-22
NFLX,2023-05-23,D:\full-stack2\data\charts\NFLX\2023-05-23.png,2023-04-26,2023-05-23
NFLX,2023-05-24,D:\full-stack2\data\charts\NFLX\2023-05-24.png,2023-04-27,2023-05-24
NFLX,2023-05-25,D:\full-stack2\data\charts\NFLX\2023-05-25.png,2023-04-28,2023-05-25
NFLX,2023-05-26,D:\full-stack2\data\charts\NFLX\2023-05-26.png,2023-05-01,2023-05-26
NFLX,2023-05-30,D:\full-stack2\data\charts\NFLX\2023-05-30.png,2023-05-02,2023-05-30
NFLX,2023-05-31,D:\full-stack2\data\charts\NFLX\2023-05-31.png,2023-05-03,2023-05-31
NFLX,2023-06-01,D:\full-stack2\data\charts\NFLX\2023-06-01.png,2023-05-04,2023-06-01
NFLX,2023-06-02,D:\full-stack2\data\charts\NFLX\2023-06-02.png,2023-05-05,2023-06-02
NFLX,2023-06-05,D:\full-stack2\data\charts\NFLX\2023-06-05.png,2023-05-08,2023-06-05
NFLX,2023-06-06,D:\full-stack2\data\charts\NFLX\2023-06-06.png,2023-05-09,2023-06-06
NFLX,2023-06-07,D:\full-stack2\data\charts\NFLX\2023-06-07.png,2023-05-10,2023-06-07
NFLX,2023-06-08,D:\full-stack2\data\charts\NFLX\2023-06-08.png,2023-05-11,2023-06-08
NFLX,2023-06-09,D:\full-stack2\data\charts\NFLX\2023-06-09.png,2023-05-12,2023-06-09
NFLX,2023-06-12,D:\full-stack2\data\charts\NFLX\2023-06-12.png,2023-05-15,2023-06-12
NFLX,2023-06-13,D:\full-stack2\data\charts\NFLX\2023-06-13.png,2023-05-16,2023-06-13
NFLX,2023-06-14,D:\full-stack2\data\charts\NFLX\2023-06-14.png,2023-05-17,2023-06-14
NFLX,2023-06-15,D:\full-stack2\data\charts\NFLX\2023-06-15.png,2023-05-18,2023-06-15
NFLX,2023-06-16,D:\full-stack2\data\charts\NFLX\2023-06-16.png,2023-05-19,2023-06-16
NFLX,2023-06-20,D:\full-stack2\data\charts\NFLX\2023-06-20.png,2023-05-22,2023-06-20
NFLX,2023-06-21,D:\full-stack2\data\charts\NFLX\2023-06-21.png,2023-05-23,2023-06-21
NFLX,2023-06-22,D:\full-stack2\data\charts\NFLX\2023-06-22.png,2023-05-24,2023-06-22
NFLX,2023-06-23,D:\full-stack2\data\charts\NFLX\2023-06-23.png,2023-05-25,2023-06-23
NFLX,2023-06-26,D:\full-stack2\data\charts\NFLX\2023-06-26.png,2023-05-26,2023-06-26
NFLX,2023-06-27,D:\full-stack2\data\charts\NFLX\2023-06-27.png,2023-05-30,2023-06-27
NFLX,2023-06-28,D:\full-stack2\data\charts\NFLX\2023-06-28.png,2023-05-31,2023-06-28
NFLX,2023-06-29,D:\full-stack2\data\charts\NFLX\2023-06-29.png,2023-06-01,2023-06-29
NFLX,2023-06-30,D:\full-stack2\data\charts\NFLX\2023-06-30.png,2023-06-02,2023-06-30
NFLX,2023-07-03,D:\full-stack2\data\charts\NFLX\2023-07-03.png,2023-06-05,2023-07-03
NFLX,2023-07-05,D:\full-stack2\data\charts\NFLX\2023-07-05.png,2023-06-06,2023-07-05
NFLX,2023-07-06,D:\full-stack2\data\charts\NFLX\2023-07-06.png,2023-06-07,2023-07-06
NFLX,2023-07-07,D:\full-stack2\data\charts\NFLX\2023-07-07.png,2023-06-08,2023-07-07
NFLX,2023-07-10,D:\full-stack2\data\charts\NFLX\2023-07-10.png,2023-06-09,2023-07-10
NFLX,2023-07-11,D:\full-stack2\data\charts\NFLX\2023-07-11.png,2023-06-12,2023-07-11
NFLX,2023-07-12,D:\full-stack2\data\charts\NFLX\2023-07-12.png,2023-06-13,2023-07-12
NFLX,2023-07-13,D:\full-stack2\data\charts\NFLX\2023-07-13.png,2023-06-14,2023-07-13
NFLX,2023-07-14,D:\full-stack2\data\charts\NFLX\2023-07-14.png,2023-06-15,2023-07-14
NFLX,2023-07-17,D:\full-stack2\data\charts\NFLX\2023-07-17.png,2023-06-16,2023-07-17
NFLX,2023-07-18,D:\full-stack2\data\charts\NFLX\2023-07-18.png,2023-06-20,2023-07-18
NFLX,2023-07-19,D:\full-stack2\data\charts\NFLX\2023-07-19.png,2023-06-21,2023-07-19
NFLX,2023-07-20,D:\full-stack2\data\charts\NFLX\2023-07-20.png,2023-06-22,2023-07-20
NFLX,2023-07-21,D:\full-stack2\data\charts\NFLX\2023-07-21.png,2023-06-23,2023-07-21
NFLX,2023-07-24,D:\full-stack2\data\charts\NFLX\2023-07-24.png,2023-06-26,2023-07-24
NFLX,2023-07-25,D:\full-stack2\data\charts\NFLX\2023-07-25.png,2023-06-27,2023-07-25
NFLX,2023-07-26,D:\full-stack2\data\charts\NFLX\2023-07-26.png,2023-06-28,2023-07-26
NFLX,2023-07-27,D:\full-stack2\data\charts\NFLX\2023-07-27.png,2023-06-29,2023-07-27
NFLX,2023-07-28,D:\full-stack2\data\charts\NFLX\2023-07-28.png,2023-06-30,2023-07-28
NFLX,2023-07-31,D:\full-stack2\data\charts\NFLX\2023-07-31.png,2023-07-03,2023-07-31
NFLX,2023-08-01,D:\full-stack2\data\charts\NFLX\2023-08-01.png,2023-07-05,2023-08-01
NFLX,2023-08-02,D:\full-stack2\data\charts\NFLX\2023-08-02.png,2023-07-06,2023-08-02
NFLX,2023-08-03,D:\full-stack2\data\charts\NFLX\2023-08-03.png,2023-07-07,2023-08-03
NFLX,2023-08-04,D:\full-stack2\data\charts\NFLX\2023-08-04.png,2023-07-10,2023-08-04
NFLX,2023-08-07,D:\full-stack2\data\charts\NFLX\2023-08-07.png,2023-07-11,2023-08-07
NFLX,2023-08-08,D:\full-stack2\data\charts\NFLX\2023-08-08.png,2023-07-12,2023-08-08
NFLX,2023-08-09,D:\full-stack2\data\charts\NFLX\2023-08-09.png,2023-07-13,2023-08-09
NFLX,2023-08-10,D:\full-stack2\data\charts\NFLX\2023-08-10.png,2023-07-14,2023-08-10
NFLX,2023-08-11,D:\full-stack2\data\charts\NFLX\2023-08-11.png,2023-07-17,2023-08-11
NFLX,2023-08-14,D:\full-stack2\data\charts\NFLX\2023-08-14.png,2023-07-18,2023-08-14
NFLX,2023-08-15,D:\full-stack2\data\charts\NFLX\2023-08-15.png,2023-07-19,2023-08-15
NFLX,2023-08-16,D:\full-stack2\data\charts\NFLX\2023-08-16.png,2023-07-20,2023-08-16
NFLX,2023-08-17,D:\full-stack2\data\charts\NFLX\2023-08-17.png,2023-07-21,2023-08-17
NFLX,2023-08-18,D:\full-stack2\data\charts\NFLX\2023-08-18.png,2023-07-24,2023-08-18
NFLX,2023-08-21,D:\full-stack2\data\charts\NFLX\2023-08-21.png,2023-07-25,2023-08-21
NFLX,2023-08-22,D:\full-stack2\data\charts\NFLX\2023-08-22.png,2023-07-26,2023-08-22
NFLX,2023-08-23,D:\full-stack2\data\charts\NFLX\2023-08-23.png,2023-07-27,2023-08-23
NFLX,2023-08-24,D:\full-stack2\data\charts\NFLX\2023-08-24.png,2023-07-28,2023-08-24
NFLX,2023-08-25,D:\full-stack2\data\charts\NFLX\2023-08-25.png,2023-07-31,2023-08-25
NFLX,2023-08-28,D:\full-stack2\data\charts\NFLX\2023-08-28.png,2023-08-01,2023-08-28
NFLX,2023-08-29,D:\full-stack2\data\charts\NFLX\2023-08-29.png,2023-08-02,2023-08-29
NFLX,2023-08-30,D:\full-stack2\data\charts\NFLX\2023-08-30.png,2023-08-03,2023-08-30
NFLX,2023-08-31,D:\full-stack2\data\charts\NFLX\2023-08-31.png,2023-08-04,2023-08-31
NFLX,2023-09-01,D:\full-stack2\data\charts\NFLX\2023-09-01.png,2023-08-07,2023-09-01
NFLX,2023-09-05,D:\full-stack2\data\charts\NFLX\2023-09-05.png,2023-08-08,2023-09-05
NFLX,2023-09-06,D:\full-stack2\data\charts\NFLX\2023-09-06.png,2023-08-09,2023-09-06
NFLX,2023-09-07,D:\full-stack2\data\charts\NFLX\2023-09-07.png,2023-08-10,2023-09-07
NFLX,2023-09-08,D:\full-stack2\data\charts\NFLX\2023-09-08.png,2023-08-11,2023-09-08
NFLX,2023-09-11,D:\full-stack2\data\charts\NFLX\2023-09-11.png,2023-08-14,2023-09-11
NFLX,2023-09-12,D:\full-stack2\data\charts\NFLX\2023-09-12.png,2023-08-15,2023-09-12
NFLX,2023-09-13,D:\full-stack2\data\charts\NFLX\2023-09-13.png,2023-08-16,2023-09-13
NFLX,2023-09-14,D:\full-stack2\data\charts\NFLX\2023-09-14.png,2023-08-17,2023-09-14
NFLX,2023-09-15,D:\full-stack2\data\charts\NFLX\2023-09-15.png,2023-08-18,2023-09-15
NFLX,2023-09-18,D:\full-stack2\data\charts\NFLX\2023-09-18.png,2023-08-21,2023-09-18
NFLX,2023-09-19,D:\full-stack2\data\charts\NFLX\2023-09-19.png,2023-08-22,2023-09-19
NFLX,2023-09-20,D:\full-stack2\data\charts\NFLX\2023-09-20.png,2023-08-23,2023-09-20
NFLX,2023-09-21,D:\full-stack2\data\charts\NFLX\2023-09-21.png,2023-08-24,2023-09-21
NFLX,2023-09-22,D:\full-stack2\data\charts\NFLX\2023-09-22.png,2023-08-25,2023-09-22
NFLX,2023-09-25,D:\full-stack2\data\charts\NFLX\2023-09-25.png,2023-08-28,2023-09-25
NFLX,2023-09-26,D:\full-stack2\data\charts\NFLX\2023-09-26.png,2023-08-29,2023-09-26
NFLX,2023-09-27,D:\full-stack2\data\charts\NFLX\2023-09-27.png,2023-08-30,2023-09-27
NFLX,2023-09-28,D:\full-stack2\data\charts\NFLX\2023-09-28.png,2023-08-31,2023-09-28
NFLX,2023-09-29,D:\full-stack2\data\charts\NFLX\2023-09-29.png,2023-09-01,2023-09-29
NFLX,2023-10-02,D:\full-stack2\data\charts\NFLX\2023-10-02.png,2023-09-05,2023-10-02
NFLX,2023-10-03,D:\full-stack2\data\charts\NFLX\2023-10-03.png,2023-09-06,2023-10-03
NFLX,2023-10-04,D:\full-stack2\data\charts\NFLX\2023-10-04.png,2023-09-07,2023-10-04
NFLX,2023-10-05,D:\full-stack2\data\charts\NFLX\2023-10-05.png,2023-09-08,2023-10-05
NFLX,2023-10-06,D:\full-stack2\data\charts\NFLX\2023-10-06.png,2023-09-11,2023-10-06
NFLX,2023-10-09,D:\full-stack2\data\charts\NFLX\2023-10-09.png,2023-09-12,2023-10-09
NFLX,2023-10-10,D:\full-stack2\data\charts\NFLX\2023-10-10.png,2023-09-13,2023-10-10
NFLX,2023-10-11,D:\full-stack2\data\charts\NFLX\2023-10-11.png,2023-09-14,2023-10-11
NFLX,2023-10-12,D:\full-stack2\data\charts\NFLX\2023-10-12.png,2023-09-15,2023-10-12
NFLX,2023-10-13,D:\full-stack2\data\charts\NFLX\2023-10-13.png,2023-09-18,2023-10-13
NFLX,2023-10-16,D:\full-stack2\data\charts\NFLX\2023-10-16.png,2023-09-19,2023-10-16
NFLX,2023-10-17,D:\full-stack2\data\charts\NFLX\2023-10-17.png,2023-09-20,2023-10-17
NFLX,2023-10-18,D:\full-stack2\data\charts\NFLX\2023-10-18.png,2023-09-21,2023-10-18
NFLX,2023-10-19,D:\full-stack2\data\charts\NFLX\2023-10-19.png,2023-09-22,2023-10-19
NFLX,2023-10-20,D:\full-stack2\data\charts\NFLX\2023-10-20.png,2023-09-25,2023-10-20
NFLX,2023-10-23,D:\full-stack2\data\charts\NFLX\2023-10-23.png,2023-09-26,2023-10-23
NFLX,2023-10-24,D:\full-stack2\data\charts\NFLX\2023-10-24.png,2023-09-27,2023-10-24
NFLX,2023-10-25,D:\full-stack2\data\charts\NFLX\2023-10-25.png,2023-09-28,2023-10-25
NFLX,2023-10-26,D:\full-stack2\data\charts\NFLX\2023-10-26.png,2023-09-29,2023-10-26
NFLX,2023-10-27,D:\full-stack2\data\charts\NFLX\2023-10-27.png,2023-10-02,2023-10-27
NFLX,2023-10-30,D:\full-stack2\data\charts\NFLX\2023-10-30.png,2023-10-03,2023-10-30
NFLX,2023-10-31,D:\full-stack2\data\charts\NFLX\2023-10-31.png,2023-10-04,2023-10-31
NFLX,2023-11-01,D:\full-stack2\data\charts\NFLX\2023-11-01.png,2023-10-05,2023-11-01
NFLX,2023-11-02,D:\full-stack2\data\charts\NFLX\2023-11-02.png,2023-10-06,2023-11-02
NFLX,2023-11-03,D:\full-stack2\data\charts\NFLX\2023-11-03.png,2023-10-09,2023-11-03
NFLX,2023-11-06,D:\full-stack2\data\charts\NFLX\2023-11-06.png,2023-10-10,2023-11-06
NFLX,2023-11-07,D:\full-stack2\data\charts\NFLX\2023-11-07.png,2023-10-11,2023-11-07
NFLX,2023-11-08,D:\full-stack2\data\charts\NFLX\2023-11-08.png,2023-10-12,2023-11-08
NFLX,2023-11-09,D:\full-stack2\data\charts\NFLX\2023-11-09.png,2023-10-13,2023-11-09
NFLX,2023-11-10,D:\full-stack2\data\charts\NFLX\2023-11-10.png,2023-10-16,2023-11-10
NFLX,2023-11-13,D:\full-stack2\data\charts\NFLX\2023-11-13.png,2023-10-17,2023-11-13
NFLX,2023-11-14,D:\full-stack2\data\charts\NFLX\2023-11-14.png,2023-10-18,2023-11-14
NFLX,2023-11-15,D:\full-stack2\data\charts\NFLX\2023-11-15.png,2023-10-19,2023-11-15
NFLX,2023-11-16,D:\full-stack2\data\charts\NFLX\2023-11-16.png,2023-10-20,2023-11-16
NFLX,2023-11-17,D:\full-stack2\data\charts\NFLX\2023-11-17.png,2023-10-23,2023-11-17
NFLX,2023-11-20,D:\full-stack2\data\charts\NFLX\2023-11-20.png,2023-10-24,2023-11-20
NFLX,2023-11-21,D:\full-stack2\data\charts\NFLX\2023-11-21.png,2023-10-25,2023-11-21
NFLX,2023-11-22,D:\full-stack2\data\charts\NFLX\2023-11-22.png,2023-10-26,2023-11-22
NFLX,2023-11-24,D:\full-stack2\data\charts\NFLX\2023-11-24.png,2023-10-27,2023-11-24
NFLX,2023-11-27,D:\full-stack2\data\charts\NFLX\2023-11-27.png,2023-10-30,2023-11-27
NFLX,2023-11-28,D:\full-stack2\data\charts\NFLX\2023-11-28.png,2023-10-31,2023-11-28
NFLX,2023-11-29,D:\full-stack2\data\charts\NFLX\2023-11-29.png,2023-11-01,2023-11-29
NFLX,2023-11-30,D:\full-stack2\data\charts\NFLX\2023-11-30.png,2023-11-02,2023-11-30
NFLX,2023-12-01,D:\full-stack2\data\charts\NFLX\2023-12-01.png,2023-11-03,2023-12-01
NFLX,2023-12-04,D:\full-stack2\data\charts\NFLX\2023-12-04.png,2023-11-06,2023-12-04
NFLX,2023-12-05,D:\full-stack2\data\charts\NFLX\2023-12-05.png,2023-11-07,2023-12-05
NFLX,2023-12-06,D:\full-stack2\data\charts\NFLX\2023-12-06.png,2023-11-08,2023-12-06
NFLX,2023-12-07,D:\full-stack2\data\charts\NFLX\2023-12-07.png,2023-11-09,2023-12-07
NFLX,2023-12-08,D:\full-stack2\data\charts\NFLX\2023-12-08.png,2023-11-10,2023-12-08
NFLX,2023-12-11,D:\full-stack2\data\charts\NFLX\2023-12-11.png,2023-11-13,2023-12-11
NFLX,2023-12-12,D:\full-stack2\data\charts\NFLX\2023-12-12.png,2023-11-14,2023-12-12
NFLX,2023-12-13,D:\full-stack2\data\charts\NFLX\2023-12-13.png,2023-11-15,2023-12-13
NFLX,2023-12-14,D:\full-stack2\data\charts\NFLX\2023-12-14.png,2023-11-16,2023-12-14
NFLX,2023-12-15,D:\full-stack2\data\charts\NFLX\2023-12-15.png,2023-11-17,2023-12-15
NFLX,2023-12-18,D:\full-stack2\data\charts\NFLX\2023-12-18.png,2023-11-20,2023-12-18
NFLX,2023-12-19,D:\full-stack2\data\charts\NFLX\2023-12-19.png,2023-11-21,2023-12-19
NFLX,2023-12-20,D:\full-stack2\data\charts\NFLX\2023-12-20.png,2023-11-22,2023-12-20
NFLX,2023-12-21,D:\full-stack2\data\charts\NFLX\2023-12-21.png,2023-11-24,2023-12-21
NFLX,2023-12-22,D:\full-stack2\data\charts\NFLX\2023-12-22.png,2023-11-27,2023-12-22
NFLX,2023-12-26,D:\full-stack2\data\charts\NFLX\2023-12-26.png,2023-11-28,2023-12-26
NFLX,2023-12-27,D:\full-stack2\data\charts\NFLX\2023-12-27.png,2023-11-29,2023-12-27
NFLX,2023-12-28,D:\full-stack2\data\charts\NFLX\2023-12-28.png,2023-11-30,2023-12-28
NFLX,2023-12-29,D:\full-stack2\data\charts\NFLX\2023-12-29.png,2023-12-01,2023-12-29
NFLX,2024-01-02,D:\full-stack2\data\charts\NFLX\2024-01-02.png,2023-12-04,2024-01-02
NFLX,2024-01-03,D:\full-stack2\data\charts\NFLX\2024-01-03.png,2023-12-05,2024-01-03
NFLX,2024-01-04,D:\full-stack2\data\charts\NFLX\2024-01-04.png,2023-12-06,2024-01-04
NFLX,2024-01-05,D:\full-stack2\data\charts\NFLX\2024-01-05.png,2023-12-07,2024-01-05
NFLX,2024-01-08,D:\full-stack2\data\charts\NFLX\2024-01-08.png,2023-12-08,2024-01-08
NFLX,2024-01-09,D:\full-stack2\data\charts\NFLX\2024-01-09.png,2023-12-11,2024-01-09
NFLX,2024-01-10,D:\full-stack2\data\charts\NFLX\2024-01-10.png,2023-12-12,2024-01-10
NFLX,2024-01-11,D:\full-stack2\data\charts\NFLX\2024-01-11.png,2023-12-13,2024-01-11
NFLX,2024-01-12,D:\full-stack2\data\charts\NFLX\2024-01-12.png,2023-12-14,2024-01-12
NFLX,2024-01-16,D:\full-stack2\data\charts\NFLX\2024-01-16.png,2023-12-15,2024-01-16
NFLX,2024-01-17,D:\full-stack2\data\charts\NFLX\2024-01-17.png,2023-12-18,2024-01-17
NFLX,2024-01-18,D:\full-stack2\data\charts\NFLX\2024-01-18.png,2023-12-19,2024-01-18
NFLX,2024-01-19,D:\full-stack2\data\charts\NFLX\2024-01-19.png,2023-12-20,2024-01-19
NFLX,2024-01-22,D:\full-stack2\data\charts\NFLX\2024-01-22.png,2023-12-21,2024-01-22
NFLX,2024-01-23,D:\full-stack2\data\charts\NFLX\2024-01-23.png,2023-12-22,2024-01-23
NFLX,2024-01-24,D:\full-stack2\data\charts\NFLX\2024-01-24.png,2023-12-26,2024-01-24
NFLX,2024-01-25,D:\full-stack2\data\charts\NFLX\2024-01-25.png,2023-12-27,2024-01-25
NFLX,2024-01-26,D:\full-stack2\data\charts\NFLX\2024-01-26.png,2023-12-28,2024-01-26
NFLX,2024-01-29,D:\full-stack2\data\charts\NFLX\2024-01-29.png,2023-12-29,2024-01-29
NFLX,2024-01-30,D:\full-stack2\data\charts\NFLX\2024-01-30.png,2024-01-02,2024-01-30
NFLX,2024-01-31,D:\full-stack2\data\charts\NFLX\2024-01-31.png,2024-01-03,2024-01-31
NFLX,2024-02-01,D:\full-stack2\data\charts\NFLX\2024-02-01.png,2024-01-04,2024-02-01
NFLX,2024-02-02,D:\full-stack2\data\charts\NFLX\2024-02-02.png,2024-01-05,2024-02-02
NFLX,2024-02-05,D:\full-stack2\data\charts\NFLX\2024-02-05.png,2024-01-08,2024-02-05
NFLX,2024-02-06,D:\full-stack2\data\charts\NFLX\2024-02-06.png,2024-01-09,2024-02-06
NFLX,2024-02-07,D:\full-stack2\data\charts\NFLX\2024-02-07.png,2024-01-10,2024-02-07
NFLX,2024-02-08,D:\full-stack2\data\charts\NFLX\2024-02-08.png,2024-01-11,2024-02-08
NFLX,2024-02-09,D:\full-stack2\data\charts\NFLX\2024-02-09.png,2024-01-12,2024-02-09
NFLX,2024-02-12,D:\full-stack2\data\charts\NFLX\2024-02-12.png,2024-01-16,2024-02-12
NFLX,2024-02-13,D:\full-stack2\data\charts\NFLX\2024-02-13.png,2024-01-17,2024-02-13
NFLX,2024-02-14,D:\full-stack2\data\charts\NFLX\2024-02-14.png,2024-01-18,2024-02-14
NFLX,2024-02-15,D:\full-stack2\data\charts\NFLX\2024-02-15.png,2024-01-19,2024-02-15
NFLX,2024-02-16,D:\full-stack2\data\charts\NFLX\2024-02-16.png,2024-01-22,2024-02-16
NFLX,2024-02-20,D:\full-stack2\data\charts\NFLX\2024-02-20.png,2024-01-23,2024-02-20
NFLX,2024-02-21,D:\full-stack2\data\charts\NFLX\2024-02-21.png,2024-01-24,2024-02-21
NFLX,2024-02-22,D:\full-stack2\data\charts\NFLX\2024-02-22.png,2024-01-25,2024-02-22
NFLX,2024-02-23,D:\full-stack2\data\charts\NFLX\2024-02-23.png,2024-01-26,2024-02-23
NFLX,2024-02-26,D:\full-stack2\data\charts\NFLX\2024-02-26.png,2024-01-29,2024-02-26
NFLX,2024-02-27,D:\full-stack2\data\charts\NFLX\2024-02-27.png,2024-01-30,2024-02-27
NFLX,2024-02-28,D:\full-stack2\data\charts\NFLX\2024-02-28.png,2024-01-31,2024-02-28
NFLX,2024-02-29,D:\full-stack2\data\charts\NFLX\2024-02-29.png,2024-02-01,2024-02-29
NFLX,2024-03-01,D:\full-stack2\data\charts\NFLX\2024-03-01.png,2024-02-02,2024-03-01
NFLX,2024-03-04,D:\full-stack2\data\charts\NFLX\2024-03-04.png,2024-02-05,2024-03-04
NFLX,2024-03-05,D:\full-stack2\data\charts\NFLX\2024-03-05.png,2024-02-06,2024-03-05
NFLX,2024-03-06,D:\full-stack2\data\charts\NFLX\2024-03-06.png,2024-02-07,2024-03-06
NFLX,2024-03-07,D:\full-stack2\data\charts\NFLX\2024-03-07.png,2024-02-08,2024-03-07
NFLX,2024-03-08,D:\full-stack2\data\charts\NFLX\2024-03-08.png,2024-02-09,2024-03-08
NFLX,2024-03-11,D:\full-stack2\data\charts\NFLX\2024-03-11.png,2024-02-12,2024-03-11
NFLX,2024-03-12,D:\full-stack2\data\charts\NFLX\2024-03-12.png,2024-02-13,2024-03-12
NFLX,2024-03-13,D:\full-stack2\data\charts\NFLX\2024-03-13.png,2024-02-14,2024-03-13
NFLX,2024-03-14,D:\full-stack2\data\charts\NFLX\2024-03-14.png,2024-02-15,2024-03-14
NFLX,2024-03-15,D:\full-stack2\data\charts\NFLX\2024-03-15.png,2024-02-16,2024-03-15
NFLX,2024-03-18,D:\full-stack2\data\charts\NFLX\2024-03-18.png,2024-02-20,2024-03-18
NFLX,2024-03-19,D:\full-stack2\data\charts\NFLX\2024-03-19.png,2024-02-21,2024-03-19
NFLX,2024-03-20,D:\full-stack2\data\charts\NFLX\2024-03-20.png,2024-02-22,2024-03-20
NFLX,2024-03-21,D:\full-stack2\data\charts\NFLX\2024-03-21.png,2024-02-23,2024-03-21
NFLX,2024-03-22,D:\full-stack2\data\charts\NFLX\2024-03-22.png,2024-02-26,2024-03-22
NFLX,2024-03-25,D:\full-stack2\data\charts\NFLX\2024-03-25.png,2024-02-27,2024-03-25
NFLX,2024-03-26,D:\full-stack2\data\charts\NFLX\2024-03-26.png,2024-02-28,2024-03-26
NFLX,2024-03-27,D:\full-stack2\data\charts\NFLX\2024-03-27.png,2024-02-29,2024-03-27
NFLX,2024-03-28,D:\full-stack2\data\charts\NFLX\2024-03-28.png,2024-03-01,2024-03-28
NFLX,2024-04-01,D:\full-stack2\data\charts\NFLX\2024-04-01.png,2024-03-04,2024-04-01
NFLX,2024-04-02,D:\full-stack2\data\charts\NFLX\2024-04-02.png,2024-03-05,2024-04-02
NFLX,2024-04-03,D:\full-stack2\data\charts\NFLX\2024-04-03.png,2024-03-06,2024-04-03
NFLX,2024-04-04,D:\full-stack2\data\charts\NFLX\2024-04-04.png,2024-03-07,2024-04-04
NFLX,2024-04-05,D:\full-stack2\data\charts\NFLX\2024-04-05.png,2024-03-08,2024-04-05
NFLX,2024-04-08,D:\full-stack2\data\charts\NFLX\2024-04-08.png,2024-03-11,2024-04-08
NFLX,2024-04-09,D:\full-stack2\data\charts\NFLX\2024-04-09.png,2024-03-12,2024-04-09
NFLX,2024-04-10,D:\full-stack2\data\charts\NFLX\2024-04-10.png,2024-03-13,2024-04-10
NFLX,2024-04-11,D:\full-stack2\data\charts\NFLX\2024-04-11.png,2024-03-14,2024-04-11
NFLX,2024-04-12,D:\full-stack2\data\charts\NFLX\2024-04-12.png,2024-03-15,2024-04-12
NFLX,2024-04-15,D:\full-stack2\data\charts\NFLX\2024-04-15.png,2024-03-18,2024-04-15
NFLX,2024-04-16,D:\full-stack2\data\charts\NFLX\2024-04-16.png,2024-03-19,2024-04-16
NFLX,2024-04-17,D:\full-stack2\data\charts\NFLX\2024-04-17.png,2024-03-20,2024-04-17
NFLX,2024-04-18,D:\full-stack2\data\charts\NFLX\2024-04-18.png,2024-03-21,2024-04-18
NFLX,2024-04-19,D:\full-stack2\data\charts\NFLX\2024-04-19.png,2024-03-22,2024-04-19
NFLX,2024-04-22,D:\full-stack2\data\charts\NFLX\2024-04-22.png,2024-03-25,2024-04-22
NFLX,2024-04-23,D:\full-stack2\data\charts\NFLX\2024-04-23.png,2024-03-26,2024-04-23
NFLX,2024-04-24,D:\full-stack2\data\charts\NFLX\2024-04-24.png,2024-03-27,2024-04-24
NFLX,2024-04-25,D:\full-stack2\data\charts\NFLX\2024-04-25.png,2024-03-28,2024-04-25
NFLX,2024-04-26,D:\full-stack2\data\charts\NFLX\2024-04-26.png,2024-04-01,2024-04-26
NFLX,2024-04-29,D:\full-stack2\data\charts\NFLX\2024-04-29.png,2024-04-02,2024-04-29
NFLX,2024-04-30,D:\full-stack2\data\charts\NFLX\2024-04-30.png,2024-04-03,2024-04-30
NFLX,2024-05-01,D:\full-stack2\data\charts\NFLX\2024-05-01.png,2024-04-04,2024-05-01
NFLX,2024-05-02,D:\full-stack2\data\charts\NFLX\2024-05-02.png,2024-04-05,2024-05-02
NFLX,2024-05-03,D:\full-stack2\data\charts\NFLX\2024-05-03.png,2024-04-08,2024-05-03
NFLX,2024-05-06,D:\full-stack2\data\charts\NFLX\2024-05-06.png,2024-04-09,2024-05-06
NFLX,2024-05-07,D:\full-stack2\data\charts\NFLX\2024-05-07.png,2024-04-10,2024-05-07
NFLX,2024-05-08,D:\full-stack2\data\charts\NFLX\2024-05-08.png,2024-04-11,2024-05-08
NFLX,2024-05-09,D:\full-stack2\data\charts\NFLX\2024-05-09.png,2024-04-12,2024-05-09
NFLX,2024-05-10,D:\full-stack2\data\charts\NFLX\2024-05-10.png,2024-04-15,2024-05-10
NFLX,2024-05-13,D:\full-stack2\data\charts\NFLX\2024-05-13.png,2024-04-16,2024-05-13
NFLX,2024-05-14,D:\full-stack2\data\charts\NFLX\2024-05-14.png,2024-04-17,2024-05-14
NFLX,2024-05-15,D:\full-stack2\data\charts\NFLX\2024-05-15.png,2024-04-18,2024-05-15
NFLX,2024-05-16,D:\full-stack2\data\charts\NFLX\2024-05-16.png,2024-04-19,2024-05-16
NFLX,2024-05-17,D:\full-stack2\data\charts\NFLX\2024-05-17.png,2024-04-22,2024-05-17
NFLX,2024-05-20,D:\full-stack2\data\charts\NFLX\2024-05-20.png,2024-04-23,2024-05-20
NFLX,2024-05-21,D:\full-stack2\data\charts\NFLX\2024-05-21.png,2024-04-24,2024-05-21
NFLX,2024-05-22,D:\full-stack2\data\charts\NFLX\2024-05-22.png,2024-04-25,2024-05-22
NFLX,2024-05-23,D:\full-stack2\data\charts\NFLX\2024-05-23.png,2024-04-26,2024-05-23
NFLX,2024-05-24,D:\full-stack2\data\charts\NFLX\2024-05-24.png,2024-04-29,2024-05-24
NFLX,2024-05-28,D:\full-stack2\data\charts\NFLX\2024-05-28.png,2024-04-30,2024-05-28
NFLX,2024-05-29,D:\full-stack2\data\charts\NFLX\2024-05-29.png,2024-05-01,2024-05-29
NFLX,2024-05-30,D:\full-stack2\data\charts\NFLX\2024-05-30.png,2024-05-02,2024-05-30
NFLX,2024-05-31,D:\full-stack2\data\charts\NFLX\2024-05-31.png,2024-05-03,2024-05-31
NFLX,2024-06-03,D:\full-stack2\data\charts\NFLX\2024-06-03.png,2024-05-06,2024-06-03
NFLX,2024-06-04,D:\full-stack2\data\charts\NFLX\2024-06-04.png,2024-05-07,2024-06-04
NFLX,2024-06-05,D:\full-stack2\data\charts\NFLX\2024-06-05.png,2024-05-08,2024-06-05
NFLX,2024-06-06,D:\full-stack2\data\charts\NFLX\2024-06-06.png,2024-05-09,2024-06-06
NFLX,2024-06-07,D:\full-stack2\data\charts\NFLX\2024-06-07.png,2024-05-10,2024-06-07
NFLX,2024-06-10,D:\full-stack2\data\charts\NFLX\2024-06-10.png,2024-05-13,2024-06-10
NFLX,2024-06-11,D:\full-stack2\data\charts\NFLX\2024-06-11.png,2024-05-14,2024-06-11
NFLX,2024-06-12,D:\full-stack2\data\charts\NFLX\2024-06-12.png,2024-05-15,2024-06-12
NFLX,2024-06-13,D:\full-stack2\data\charts\NFLX\2024-06-13.png,2024-05-16,2024-06-13
NFLX,2024-06-14,D:\full-stack2\data\charts\NFLX\2024-06-14.png,2024-05-17,2024-06-14
NFLX,2024-06-17,D:\full-stack2\data\charts\NFLX\2024-06-17.png,2024-05-20,2024-06-17
NFLX,2024-06-18,D:\full-stack2\data\charts\NFLX\2024-06-18.png,2024-05-21,2024-06-18
NFLX,2024-06-20,D:\full-stack2\data\charts\NFLX\2024-06-20.png,2024-05-22,2024-06-20
NFLX,2024-06-21,D:\full-stack2\data\charts\NFLX\2024-06-21.png,2024-05-23,2024-06-21
NFLX,2024-06-24,D:\full-stack2\data\charts\NFLX\2024-06-24.png,2024-05-24,2024-06-24
NFLX,2024-06-25,D:\full-stack2\data\charts\NFLX\2024-06-25.png,2024-05-28,2024-06-25
NFLX,2024-06-26,D:\full-stack2\data\charts\NFLX\2024-06-26.png,2024-05-29,2024-06-26
NFLX,2024-06-27,D:\full-stack2\data\charts\NFLX\2024-06-27.png,2024-05-30,2024-06-27
NFLX,2024-06-28,D:\full-stack2\data\charts\NFLX\2024-06-28.png,2024-05-31,2024-06-28
NFLX,2024-07-01,D:\full-stack2\data\charts\NFLX\2024-07-01.png,2024-06-03,2024-07-01
NFLX,2024-07-02,D:\full-stack2\data\charts\NFLX\2024-07-02.png,2024-06-04,2024-07-02
NFLX,2024-07-03,D:\full-stack2\data\charts\NFLX\2024-07-03.png,2024-06-05,2024-07-03
NFLX,2024-07-05,D:\full-stack2\data\charts\NFLX\2024-07-05.png,2024-06-06,2024-07-05
NFLX,2024-07-08,D:\full-stack2\data\charts\NFLX\2024-07-08.png,2024-06-07,2024-07-08
NFLX,2024-07-09,D:\full-stack2\data\charts\NFLX\2024-07-09.png,2024-06-10,2024-07-09
NFLX,2024-07-10,D:\full-stack2\data\charts\NFLX\2024-07-10.png,2024-06-11,2024-07-10
NFLX,2024-07-11,D:\full-stack2\data\charts\NFLX\2024-07-11.png,2024-06-12,2024-07-11
NFLX,2024-07-12,D:\full-stack2\data\charts\NFLX\2024-07-12.png,2024-06-13,2024-07-12
NFLX,2024-07-15,D:\full-stack2\data\charts\NFLX\2024-07-15.png,2024-06-14,2024-07-15
NFLX,2024-07-16,D:\full-stack2\data\charts\NFLX\2024-07-16.png,2024-06-17,2024-07-16
NFLX,2024-07-17,D:\full-stack2\data\charts\NFLX\2024-07-17.png,2024-06-18,2024-07-17
NFLX,2024-07-18,D:\full-stack2\data\charts\NFLX\2024-07-18.png,2024-06-20,2024-07-18
NFLX,2024-07-19,D:\full-stack2\data\charts\NFLX\2024-07-19.png,2024-06-21,2024-07-19
NFLX,2024-07-22,D:\full-stack2\data\charts\NFLX\2024-07-22.png,2024-06-24,2024-07-22
NFLX,2024-07-23,D:\full-stack2\data\charts\NFLX\2024-07-23.png,2024-06-25,2024-07-23
NFLX,2024-07-24,D:\full-stack2\data\charts\NFLX\2024-07-24.png,2024-06-26,2024-07-24
NFLX,2024-07-25,D:\full-stack2\data\charts\NFLX\2024-07-25.png,2024-06-27,2024-07-25
NFLX,2024-07-26,D:\full-stack2\data\charts\NFLX\2024-07-26.png,2024-06-28,2024-07-26
NFLX,2024-07-29,D:\full-stack2\data\charts\NFLX\2024-07-29.png,2024-07-01,2024-07-29
NFLX,2024-07-30,D:\full-stack2\data\charts\NFLX\2024-07-30.png,2024-07-02,2024-07-30
NFLX,2024-07-31,D:\full-stack2\data\charts\NFLX\2024-07-31.png,2024-07-03,2024-07-31
NFLX,2024-08-01,D:\full-stack2\data\charts\NFLX\2024-08-01.png,2024-07-05,2024-08-01
NFLX,2024-08-02,D:\full-stack2\data\charts\NFLX\2024-08-02.png,2024-07-08,2024-08-02
NFLX,2024-08-05,D:\full-stack2\data\charts\NFLX\2024-08-05.png,2024-07-09,2024-08-05
NFLX,2024-08-06,D:\full-stack2\data\charts\NFLX\2024-08-06.png,2024-07-10,2024-08-06
NFLX,2024-08-07,D:\full-stack2\data\charts\NFLX\2024-08-07.png,2024-07-11,2024-08-07
NFLX,2024-08-08,D:\full-stack2\data\charts\NFLX\2024-08-08.png,2024-07-12,2024-08-08
NFLX,2024-08-09,D:\full-stack2\data\charts\NFLX\2024-08-09.png,2024-07-15,2024-08-09
NFLX,2024-08-12,D:\full-stack2\data\charts\NFLX\2024-08-12.png,2024-07-16,2024-08-12
NFLX,2024-08-13,D:\full-stack2\data\charts\NFLX\2024-08-13.png,2024-07-17,2024-08-13
NFLX,2024-08-14,D:\full-stack2\data\charts\NFLX\2024-08-14.png,2024-07-18,2024-08-14
NFLX,2024-08-15,D:\full-stack2\data\charts\NFLX\2024-08-15.png,2024-07-19,2024-08-15
NFLX,2024-08-16,D:\full-stack2\data\charts\NFLX\2024-08-16.png,2024-07-22,2024-08-16
NFLX,2024-08-19,D:\full-stack2\data\charts\NFLX\2024-08-19.png,2024-07-23,2024-08-19
NFLX,2024-08-20,D:\full-stack2\data\charts\NFLX\2024-08-20.png,2024-07-24,2024-08-20
NFLX,2024-08-21,D:\full-stack2\data\charts\NFLX\2024-08-21.png,2024-07-25,2024-08-21
NFLX,2024-08-22,D:\full-stack2\data\charts\NFLX\2024-08-22.png,2024-07-26,2024-08-22
NFLX,2024-08-23,D:\full-stack2\data\charts\NFLX\2024-08-23.png,2024-07-29,2024-08-23
NFLX,2024-08-26,D:\full-stack2\data\charts\NFLX\2024-08-26.png,2024-07-30,2024-08-26
NFLX,2024-08-27,D:\full-stack2\data\charts\NFLX\2024-08-27.png,2024-07-31,2024-08-27
NFLX,2024-08-28,D:\full-stack2\data\charts\NFLX\2024-08-28.png,2024-08-01,2024-08-28
NFLX,2024-08-29,D:\full-stack2\data\charts\NFLX\2024-08-29.png,2024-08-02,2024-08-29
NFLX,2024-08-30,D:\full-stack2\data\charts\NFLX\2024-08-30.png,2024-08-05,2024-08-30
NFLX,2024-09-03,D:\full-stack2\data\charts\NFLX\2024-09-03.png,2024-08-06,2024-09-03
NFLX,2024-09-04,D:\full-stack2\data\charts\NFLX\2024-09-04.png,2024-08-07,2024-09-04
NFLX,2024-09-05,D:\full-stack2\data\charts\NFLX\2024-09-05.png,2024-08-08,2024-09-05
NFLX,2024-09-06,D:\full-stack2\data\charts\NFLX\2024-09-06.png,2024-08-09,2024-09-06
NFLX,2024-09-09,D:\full-stack2\data\charts\NFLX\2024-09-09.png,2024-08-12,2024-09-09
NFLX,2024-09-10,D:\full-stack2\data\charts\NFLX\2024-09-10.png,2024-08-13,2024-09-10
NFLX,2024-09-11,D:\full-stack2\data\charts\NFLX\2024-09-11.png,2024-08-14,2024-09-11
NFLX,2024-09-12,D:\full-stack2\data\charts\NFLX\2024-09-12.png,2024-08-15,2024-09-12
NFLX,2024-09-13,D:\full-stack2\data\charts\NFLX\2024-09-13.png,2024-08-16,2024-09-13
NFLX,2024-09-16,D:\full-stack2\data\charts\NFLX\2024-09-16.png,2024-08-19,2024-09-16
NFLX,2024-09-17,D:\full-stack2\data\charts\NFLX\2024-09-17.png,2024-08-20,2024-09-17
NFLX,2024-09-18,D:\full-stack2\data\charts\NFLX\2024-09-18.png,2024-08-21,2024-09-18
NFLX,2024-09-19,D:\full-stack2\data\charts\NFLX\2024-09-19.png,2024-08-22,2024-09-19
NFLX,2024-09-20,D:\full-stack2\data\charts\NFLX\2024-09-20.png,2024-08-23,2024-09-20
NFLX,2024-09-23,D:\full-stack2\data\charts\NFLX\2024-09-23.png,2024-08-26,2024-09-23
NFLX,2024-09-24,D:\full-stack2\data\charts\NFLX\2024-09-24.png,2024-08-27,2024-09-24
NFLX,2024-09-25,D:\full-stack2\data\charts\NFLX\2024-09-25.png,2024-08-28,2024-09-25
NFLX,2024-09-26,D:\full-stack2\data\charts\NFLX\2024-09-26.png,2024-08-29,2024-09-26
NFLX,2024-09-27,D:\full-stack2\data\charts\NFLX\2024-09-27.png,2024-08-30,2024-09-27
NFLX,2024-09-30,D:\full-stack2\data\charts\NFLX\2024-09-30.png,2024-09-03,2024-09-30
NFLX,2024-10-01,D:\full-stack2\data\charts\NFLX\2024-10-01.png,2024-09-04,2024-10-01
NFLX,2024-10-02,D:\full-stack2\data\charts\NFLX\2024-10-02.png,2024-09-05,2024-10-02
NFLX,2024-10-03,D:\full-stack2\data\charts\NFLX\2024-10-03.png,2024-09-06,2024-10-03
NFLX,2024-10-04,D:\full-stack2\data\charts\NFLX\2024-10-04.png,2024-09-09,2024-10-04
NFLX,2024-10-07,D:\full-stack2\data\charts\NFLX\2024-10-07.png,2024-09-10,2024-10-07
NFLX,2024-10-08,D:\full-stack2\data\charts\NFLX\2024-10-08.png,2024-09-11,2024-10-08
NFLX,2024-10-09,D:\full-stack2\data\charts\NFLX\2024-10-09.png,2024-09-12,2024-10-09
NFLX,2024-10-10,D:\full-stack2\data\charts\NFLX\2024-10-10.png,2024-09-13,2024-10-10
NFLX,2024-10-11,D:\full-stack2\data\charts\NFLX\2024-10-11.png,2024-09-16,2024-10-11
NFLX,2024-10-14,D:\full-stack2\data\charts\NFLX\2024-10-14.png,2024-09-17,2024-10-14
NFLX,2024-10-15,D:\full-stack2\data\charts\NFLX\2024-10-15.png,2024-09-18,2024-10-15
NFLX,2024-10-16,D:\full-stack2\data\charts\NFLX\2024-10-16.png,2024-09-19,2024-10-16
NFLX,2024-10-17,D:\full-stack2\data\charts\NFLX\2024-10-17.png,2024-09-20,2024-10-17
NFLX,2024-10-18,D:\full-stack2\data\charts\NFLX\2024-10-18.png,2024-09-23,2024-10-18
NFLX,2024-10-21,D:\full-stack2\data\charts\NFLX\2024-10-21.png,2024-09-24,2024-10-21
NFLX,2024-10-22,D:\full-stack2\data\charts\NFLX\2024-10-22.png,2024-09-25,2024-10-22
NFLX,2024-10-23,D:\full-stack2\data\charts\NFLX\2024-10-23.png,2024-09-26,2024-10-23
NFLX,2024-10-24,D:\full-stack2\data\charts\NFLX\2024-10-24.png,2024-09-27,2024-10-24
NFLX,2024-10-25,D:\full-stack2\data\charts\NFLX\2024-10-25.png,2024-09-30,2024-10-25
NFLX,2024-10-28,D:\full-stack2\data\charts\NFLX\2024-10-28.png,2024-10-01,2024-10-28
NFLX,2024-10-29,D:\full-stack2\data\charts\NFLX\2024-10-29.png,2024-10-02,2024-10-29
NFLX,2024-10-30,D:\full-stack2\data\charts\NFLX\2024-10-30.png,2024-10-03,2024-10-30
NFLX,2024-10-31,D:\full-stack2\data\charts\NFLX\2024-10-31.png,2024-10-04,2024-10-31
NFLX,2024-11-01,D:\full-stack2\data\charts\NFLX\2024-11-01.png,2024-10-07,2024-11-01
NFLX,2024-11-04,D:\full-stack2\data\charts\NFLX\2024-11-04.png,2024-10-08,2024-11-04
NFLX,2024-11-05,D:\full-stack2\data\charts\NFLX\2024-11-05.png,2024-10-09,2024-11-05
NFLX,2024-11-06,D:\full-stack2\data\charts\NFLX\2024-11-06.png,2024-10-10,2024-11-06
NFLX,2024-11-07,D:\full-stack2\data\charts\NFLX\2024-11-07.png,2024-10-11,2024-11-07
NFLX,2024-11-08,D:\full-stack2\data\charts\NFLX\2024-11-08.png,2024-10-14,2024-11-08
NFLX,2024-11-11,D:\full-stack2\data\charts\NFLX\2024-11-11.png,2024-10-15,2024-11-11
NFLX,2024-11-12,D:\full-stack2\data\charts\NFLX\2024-11-12.png,2024-10-16,2024-11-12
NFLX,2024-11-13,D:\full-stack2\data\charts\NFLX\2024-11-13.png,2024-10-17,2024-11-13
NFLX,2024-11-14,D:\full-stack2\data\charts\NFLX\2024-11-14.png,2024-10-18,2024-11-14
NFLX,2024-11-15,D:\full-stack2\data\charts\NFLX\2024-11-15.png,2024-10-21,2024-11-15
NFLX,2024-11-18,D:\full-stack2\data\charts\NFLX\2024-11-18.png,2024-10-22,2024-11-18
NFLX,2024-11-19,D:\full-stack2\data\charts\NFLX\2024-11-19.png,2024-10-23,2024-11-19
NFLX,2024-11-20,D:\full-stack2\data\charts\NFLX\2024-11-20.png,2024-10-24,2024-11-20
NFLX,2024-11-21,D:\full-stack2\data\charts\NFLX\2024-11-21.png,2024-10-25,2024-11-21
NFLX,2024-11-22,D:\full-stack2\data\charts\NFLX\2024-11-22.png,2024-10-28,2024-11-22
NFLX,2024-11-25,D:\full-stack2\data\charts\NFLX\2024-11-25.png,2024-10-29,2024-11-25
NFLX,2024-11-26,D:\full-stack2\data\charts\NFLX\2024-11-26.png,2024-10-30,2024-11-26
NFLX,2024-11-27,D:\full-stack2\data\charts\NFLX\2024-11-27.png,2024-10-31,2024-11-27
NFLX,2024-11-29,D:\full-stack2\data\charts\NFLX\2024-11-29.png,2024-11-01,2024-11-29
NFLX,2024-12-02,D:\full-stack2\data\charts\NFLX\2024-12-02.png,2024-11-04,2024-12-02
NFLX,2024-12-03,D:\full-stack2\data\charts\NFLX\2024-12-03.png,2024-11-05,2024-12-03
NFLX,2024-12-04,D:\full-stack2\data\charts\NFLX\2024-12-04.png,2024-11-06,2024-12-04
NFLX,2024-12-05,D:\full-stack2\data\charts\NFLX\2024-12-05.png,2024-11-07,2024-12-05
NFLX,2024-12-06,D:\full-stack2\data\charts\NFLX\2024-12-06.png,2024-11-08,2024-12-06
NFLX,2024-12-09,D:\full-stack2\data\charts\NFLX\2024-12-09.png,2024-11-11,2024-12-09
NFLX,2024-12-10,D:\full-stack2\data\charts\NFLX\2024-12-10.png,2024-11-12,2024-12-10
NFLX,2024-12-11,D:\full-stack2\data\charts\NFLX\2024-12-11.png,2024-11-13,2024-12-11
NFLX,2024-12-12,D:\full-stack2\data\charts\NFLX\2024-12-12.png,2024-11-14,2024-12-12
NFLX,2024-12-13,D:\full-stack2\data\charts\NFLX\2024-12-13.png,2024-11-15,2024-12-13
NFLX,2024-12-16,D:\full-stack2\data\charts\NFLX\2024-12-16.png,2024-11-18,2024-12-16
NFLX,2024-12-17,D:\full-stack2\data\charts\NFLX\2024-12-17.png,2024-11-19,2024-12-17
NFLX,2024-12-18,D:\full-stack2\data\charts\NFLX\2024-12-18.png,2024-11-20,2024-12-18
NFLX,2024-12-19,D:\full-stack2\data\charts\NFLX\2024-12-19.png,2024-11-21,2024-12-19
NFLX,2024-12-20,D:\full-stack2\data\charts\NFLX\2024-12-20.png,2024-11-22,2024-12-20
NFLX,2024-12-23,D:\full-stack2\data\charts\NFLX\2024-12-23.png,2024-11-25,2024-12-23
NFLX,2024-12-24,D:\full-stack2\data\charts\NFLX\2024-12-24.png,2024-11-26,2024-12-24
NFLX,2024-12-26,D:\full-stack2\data\charts\NFLX\2024-12-26.png,2024-11-27,2024-12-26
NFLX,2024-12-27,D:\full-stack2\data\charts\NFLX\2024-12-27.png,2024-11-29,2024-12-27
NFLX,2024-12-30,D:\full-stack2\data\charts\NFLX\2024-12-30.png,2024-12-02,2024-12-30
NFLX,2024-12-31,D:\full-stack2\data\charts\NFLX\2024-12-31.png,2024-12-03,2024-12-31
NFLX,2025-01-02,D:\full-stack2\data\charts\NFLX\2025-01-02.png,2024-12-04,2025-01-02
NFLX,2025-01-03,D:\full-stack2\data\charts\NFLX\2025-01-03.png,2024-12-05,2025-01-03
NFLX,2025-01-06,D:\full-stack2\data\charts\NFLX\2025-01-06.png,2024-12-06,2025-01-06
NFLX,2025-01-07,D:\full-stack2\data\charts\NFLX\2025-01-07.png,2024-12-09,2025-01-07
NFLX,2025-01-08,D:\full-stack2\data\charts\NFLX\2025-01-08.png,2024-12-10,2025-01-08
NFLX,2025-01-10,D:\full-stack2\data\charts\NFLX\2025-01-10.png,2024-12-11,2025-01-10
NFLX,2025-01-13,D:\full-stack2\data\charts\NFLX\2025-01-13.png,2024-12-12,2025-01-13
NFLX,2025-01-14,D:\full-stack2\data\charts\NFLX\2025-01-14.png,2024-12-13,2025-01-14
NFLX,2025-01-15,D:\full-stack2\data\charts\NFLX\2025-01-15.png,2024-12-16,2025-01-15
NFLX,2025-01-16,D:\full-stack2\data\charts\NFLX\2025-01-16.png,2024-12-17,2025-01-16
NFLX,2025-01-17,D:\full-stack2\data\charts\NFLX\2025-01-17.png,2024-12-18,2025-01-17
NFLX,2025-01-21,D:\full-stack2\data\charts\NFLX\2025-01-21.png,2024-12-19,2025-01-21
NFLX,2025-01-22,D:\full-stack2\data\charts\NFLX\2025-01-22.png,2024-12-20,2025-01-22
NFLX,2025-01-23,D:\full-stack2\data\charts\NFLX\2025-01-23.png,2024-12-23,2025-01-23
NFLX,2025-01-24,D:\full-stack2\data\charts\NFLX\2025-01-24.png,2024-12-24,2025-01-24
NFLX,2025-01-27,D:\full-stack2\data\charts\NFLX\2025-01-27.png,2024-12-26,2025-01-27
NFLX,2025-01-28,D:\full-stack2\data\charts\NFLX\2025-01-28.png,2024-12-27,2025-01-28
NFLX,2025-01-29,D:\full-stack2\data\charts\NFLX\2025-01-29.png,2024-12-30,2025-01-29
NFLX,2025-01-30,D:\full-stack2\data\charts\NFLX\2025-01-30.png,2024-12-31,2025-01-30
NFLX,2025-01-31,D:\full-stack2\data\charts\NFLX\2025-01-31.png,2025-01-02,2025-01-31
NFLX,2025-02-03,D:\full-stack2\data\charts\NFLX\2025-02-03.png,2025-01-03,2025-02-03
NFLX,2025-02-04,D:\full-stack2\data\charts\NFLX\2025-02-04.png,2025-01-06,2025-02-04
NFLX,2025-02-05,D:\full-stack2\data\charts\NFLX\2025-02-05.png,2025-01-07,2025-02-05
NFLX,2025-02-06,D:\full-stack2\data\charts\NFLX\2025-02-06.png,2025-01-08,2025-02-06
NFLX,2025-02-07,D:\full-stack2\data\charts\NFLX\2025-02-07.png,2025-01-10,2025-02-07
NFLX,2025-02-10,D:\full-stack2\data\charts\NFLX\2025-02-10.png,2025-01-13,2025-02-10
NFLX,2025-02-11,D:\full-stack2\data\charts\NFLX\2025-02-11.png,2025-01-14,2025-02-11
NFLX,2025-02-12,D:\full-stack2\data\charts\NFLX\2025-02-12.png,2025-01-15,2025-02-12
NFLX,2025-02-13,D:\full-stack2\data\charts\NFLX\2025-02-13.png,2025-01-16,2025-02-13
NFLX,2025-02-14,D:\full-stack2\data\charts\NFLX\2025-02-14.png,2025-01-17,2025-02-14
NFLX,2025-02-18,D:\full-stack2\data\charts\NFLX\2025-02-18.png,2025-01-21,2025-02-18
NFLX,2025-02-19,D:\full-stack2\data\charts\NFLX\2025-02-19.png,2025-01-22,2025-02-19
NFLX,2025-02-20,D:\full-stack2\data\charts\NFLX\2025-02-20.png,2025-01-23,2025-02-20
NFLX,2025-02-21,D:\full-stack2\data\charts\NFLX\2025-02-21.png,2025-01-24,2025-02-21
NFLX,2025-02-24,D:\full-stack2\data\charts\NFLX\2025-02-24.png,2025-01-27,2025-02-24
NFLX,2025-02-25,D:\full-stack2\data\charts\NFLX\2025-02-25.png,2025-01-28,2025-02-25
NFLX,2025-02-26,D:\full-stack2\data\charts\NFLX\2025-02-26.png,2025-01-29,2025-02-26
NFLX,2025-02-27,D:\full-stack2\data\charts\NFLX\2025-02-27.png,2025-01-30,2025-02-27
NFLX,2025-02-28,D:\full-stack2\data\charts\NFLX\2025-02-28.png,2025-01-31,2025-02-28
NFLX,2025-03-03,D:\full-stack2\data\charts\NFLX\2025-03-03.png,2025-02-03,2025-03-03
NFLX,2025-03-04,D:\full-stack2\data\charts\NFLX\2025-03-04.png,2025-02-04,2025-03-04
NFLX,2025-03-05,D:\full-stack2\data\charts\NFLX\2025-03-05.png,2025-02-05,2025-03-05
NFLX,2025-03-06,D:\full-stack2\data\charts\NFLX\2025-03-06.png,2025-02-06,2025-03-06
NFLX,2025-03-07,D:\full-stack2\data\charts\NFLX\2025-03-07.png,2025-02-07,2025-03-07
NFLX,2025-03-10,D:\full-stack2\data\charts\NFLX\2025-03-10.png,2025-02-10,2025-03-10
NFLX,2025-03-11,D:\full-stack2\data\charts\NFLX\2025-03-11.png,2025-02-11,2025-03-11
NFLX,2025-03-12,D:\full-stack2\data\charts\NFLX\2025-03-12.png,2025-02-12,2025-03-12
NFLX,2025-03-13,D:\full-stack2\data\charts\NFLX\2025-03-13.png,2025-02-13,2025-03-13
NFLX,2025-03-14,D:\full-stack2\data\charts\NFLX\2025-03-14.png,2025-02-14,2025-03-14
NFLX,2025-03-17,D:\full-stack2\data\charts\NFLX\2025-03-17.png,2025-02-18,2025-03-17
NFLX,2025-03-18,D:\full-stack2\data\charts\NFLX\2025-03-18.png,2025-02-19,2025-03-18
NFLX,2025-03-19,D:\full-stack2\data\charts\NFLX\2025-03-19.png,2025-02-20,2025-03-19
NFLX,2025-03-20,D:\full-stack2\data\charts\NFLX\2025-03-20.png,2025-02-21,2025-03-20
NFLX,2025-03-21,D:\full-stack2\data\charts\NFLX\2025-03-21.png,2025-02-24,2025-03-21
NFLX,2025-03-24,D:\full-stack2\data\charts\NFLX\2025-03-24.png,2025-02-25,2025-03-24
NFLX,2025-03-25,D:\full-stack2\data\charts\NFLX\2025-03-25.png,2025-02-26,2025-03-25
NFLX,2025-03-26,D:\full-stack2\data\charts\NFLX\2025-03-26.png,2025-02-27,2025-03-26
NFLX,2025-03-27,D:\full-stack2\data\charts\NFLX\2025-03-27.png,2025-02-28,2025-03-27
NFLX,2025-03-28,D:\full-stack2\data\charts\NFLX\2025-03-28.png,2025-03-03,2025-03-28
NFLX,2025-03-31,D:\full-stack2\data\charts\NFLX\2025-03-31.png,2025-03-04,2025-03-31
NFLX,2025-04-01,D:\full-stack2\data\charts\NFLX\2025-04-01.png,2025-03-05,2025-04-01
NFLX,2025-04-02,D:\full-stack2\data\charts\NFLX\2025-04-02.png,2025-03-06,2025-04-02
NFLX,2025-04-03,D:\full-stack2\data\charts\NFLX\2025-04-03.png,2025-03-07,2025-04-03
NFLX,2025-04-04,D:\full-stack2\data\charts\NFLX\2025-04-04.png,2025-03-10,2025-04-04
NFLX,2025-04-07,D:\full-stack2\data\charts\NFLX\2025-04-07.png,2025-03-11,2025-04-07
NFLX,2025-04-08,D:\full-stack2\data\charts\NFLX\2025-04-08.png,2025-03-12,2025-04-08
NFLX,2025-04-09,D:\full-stack2\data\charts\NFLX\2025-04-09.png,2025-03-13,2025-04-09
NFLX,2025-04-10,D:\full-stack2\data\charts\NFLX\2025-04-10.png,2025-03-14,2025-04-10
NFLX,2025-04-11,D:\full-stack2\data\charts\NFLX\2025-04-11.png,2025-03-17,2025-04-11
NFLX,2025-04-14,D:\full-stack2\data\charts\NFLX\2025-04-14.png,2025-03-18,2025-04-14
NFLX,2025-04-15,D:\full-stack2\data\charts\NFLX\2025-04-15.png,2025-03-19,2025-04-15
NFLX,2025-04-16,D:\full-stack2\data\charts\NFLX\2025-04-16.png,2025-03-20,2025-04-16
NFLX,2025-04-17,D:\full-stack2\data\charts\NFLX\2025-04-17.png,2025-03-21,2025-04-17
NFLX,2025-04-21,D:\full-stack2\data\charts\NFLX\2025-04-21.png,2025-03-24,2025-04-21
NFLX,2025-04-22,D:\full-stack2\data\charts\NFLX\2025-04-22.png,2025-03-25,2025-04-22
NFLX,2025-04-23,D:\full-stack2\data\charts\NFLX\2025-04-23.png,2025-03-26,2025-04-23
NFLX,2025-04-24,D:\full-stack2\data\charts\NFLX\2025-04-24.png,2025-03-27,2025-04-24
NFLX,2025-04-25,D:\full-stack2\data\charts\NFLX\2025-04-25.png,2025-03-28,2025-04-25
NFLX,2025-04-28,D:\full-stack2\data\charts\NFLX\2025-04-28.png,2025-03-31,2025-04-28
NFLX,2025-04-29,D:\full-stack2\data\charts\NFLX\2025-04-29.png,2025-04-01,2025-04-29
NFLX,2025-04-30,D:\full-stack2\data\charts\NFLX\2025-04-30.png,2025-04-02,2025-04-30
NFLX,2025-05-01,D:\full-stack2\data\charts\NFLX\2025-05-01.png,2025-04-03,2025-05-01
NFLX,2025-05-02,D:\full-stack2\data\charts\NFLX\2025-05-02.png,2025-04-04,2025-05-02
NFLX,2025-05-05,D:\full-stack2\data\charts\NFLX\2025-05-05.png,2025-04-07,2025-05-05
NFLX,2025-05-06,D:\full-stack2\data\charts\NFLX\2025-05-06.png,2025-04-08,2025-05-06
NFLX,2025-05-07,D:\full-stack2\data\charts\NFLX\2025-05-07.png,2025-04-09,2025-05-07
NFLX,2025-05-08,D:\full-stack2\data\charts\NFLX\2025-05-08.png,2025-04-10,2025-05-08
NFLX,2025-05-09,D:\full-stack2\data\charts\NFLX\2025-05-09.png,2025-04-11,2025-05-09
NFLX,2025-05-12,D:\full-stack2\data\charts\NFLX\2025-05-12.png,2025-04-14,2025-05-12
NFLX,2025-05-13,D:\full-stack2\data\charts\NFLX\2025-05-13.png,2025-04-15,2025-05-13
NFLX,2025-05-14,D:\full-stack2\data\charts\NFLX\2025-05-14.png,2025-04-16,2025-05-14
NFLX,2025-05-15,D:\full-stack2\data\charts\NFLX\2025-05-15.png,2025-04-17,2025-05-15
NFLX,2025-05-16,D:\full-stack2\data\charts\NFLX\2025-05-16.png,2025-04-21,2025-05-16
NFLX,2025-05-19,D:\full-stack2\data\charts\NFLX\2025-05-19.png,2025-04-22,2025-05-19
NFLX,2025-05-20,D:\full-stack2\data\charts\NFLX\2025-05-20.png,2025-04-23,2025-05-20
NFLX,2025-05-21,D:\full-stack2\data\charts\NFLX\2025-05-21.png,2025-04-24,2025-05-21
NFLX,2025-05-22,D:\full-stack2\data\charts\NFLX\2025-05-22.png,2025-04-25,2025-05-22
NFLX,2025-05-23,D:\full-stack2\data\charts\NFLX\2025-05-23.png,2025-04-28,2025-05-23
NFLX,2025-05-27,D:\full-stack2\data\charts\NFLX\2025-05-27.png,2025-04-29,2025-05-27
NFLX,2025-05-28,D:\full-stack2\data\charts\NFLX\2025-05-28.png,2025-04-30,2025-05-28
NFLX,2025-05-29,D:\full-stack2\data\charts\NFLX\2025-05-29.png,2025-05-01,2025-05-29
NFLX,2025-05-30,D:\full-stack2\data\charts\NFLX\2025-05-30.png,2025-05-02,2025-05-30
NFLX,2025-06-02,D:\full-stack2\data\charts\NFLX\2025-06-02.png,2025-05-05,2025-06-02
NFLX,2025-06-03,D:\full-stack2\data\charts\NFLX\2025-06-03.png,2025-05-06,2025-06-03
NFLX,2025-06-04,D:\full-stack2\data\charts\NFLX\2025-06-04.png,2025-05-07,2025-06-04
NFLX,2025-06-05,D:\full-stack2\data\charts\NFLX\2025-06-05.png,2025-05-08,2025-06-05
NFLX,2025-06-06,D:\full-stack2\data\charts\NFLX\2025-06-06.png,2025-05-09,2025-06-06
NFLX,2025-06-09,D:\full-stack2\data\charts\NFLX\2025-06-09.png,2025-05-12,2025-06-09
NFLX,2025-06-10,D:\full-stack2\data\charts\NFLX\2025-06-10.png,2025-05-13,2025-06-10
NFLX,2025-06-11,D:\full-stack2\data\charts\NFLX\2025-06-11.png,2025-05-14,2025-06-11
NFLX,2025-06-12,D:\full-stack2\data\charts\NFLX\2025-06-12.png,2025-05-15,2025-06-12
NFLX,2025-06-13,D:\full-stack2\data\charts\NFLX\2025-06-13.png,2025-05-16,2025-06-13
NFLX,2025-06-16,D:\full-stack2\data\charts\NFLX\2025-06-16.png,2025-05-19,2025-06-16
NFLX,2025-06-17,D:\full-stack2\data\charts\NFLX\2025-06-17.png,2025-05-20,2025-06-17
NFLX,2025-06-18,D:\full-stack2\data\charts\NFLX\2025-06-18.png,2025-05-21,2025-06-18
NFLX,2025-06-20,D:\full-stack2\data\charts\NFLX\2025-06-20.png,2025-05-22,2025-06-20
NFLX,2025-06-23,D:\full-stack2\data\charts\NFLX\2025-06-23.png,2025-05-23,2025-06-23
NFLX,2025-06-24,D:\full-stack2\data\charts\NFLX\2025-06-24.png,2025-05-27,2025-06-24
NFLX,2025-06-25,D:\full-stack2\data\charts\NFLX\2025-06-25.png,2025-05-28,2025-06-25
NFLX,2025-06-26,D:\full-stack2\data\charts\NFLX\2025-06-26.png,2025-05-29,2025-06-26
NFLX,2025-06-27,D:\full-stack2\data\charts\NFLX\2025-06-27.png,2025-05-30,2025-06-27
NFLX,2025-06-30,D:\full-stack2\data\charts\NFLX\2025-06-30.png,2025-06-02,2025-06-30
NFLX,2025-07-01,D:\full-stack2\data\charts\NFLX\2025-07-01.png,2025-06-03,2025-07-01
NFLX,2025-07-02,D:\full-stack2\data\charts\NFLX\2025-07-02.png,2025-06-04,2025-07-02
NFLX,2025-07-03,D:\full-stack2\data\charts\NFLX\2025-07-03.png,2025-06-05,2025-07-03
NFLX,2025-07-07,D:\full-stack2\data\charts\NFLX\2025-07-07.png,2025-06-06,2025-07-07
NFLX,2025-07-08,D:\full-stack2\data\charts\NFLX\2025-07-08.png,2025-06-09,2025-07-08
NFLX,2025-07-09,D:\full-stack2\data\charts\NFLX\2025-07-09.png,2025-06-10,2025-07-09
NFLX,2025-07-10,D:\full-stack2\data\charts\NFLX\2025-07-10.png,2025-06-11,2025-07-10
NFLX,2025-07-11,D:\full-stack2\data\charts\NFLX\2025-07-11.png,2025-06-12,2025-07-11
NFLX,2025-07-14,D:\full-stack2\data\charts\NFLX\2025-07-14.png,2025-06-13,2025-07-14
NFLX,2025-07-15,D:\full-stack2\data\charts\NFLX\2025-07-15.png,2025-06-16,2025-07-15
NFLX,2025-07-16,D:\full-stack2\data\charts\NFLX\2025-07-16.png,2025-06-17,2025-07-16
NFLX,2025-07-17,D:\full-stack2\data\charts\NFLX\2025-07-17.png,2025-06-18,2025-07-17
NFLX,2025-07-18,D:\full-stack2\data\charts\NFLX\2025-07-18.png,2025-06-20,2025-07-18
NFLX,2025-07-21,D:\full-stack2\data\charts\NFLX\2025-07-21.png,2025-06-23,2025-07-21
NFLX,2025-07-22,D:\full-stack2\data\charts\NFLX\2025-07-22.png,2025-06-24,2025-07-22
NFLX,2025-07-23,D:\full-stack2\data\charts\NFLX\2025-07-23.png,2025-06-25,2025-07-23
NFLX,2025-07-24,D:\full-stack2\data\charts\NFLX\2025-07-24.png,2025-06-26,2025-07-24
NFLX,2025-07-25,D:\full-stack2\data\charts\NFLX\2025-07-25.png,2025-06-27,2025-07-25
NFLX,2025-07-28,D:\full-stack2\data\charts\NFLX\2025-07-28.png,2025-06-30,2025-07-28
NFLX,2025-07-29,D:\full-stack2\data\charts\NFLX\2025-07-29.png,2025-07-01,2025-07-29
NFLX,2025-07-30,D:\full-stack2\data\charts\NFLX\2025-07-30.png,2025-07-02,2025-07-30
NFLX,2025-07-31,D:\full-stack2\data\charts\NFLX\2025-07-31.png,2025-07-03,2025-07-31
NFLX,2025-08-01,D:\full-stack2\data\charts\NFLX\2025-08-01.png,2025-07-07,2025-08-01
NFLX,2025-08-04,D:\full-stack2\data\charts\NFLX\2025-08-04.png,2025-07-08,2025-08-04
NFLX,2025-08-05,D:\full-stack2\data\charts\NFLX\2025-08-05.png,2025-07-09,2025-08-05
NFLX,2025-08-06,D:\full-stack2\data\charts\NFLX\2025-08-06.png,2025-07-10,2025-08-06
NFLX,2025-08-07,D:\full-stack2\data\charts\NFLX\2025-08-07.png,2025-07-11,2025-08-07
NFLX,2025-08-08,D:\full-stack2\data\charts\NFLX\2025-08-08.png,2025-07-14,2025-08-08
NFLX,2025-08-11,D:\full-stack2\data\charts\NFLX\2025-08-11.png,2025-07-15,2025-08-11
NFLX,2025-08-12,D:\full-stack2\data\charts\NFLX\2025-08-12.png,2025-07-16,2025-08-12
NFLX,2025-08-13,D:\full-stack2\data\charts\NFLX\2025-08-13.png,2025-07-17,2025-08-13
NFLX,2025-08-14,D:\full-stack2\data\charts\NFLX\2025-08-14.png,2025-07-18,2025-08-14
NFLX,2025-08-15,D:\full-stack2\data\charts\NFLX\2025-08-15.png,2025-07-21,2025-08-15
NFLX,2025-08-18,D:\full-stack2\data\charts\NFLX\2025-08-18.png,2025-07-22,2025-08-18
NFLX,2025-08-19,D:\full-stack2\data\charts\NFLX\2025-08-19.png,2025-07-23,2025-08-19
NFLX,2025-08-20,D:\full-stack2\data\charts\NFLX\2025-08-20.png,2025-07-24,2025-08-20
NFLX,2025-08-21,D:\full-stack2\data\charts\NFLX\2025-08-21.png,2025-07-25,2025-08-21
NFLX,2025-08-22,D:\full-stack2\data\charts\NFLX\2025-08-22.png,2025-07-28,2025-08-22
NFLX,2025-08-25,D:\full-stack2\data\charts\NFLX\2025-08-25.png,2025-07-29,2025-08-25
NFLX,2025-08-26,D:\full-stack2\data\charts\NFLX\2025-08-26.png,2025-07-30,2025-08-26
NFLX,2025-08-27,D:\full-stack2\data\charts\NFLX\2025-08-27.png,2025-07-31,2025-08-27
NFLX,2025-08-28,D:\full-stack2\data\charts\NFLX\2025-08-28.png,2025-08-01,2025-08-28
NFLX,2025-08-29,D:\full-stack2\data\charts\NFLX\2025-08-29.png,2025-08-04,2025-08-29
NFLX,2025-09-02,D:\full-stack2\data\charts\NFLX\2025-09-02.png,2025-08-05,2025-09-02
NFLX,2025-09-03,D:\full-stack2\data\charts\NFLX\2025-09-03.png,2025-08-06,2025-09-03
NFLX,2025-09-04,D:\full-stack2\data\charts\NFLX\2025-09-04.png,2025-08-07,2025-09-04
NFLX,2025-09-05,D:\full-stack2\data\charts\NFLX\2025-09-05.png,2025-08-08,2025-09-05
NFLX,2025-09-08,D:\full-stack2\data\charts\NFLX\2025-09-08.png,2025-08-11,2025-09-08
NFLX,2025-09-09,D:\full-stack2\data\charts\NFLX\2025-09-09.png,2025-08-12,2025-09-09
NFLX,2025-09-10,D:\full-stack2\data\charts\NFLX\2025-09-10.png,2025-08-13,2025-09-10
NFLX,2025-09-11,D:\full-stack2\data\charts\NFLX\2025-09-11.png,2025-08-14,2025-09-11
NFLX,2025-09-12,D:\full-stack2\data\charts\NFLX\2025-09-12.png,2025-08-15,2025-09-12
NFLX,2025-09-15,D:\full-stack2\data\charts\NFLX\2025-09-15.png,2025-08-18,2025-09-15
NFLX,2025-09-16,D:\full-stack2\data\charts\NFLX\2025-09-16.png,2025-08-19,2025-09-16
NFLX,2025-09-17,D:\full-stack2\data\charts\NFLX\2025-09-17.png,2025-08-20,2025-09-17
NFLX,2025-09-18,D:\full-stack2\data\charts\NFLX\2025-09-18.png,2025-08-21,2025-09-18
NFLX,2025-09-19,D:\full-stack2\data\charts\NFLX\2025-09-19.png,2025-08-22,2025-09-19
NFLX,2025-09-22,D:\full-stack2\data\charts\NFLX\2025-09-22.png,2025-08-25,2025-09-22
NFLX,2025-09-23,D:\full-stack2\data\charts\NFLX\2025-09-23.png,2025-08-26,2025-09-23
NFLX,2025-09-24,D:\full-stack2\data\charts\NFLX\2025-09-24.png,2025-08-27,2025-09-24
NFLX,2025-09-25,D:\full-stack2\data\charts\NFLX\2025-09-25.png,2025-08-28,2025-09-25
NFLX,2025-09-26,D:\full-stack2\data\charts\NFLX\2025-09-26.png,2025-08-29,2025-09-26
NFLX,2025-09-29,D:\full-stack2\data\charts\NFLX\2025-09-29.png,2025-09-02,2025-09-29
NFLX,2025-09-30,D:\full-stack2\data\charts\NFLX\2025-09-30.png,2025-09-03,2025-09-30
NFLX,2025-10-01,D:\full-stack2\data\charts\NFLX\2025-10-01.png,2025-09-04,2025-10-01
NFLX,2025-10-02,D:\full-stack2\data\charts\NFLX\2025-10-02.png,2025-09-05,2025-10-02
NFLX,2025-10-03,D:\full-stack2\data\charts\NFLX\2025-10-03.png,2025-09-08,2025-10-03
NFLX,2025-10-06,D:\full-stack2\data\charts\NFLX\2025-10-06.png,2025-09-09,2025-10-06
NFLX,2025-10-07,D:\full-stack2\data\charts\NFLX\2025-10-07.png,2025-09-10,2025-10-07
NFLX,2025-10-08,D:\full-stack2\data\charts\NFLX\2025-10-08.png,2025-09-11,2025-10-08
NFLX,2025-10-09,D:\full-stack2\data\charts\NFLX\2025-10-09.png,2025-09-12,2025-10-09
NFLX,2025-10-10,D:\full-stack2\data\charts\NFLX\2025-10-10.png,2025-09-15,2025-10-10
NFLX,2025-10-13,D:\full-stack2\data\charts\NFLX\2025-10-13.png,2025-09-16,2025-10-13
NFLX,2025-10-14,D:\full-stack2\data\charts\NFLX\2025-10-14.png,2025-09-17,2025-10-14
NFLX,2025-10-15,D:\full-stack2\data\charts\NFLX\2025-10-15.png,2025-09-18,2025-10-15
NFLX,2025-10-16,D:\full-stack2\data\charts\NFLX\2025-10-16.png,2025-09-19,2025-10-16
NFLX,2025-10-17,D:\full-stack2\data\charts\NFLX\2025-10-17.png,2025-09-22,2025-10-17
NFLX,2025-10-20,D:\full-stack2\data\charts\NFLX\2025-10-20.png,2025-09-23,2025-10-20
NFLX,2025-10-21,D:\full-stack2\data\charts\NFLX\2025-10-21.png,2025-09-24,2025-10-21
NFLX,2025-10-22,D:\full-stack2\data\charts\NFLX\2025-10-22.png,2025-09-25,2025-10-22
NFLX,2025-10-23,D:\full-stack2\data\charts\NFLX\2025-10-23.png,2025-09-26,2025-10-23
NFLX,2025-10-24,D:\full-stack2\data\charts\NFLX\2025-10-24.png,2025-09-29,2025-10-24
NFLX,2025-10-27,D:\full-stack2\data\charts\NFLX\2025-10-27.png,2025-09-30,2025-10-27
NFLX,2025-10-28,D:\full-stack2\data\charts\NFLX\2025-10-28.png,2025-10-01,2025-10-28
NFLX,2025-10-29,D:\full-stack2\data\charts\NFLX\2025-10-29.png,2025-10-02,2025-10-29
NFLX,2025-10-30,D:\full-stack2\data\charts\NFLX\2025-10-30.png,2025-10-03,2025-10-30
NFLX,2025-10-31,D:\full-stack2\data\charts\NFLX\2025-10-31.png,2025-10-06,2025-10-31
NFLX,2025-11-03,D:\full-stack2\data\charts\NFLX\2025-11-03.png,2025-10-07,2025-11-03
NFLX,2025-11-04,D:\full-stack2\data\charts\NFLX\2025-11-04.png,2025-10-08,2025-11-04
NFLX,2025-11-05,D:\full-stack2\data\charts\NFLX\2025-11-05.png,2025-10-09,2025-11-05
NFLX,2025-11-06,D:\full-stack2\data\charts\NFLX\2025-11-06.png,2025-10-10,2025-11-06
NFLX,2025-11-07,D:\full-stack2\data\charts\NFLX\2025-11-07.png,2025-10-13,2025-11-07
NFLX,2025-11-10,D:\full-stack2\data\charts\NFLX\2025-11-10.png,2025-10-14,2025-11-10
NFLX,2025-11-11,D:\full-stack2\data\charts\NFLX\2025-11-11.png,2025-10-15,2025-11-11
NFLX,2025-11-12,D:\full-stack2\data\charts\NFLX\2025-11-12.png,2025-10-16,2025-11-12
NFLX,2025-11-13,D:\full-stack2\data\charts\NFLX\2025-11-13.png,2025-10-17,2025-11-13
NFLX,2025-11-14,D:\full-stack2\data\charts\NFLX\2025-11-14.png,2025-10-20,2025-11-14
NFLX,2025-11-17,D:\full-stack2\data\charts\NFLX\2025-11-17.png,2025-10-21,2025-11-17
NFLX,2025-11-18,D:\full-stack2\data\charts\NFLX\2025-11-18.png,2025-10-22,2025-11-18
NFLX,2025-11-19,D:\full-stack2\data\charts\NFLX\2025-11-19.png,2025-10-23,2025-11-19
NFLX,2025-11-20,D:\full-stack2\data\charts\NFLX\2025-11-20.png,2025-10-24,2025-11-20
NFLX,2025-11-21,D:\full-stack2\data\charts\NFLX\2025-11-21.png,2025-10-27,2025-11-21
NFLX,2025-11-24,D:\full-stack2\data\charts\NFLX\2025-11-24.png,2025-10-28,2025-11-24
NFLX,2025-11-25,D:\full-stack2\data\charts\NFLX\2025-11-25.png,2025-10-29,2025-11-25
NFLX,2025-11-26,D:\full-stack2\data\charts\NFLX\2025-11-26.png,2025-10-30,2025-11-26
NFLX,2025-11-28,D:\full-stack2\data\charts\NFLX\2025-11-28.png,2025-10-31,2025-11-28
NFLX,2025-12-01,D:\full-stack2\data\charts\NFLX\2025-12-01.png,2025-11-03,2025-12-01
NFLX,2025-12-02,D:\full-stack2\data\charts\NFLX\2025-12-02.png,2025-11-04,2025-12-02
NFLX,2025-12-03,D:\full-stack2\data\charts\NFLX\2025-12-03.png,2025-11-05,2025-12-03
NFLX,2025-12-04,D:\full-stack2\data\charts\NFLX\2025-12-04.png,2025-11-06,2025-12-04
NFLX,2025-12-05,D:\full-stack2\data\charts\NFLX\2025-12-05.png,2025-11-07,2025-12-05
NFLX,2025-12-08,D:\full-stack2\data\charts\NFLX\2025-12-08.png,2025-11-10,2025-12-08
NFLX,2025-12-09,D:\full-stack2\data\charts\NFLX\2025-12-09.png,2025-11-11,2025-12-09
NFLX,2025-12-10,D:\full-stack2\data\charts\NFLX\2025-12-10.png,2025-11-12,2025-12-10
NFLX,2025-12-11,D:\full-stack2\data\charts\NFLX\2025-12-11.png,2025-11-13,2025-12-11
NFLX,2025-12-12,D:\full-stack2\data\charts\NFLX\2025-12-12.png,2025-11-14,2025-12-12
NFLX,2025-12-15,D:\full-stack2\data\charts\NFLX\2025-12-15.png,2025-11-17,2025-12-15
NFLX,2025-12-16,D:\full-stack2\data\charts\NFLX\2025-12-16.png,2025-11-18,2025-12-16
NFLX,2025-12-17,D:\full-stack2\data\charts\NFLX\2025-12-17.png,2025-11-19,2025-12-17
NFLX,2025-12-18,D:\full-stack2\data\charts\NFLX\2025-12-18.png,2025-11-20,2025-12-18
NFLX,2025-12-19,D:\full-stack2\data\charts\NFLX\2025-12-19.png,2025-11-21,2025-12-19
NFLX,2025-12-22,D:\full-stack2\data\charts\NFLX\2025-12-22.png,2025-11-24,2025-12-22
NFLX,2025-12-23,D:\full-stack2\data\charts\NFLX\2025-12-23.png,2025-11-25,2025-12-23
NFLX,2025-12-24,D:\full-stack2\data\charts\NFLX\2025-12-24.png,2025-11-26,2025-12-24
NFLX,2025-12-26,D:\full-stack2\data\charts\NFLX\2025-12-26.png,2025-11-28,2025-12-26
NFLX,2025-12-29,D:\full-stack2\data\charts\NFLX\2025-12-29.png,2025-12-01,2025-12-29
